{
  "type": "FeatureCollection",
  "features": [
    {
      "type": "Feature",
      "properties": {
        "group_index": 0,
        "value": 1800.0,
        "center": [
          8.734430857485098,
          41.92148886421387
        ],
        "station_name": "Bureau AJACCIO",
        "station_type": "Bureau",
        "territoire": "Sud Med",
        "duration_minutes": 30,
        "station_lat": 41.9214861,
        "station_lon": 8.7344498,
        "color": "#238b45"
      },
      "geometry": {
        "coordinates": [
          [
            [
              8.607991,
              41.955328
            ],
            [
              8.606912,
              41.953964
            ],
            [
              8.605399,
              41.95152
            ],
            [
              8.605121,
              41.950775
            ],
            [
              8.605124,
              41.949591
            ],
            [
              8.605292,
              41.948886
            ],
            [
              8.607507,
              41.943771
            ],
            [
              8.608259,
              41.943072
            ],
            [
              8.609251,
              41.942721
            ],
            [
              8.610516,
              41.942457
            ],
            [
              8.61228,
              41.941968
            ],
            [
              8.612853,
              41.941797
            ],
            [
              8.620921,
              41.938178
            ],
            [
              8.623241,
              41.929701
            ],
            [
              8.622941,
              41.928364
            ],
            [
              8.622782,
              41.927537
            ],
            [
              8.622071,
              41.925308
            ],
            [
              8.624165,
              41.924213
            ],
            [
              8.625016,
              41.924176
            ],
            [
              8.625509,
              41.924168
            ],
            [
              8.627609,
              41.924133
            ],
            [
              8.628172,
              41.924027
            ],
            [
              8.629092,
              41.924147
            ],
            [
              8.631313,
              41.92399
            ],
            [
              8.631949,
              41.923855
            ],
            [
              8.63311,
              41.924018
            ],
            [
              8.639391,
              41.917875
            ],
            [
              8.635282,
              41.910127
            ],
            [
              8.634302,
              41.909854
            ],
            [
              8.633092,
              41.909686
            ],
            [
              8.631499,
              41.90936
            ],
            [
              8.630311,
              41.908997
            ],
            [
              8.622504,
              41.911024
            ],
            [
              8.622093,
              41.911452
            ],
            [
              8.621589,
              41.911749
            ],
            [
              8.621168,
              41.911886
            ],
            [
              8.620979,
              41.911917
            ],
            [
              8.620171,
              41.91209
            ],
            [
              8.619235,
              41.911916
            ],
            [
              8.618402,
              41.911232
            ],
            [
              8.618074,
              41.91017
            ],
            [
              8.618041,
              41.909956
            ],
            [
              8.617021,
              41.901836
            ],
            [
              8.614028,
              41.901798
            ],
            [
              8.611452,
              41.900268
            ],
            [
              8.611084,
              41.899863
            ],
            [
              8.610912,
              41.899646
            ],
            [
              8.610495,
              41.899049
            ],
            [
              8.611293,
              41.896818
            ],
            [
              8.612795,
              41.896674
            ],
            [
              8.614464,
              41.897434
            ],
            [
              8.615053,
              41.897685
            ],
            [
              8.622467,
              41.900678
            ],
            [
              8.623647,
              41.90071
            ],
            [
              8.624199,
              41.900774
            ],
            [
              8.624582,
              41.900841
            ],
            [
              8.624992,
              41.900951
            ],
            [
              8.625344,
              41.901075
            ],
            [
              8.625754,
              41.901259
            ],
            [
              8.626138,
              41.901475
            ],
            [
              8.626755,
              41.901973
            ],
            [
              8.634573,
              41.906223
            ],
            [
              8.635115,
              41.906347
            ],
            [
              8.636244,
              41.906658
            ],
            [
              8.636635,
              41.906781
            ],
            [
              8.641049,
              41.908208
            ],
            [
              8.649021,
              41.907781
            ],
            [
              8.649526,
              41.907644
            ],
            [
              8.649976,
              41.907569
            ],
            [
              8.656668,
              41.906448
            ],
            [
              8.66058,
              41.906216
            ],
            [
              8.666462,
              41.905585
            ],
            [
              8.674635,
              41.90427
            ],
            [
              8.675172,
              41.904321
            ],
            [
              8.675703,
              41.904395
            ],
            [
              8.67651,
              41.904552
            ],
            [
              8.67686,
              41.904641
            ],
            [
              8.677203,
              41.904755
            ],
            [
              8.685443,
              41.906279
            ],
            [
              8.685852,
              41.906313
            ],
            [
              8.686277,
              41.90641
            ],
            [
              8.686717,
              41.906588
            ],
            [
              8.690162,
              41.907694
            ],
            [
              8.694347,
              41.909158
            ],
            [
              8.695131,
              41.909266
            ],
            [
              8.698367,
              41.909167
            ],
            [
              8.704439,
              41.906152
            ],
            [
              8.705178,
              41.906077
            ],
            [
              8.70595,
              41.906046
            ],
            [
              8.706522,
              41.906059
            ],
            [
              8.707084,
              41.90613
            ],
            [
              8.707457,
              41.90621
            ],
            [
              8.715592,
              41.908837
            ],
            [
              8.720333,
              41.907567
            ],
            [
              8.720914,
              41.907811
            ],
            [
              8.721337,
              41.908058
            ],
            [
              8.722379,
              41.908828
            ],
            [
              8.722631,
              41.909034
            ],
            [
              8.72851,
              41.9125
            ],
            [
              8.729625,
              41.913132
            ],
            [
              8.737104,
              41.91684
            ],
            [
              8.738553,
              41.916243
            ],
            [
              8.739114,
              41.916527
            ],
            [
              8.74684,
              41.916543
            ],
            [
              8.748403,
              41.912609
            ],
            [
              8.749045,
              41.904693
            ],
            [
              8.747237,
              41.901198
            ],
            [
              8.74543,
              41.897704
            ],
            [
              8.743622,
              41.89421
            ],
            [
              8.741815,
              41.890716
            ],
            [
              8.740004,
              41.887216
            ],
            [
              8.734675,
              41.882027
            ],
            [
              8.730774,
              41.879898
            ],
            [
              8.726873,
              41.877768
            ],
            [
              8.722972,
              41.875638
            ],
            [
              8.719071,
              41.873509
            ],
            [
              8.71517,
              41.871379
            ],
            [
              8.711269,
              41.869249
            ],
            [
              8.707368,
              41.86712
            ],
            [
              8.703467,
              41.86499
            ],
            [
              8.699566,
              41.86286
            ],
            [
              8.695665,
              41.860731
            ],
            [
              8.691764,
              41.858601
            ],
            [
              8.687863,
              41.856471
            ],
            [
              8.683962,
              41.854342
            ],
            [
              8.680061,
              41.852212
            ],
            [
              8.67616,
              41.850082
            ],
            [
              8.672259,
              41.847953
            ],
            [
              8.668358,
              41.845823
            ],
            [
              8.664465,
              41.843697
            ],
            [
              8.660571,
              41.841572
            ],
            [
              8.662296,
              41.838412
            ],
            [
              8.662803,
              41.838418
            ],
            [
              8.666677,
              41.840533
            ],
            [
              8.670552,
              41.842647
            ],
            [
              8.674436,
              41.844767
            ],
            [
              8.67832,
              41.846887
            ],
            [
              8.683391,
              41.849075
            ],
            [
              8.687203,
              41.851157
            ],
            [
              8.691015,
              41.853238
            ],
            [
              8.694837,
              41.855325
            ],
            [
              8.698659,
              41.857411
            ],
            [
              8.702481,
              41.859498
            ],
            [
              8.710191,
              41.863121
            ],
            [
              8.714074,
              41.865241
            ],
            [
              8.717958,
              41.86736
            ],
            [
              8.721841,
              41.869479
            ],
            [
              8.725725,
              41.871599
            ],
            [
              8.729608,
              41.873718
            ],
            [
              8.733492,
              41.875837
            ],
            [
              8.737375,
              41.877957
            ],
            [
              8.741259,
              41.880076
            ],
            [
              8.742084,
              41.880713
            ],
            [
              8.742721,
              41.881468
            ],
            [
              8.74447,
              41.884758
            ],
            [
              8.746053,
              41.887788
            ],
            [
              8.747637,
              41.890818
            ],
            [
              8.74922,
              41.893849
            ],
            [
              8.750803,
              41.896879
            ],
            [
              8.752387,
              41.899909
            ],
            [
              8.75397,
              41.90294
            ],
            [
              8.755554,
              41.90597
            ],
            [
              8.755857,
              41.906922
            ],
            [
              8.756355,
              41.908716
            ],
            [
              8.755036,
              41.912006
            ],
            [
              8.753718,
              41.915295
            ],
            [
              8.752397,
              41.918588
            ],
            [
              8.751077,
              41.921881
            ],
            [
              8.757624,
              41.927967
            ],
            [
              8.75997,
              41.926081
            ],
            [
              8.760112,
              41.925923
            ],
            [
              8.762533,
              41.92513
            ],
            [
              8.764963,
              41.923795
            ],
            [
              8.765867,
              41.924373
            ],
            [
              8.76666,
              41.924862
            ],
            [
              8.775096,
              41.925829
            ],
            [
              8.782235,
              41.922848
            ],
            [
              8.784541,
              41.921049
            ],
            [
              8.786834,
              41.918947
            ],
            [
              8.790315,
              41.914067
            ],
            [
              8.790624,
              41.913525
            ],
            [
              8.791762,
              41.912141
            ],
            [
              8.792797,
              41.910786
            ],
            [
              8.793435,
              41.909887
            ],
            [
              8.793995,
              41.909252
            ],
            [
              8.794318,
              41.909009
            ],
            [
              8.794832,
              41.908741
            ],
            [
              8.797327,
              41.907964
            ],
            [
              8.798066,
              41.908082
            ],
            [
              8.804649,
              41.902207
            ],
            [
              8.805,
              41.898779
            ],
            [
              8.804659,
              41.893247
            ],
            [
              8.799995,
              41.890642
            ],
            [
              8.799552,
              41.890616
            ],
            [
              8.79873,
              41.890465
            ],
            [
              8.798194,
              41.890268
            ],
            [
              8.797655,
              41.889935
            ],
            [
              8.795412,
              41.887897
            ],
            [
              8.79412,
              41.886836
            ],
            [
              8.787809,
              41.88355
            ],
            [
              8.784572,
              41.885241
            ],
            [
              8.784126,
              41.885353
            ],
            [
              8.783467,
              41.885466
            ],
            [
              8.782924,
              41.885494
            ],
            [
              8.781496,
              41.885424
            ],
            [
              8.780868,
              41.883556
            ],
            [
              8.781459,
              41.875623
            ],
            [
              8.781236,
              41.874342
            ],
            [
              8.78142,
              41.873685
            ],
            [
              8.781825,
              41.873041
            ],
            [
              8.782382,
              41.872559
            ],
            [
              8.785438,
              41.869117
            ],
            [
              8.789533,
              41.861469
            ],
            [
              8.789579,
              41.858824
            ],
            [
              8.789276,
              41.854546
            ],
            [
              8.786009,
              41.849186
            ],
            [
              8.782786,
              41.848113
            ],
            [
              8.778833,
              41.848442
            ],
            [
              8.778089,
              41.848503
            ],
            [
              8.777207,
              41.848373
            ],
            [
              8.77677,
              41.8482
            ],
            [
              8.774717,
              41.847261
            ],
            [
              8.774208,
              41.846923
            ],
            [
              8.773791,
              41.846484
            ],
            [
              8.773495,
              41.846056
            ],
            [
              8.77551,
              41.844203
            ],
            [
              8.776598,
              41.84363
            ],
            [
              8.776866,
              41.843593
            ],
            [
              8.781129,
              41.843239
            ],
            [
              8.785309,
              41.843469
            ],
            [
              8.790323,
              41.84509
            ],
            [
              8.79683,
              41.847828
            ],
            [
              8.798311,
              41.848473
            ],
            [
              8.799177,
              41.84883
            ],
            [
              8.807323,
              41.850837
            ],
            [
              8.80802,
              41.850875
            ],
            [
              8.810298,
              41.854291
            ],
            [
              8.810297,
              41.859137
            ],
            [
              8.812476,
              41.865744
            ],
            [
              8.81529,
              41.867214
            ],
            [
              8.816922,
              41.868274
            ],
            [
              8.81806,
              41.869465
            ],
            [
              8.818215,
              41.870282
            ],
            [
              8.827146,
              41.870493
            ],
            [
              8.827201,
              41.870496
            ],
            [
              8.834751,
              41.869579
            ],
            [
              8.835633,
              41.869332
            ],
            [
              8.836523,
              41.86938
            ],
            [
              8.83704,
              41.869504
            ],
            [
              8.837784,
              41.86966
            ],
            [
              8.837977,
              41.869692
            ],
            [
              8.839966,
              41.869879
            ],
            [
              8.843004,
              41.87046
            ],
            [
              8.844351,
              41.870423
            ],
            [
              8.851773,
              41.86848
            ],
            [
              8.853266,
              41.867
            ],
            [
              8.853762,
              41.866505
            ],
            [
              8.85707,
              41.861555
            ],
            [
              8.853014,
              41.855828
            ],
            [
              8.850638,
              41.855398
            ],
            [
              8.850118,
              41.855361
            ],
            [
              8.849708,
              41.855245
            ],
            [
              8.847159,
              41.855032
            ],
            [
              8.84563,
              41.851774
            ],
            [
              8.846798,
              41.851025
            ],
            [
              8.847358,
              41.850764
            ],
            [
              8.84786,
              41.850675
            ],
            [
              8.853394,
              41.843712
            ],
            [
              8.851558,
              41.839532
            ],
            [
              8.851237,
              41.838916
            ],
            [
              8.851009,
              41.838445
            ],
            [
              8.849419,
              41.835594
            ],
            [
              8.849022,
              41.834554
            ],
            [
              8.848838,
              41.833265
            ],
            [
              8.848859,
              41.832813
            ],
            [
              8.848903,
              41.832549
            ],
            [
              8.852304,
              41.832476
            ],
            [
              8.852651,
              41.833215
            ],
            [
              8.861126,
              41.83548
            ],
            [
              8.86168,
              41.835095
            ],
            [
              8.863531,
              41.833796
            ],
            [
              8.864401,
              41.833345
            ],
            [
              8.865358,
              41.833067
            ],
            [
              8.86591,
              41.833047
            ],
            [
              8.866324,
              41.833106
            ],
            [
              8.867248,
              41.833571
            ],
            [
              8.86759,
              41.833938
            ],
            [
              8.86783,
              41.834333
            ],
            [
              8.868063,
              41.835208
            ],
            [
              8.865864,
              41.836801
            ],
            [
              8.862162,
              41.842915
            ],
            [
              8.862237,
              41.847128
            ],
            [
              8.865264,
              41.852325
            ],
            [
              8.867059,
              41.855446
            ],
            [
              8.867041,
              41.855493
            ],
            [
              8.864294,
              41.857835
            ],
            [
              8.86098,
              41.865107
            ],
            [
              8.860327,
              41.867707
            ],
            [
              8.859872,
              41.868686
            ],
            [
              8.85942,
              41.869078
            ],
            [
              8.858517,
              41.869397
            ],
            [
              8.856116,
              41.87091
            ],
            [
              8.853639,
              41.872717
            ],
            [
              8.852023,
              41.878355
            ],
            [
              8.852269,
              41.879377
            ],
            [
              8.853667,
              41.882582
            ],
            [
              8.854316,
              41.883335
            ],
            [
              8.861617,
              41.884661
            ],
            [
              8.865292,
              41.879947
            ],
            [
              8.865491,
              41.87886
            ],
            [
              8.867288,
              41.878285
            ],
            [
              8.870571,
              41.877957
            ],
            [
              8.870746,
              41.878015
            ],
            [
              8.870913,
              41.878087
            ],
            [
              8.874285,
              41.88008
            ],
            [
              8.874298,
              41.880455
            ],
            [
              8.874103,
              41.881383
            ],
            [
              8.872506,
              41.884294
            ],
            [
              8.872174,
              41.885057
            ],
            [
              8.871716,
              41.885652
            ],
            [
              8.87074,
              41.886493
            ],
            [
              8.868255,
              41.888639
            ],
            [
              8.867496,
              41.889207
            ],
            [
              8.866255,
              41.897833
            ],
            [
              8.871016,
              41.901747
            ],
            [
              8.874711,
              41.909435
            ],
            [
              8.877958,
              41.910124
            ],
            [
              8.880385,
              41.910859
            ],
            [
              8.883317,
              41.91128
            ],
            [
              8.884595,
              41.911721
            ],
            [
              8.885195,
              41.912078
            ],
            [
              8.886708,
              41.914127
            ],
            [
              8.892629,
              41.916951
            ],
            [
              8.896289,
              41.915885
            ],
            [
              8.897188,
              41.915375
            ],
            [
              8.897779,
              41.915269
            ],
            [
              8.898342,
              41.915298
            ],
            [
              8.905847,
              41.911186
            ],
            [
              8.905973,
              41.91101
            ],
            [
              8.906794,
              41.91037
            ],
            [
              8.907573,
              41.910207
            ],
            [
              8.907751,
              41.91022
            ],
            [
              8.908715,
              41.91035
            ],
            [
              8.909438,
              41.910608
            ],
            [
              8.910099,
              41.91093
            ],
            [
              8.918853,
              41.911579
            ],
            [
              8.923574,
              41.910379
            ],
            [
              8.927198,
              41.907913
            ],
            [
              8.932016,
              41.901279
            ],
            [
              8.935144,
              41.899495
            ],
            [
              8.935933,
              41.900881
            ],
            [
              8.936191,
              41.901607
            ],
            [
              8.936277,
              41.902595
            ],
            [
              8.937488,
              41.910648
            ],
            [
              8.943815,
              41.916672
            ],
            [
              8.944833,
              41.916484
            ],
            [
              8.945308,
              41.916535
            ],
            [
              8.952117,
              41.918956
            ],
            [
              8.95266,
              41.919064
            ],
            [
              8.953118,
              41.919234
            ],
            [
              8.958244,
              41.920849
            ],
            [
              8.958837,
              41.921101
            ],
            [
              8.959665,
              41.92187
            ],
            [
              8.960238,
              41.922643
            ],
            [
              8.958685,
              41.925891
            ],
            [
              8.958201,
              41.92566
            ],
            [
              8.955002,
              41.924473
            ],
            [
              8.953604,
              41.923987
            ],
            [
              8.949414,
              41.923247
            ],
            [
              8.942224,
              41.922844
            ],
            [
              8.941713,
              41.922893
            ],
            [
              8.940983,
              41.922894
            ],
            [
              8.940179,
              41.922843
            ],
            [
              8.939007,
              41.9227
            ],
            [
              8.936445,
              41.922364
            ],
            [
              8.935934,
              41.922301
            ],
            [
              8.935482,
              41.922176
            ],
            [
              8.934118,
              41.921907
            ],
            [
              8.932808,
              41.921795
            ],
            [
              8.932324,
              41.921711
            ],
            [
              8.928876,
              41.921373
            ],
            [
              8.928505,
              41.921366
            ],
            [
              8.926117,
              41.921118
            ],
            [
              8.923887,
              41.92088
            ],
            [
              8.916895,
              41.925657
            ],
            [
              8.916053,
              41.932682
            ],
            [
              8.918301,
              41.935056
            ],
            [
              8.918914,
              41.93577
            ],
            [
              8.922079,
              41.940863
            ],
            [
              8.929075,
              41.944575
            ],
            [
              8.93367,
              41.945374
            ],
            [
              8.934141,
              41.948418
            ],
            [
              8.935123,
              41.952978
            ],
            [
              8.93524,
              41.953477
            ],
            [
              8.935298,
              41.953756
            ],
            [
              8.935078,
              41.956135
            ],
            [
              8.932833,
              41.958007
            ],
            [
              8.932514,
              41.957981
            ],
            [
              8.931162,
              41.957747
            ],
            [
              8.930337,
              41.957538
            ],
            [
              8.927935,
              41.952414
            ],
            [
              8.923673,
              41.948948
            ],
            [
              8.915376,
              41.948892
            ],
            [
              8.914192,
              41.949862
            ],
            [
              8.912921,
              41.951504
            ],
            [
              8.912454,
              41.951879
            ],
            [
              8.911716,
              41.952157
            ],
            [
              8.911013,
              41.952179
            ],
            [
              8.908434,
              41.951785
            ],
            [
              8.908461,
              41.948185
            ],
            [
              8.900179,
              41.944697
            ],
            [
              8.896874,
              41.948557
            ],
            [
              8.896629,
              41.949307
            ],
            [
              8.896481,
              41.949505
            ],
            [
              8.895023,
              41.95084
            ],
            [
              8.894313,
              41.950849
            ],
            [
              8.890715,
              41.9498
            ],
            [
              8.889537,
              41.94894
            ],
            [
              8.888636,
              41.94728
            ],
            [
              8.890392,
              41.944333
            ],
            [
              8.894447,
              41.941733
            ],
            [
              8.891712,
              41.934135
            ],
            [
              8.88836,
              41.933168
            ],
            [
              8.886169,
              41.933515
            ],
            [
              8.88556,
              41.933549
            ],
            [
              8.884505,
              41.933494
            ],
            [
              8.884075,
              41.933488
            ],
            [
              8.88336,
              41.93352
            ],
            [
              8.88281,
              41.9335
            ],
            [
              8.882171,
              41.93341
            ],
            [
              8.877621,
              41.933777
            ],
            [
              8.876171,
              41.934285
            ],
            [
              8.875425,
              41.934592
            ],
            [
              8.873951,
              41.934886
            ],
            [
              8.873048,
              41.934976
            ],
            [
              8.872326,
              41.934983
            ],
            [
              8.871769,
              41.934926
            ],
            [
              8.871219,
              41.934797
            ],
            [
              8.870665,
              41.934594
            ],
            [
              8.870193,
              41.934349
            ],
            [
              8.869864,
              41.934127
            ],
            [
              8.869408,
              41.933671
            ],
            [
              8.860646,
              41.933126
            ],
            [
              8.860408,
              41.933407
            ],
            [
              8.856391,
              41.934632
            ],
            [
              8.853913,
              41.932568
            ],
            [
              8.847031,
              41.937124
            ],
            [
              8.849656,
              41.943091
            ],
            [
              8.850976,
              41.943904
            ],
            [
              8.85233,
              41.94457
            ],
            [
              8.853907,
              41.945651
            ],
            [
              8.854402,
              41.949217
            ],
            [
              8.855575,
              41.954087
            ],
            [
              8.856408,
              41.955895
            ],
            [
              8.858898,
              41.962475
            ],
            [
              8.863349,
              41.968046
            ],
            [
              8.864019,
              41.969631
            ],
            [
              8.866095,
              41.975292
            ],
            [
              8.870147,
              41.976535
            ],
            [
              8.873682,
              41.977215
            ],
            [
              8.874359,
              41.977371
            ],
            [
              8.874846,
              41.977643
            ],
            [
              8.875442,
              41.978333
            ],
            [
              8.882403,
              41.983102
            ],
            [
              8.88591,
              41.982821
            ],
            [
              8.887668,
              41.982183
            ],
            [
              8.889148,
              41.981446
            ],
            [
              8.893383,
              41.977306
            ],
            [
              8.893722,
              41.976832
            ],
            [
              8.893846,
              41.976706
            ],
            [
              8.895248,
              41.976541
            ],
            [
              8.896098,
              41.976756
            ],
            [
              8.89674,
              41.977297
            ],
            [
              8.89732,
              41.977794
            ],
            [
              8.900644,
              41.982628
            ],
            [
              8.901334,
              41.983315
            ],
            [
              8.900235,
              41.985379
            ],
            [
              8.899725,
              41.986136
            ],
            [
              8.898263,
              41.987636
            ],
            [
              8.897785,
              41.987338
            ],
            [
              8.897406,
              41.987028
            ],
            [
              8.888707,
              41.985931
            ],
            [
              8.888111,
              41.986226
            ],
            [
              8.88605,
              41.987084
            ],
            [
              8.886036,
              41.99574
            ],
            [
              8.89382,
              41.998357
            ],
            [
              8.89449,
              41.998117
            ],
            [
              8.895076,
              41.998007
            ],
            [
              8.8956,
              41.998
            ],
            [
              8.896258,
              41.998073
            ],
            [
              8.896542,
              41.998127
            ],
            [
              8.897151,
              41.998226
            ],
            [
              8.897726,
              41.998434
            ],
            [
              8.89848,
              41.998967
            ],
            [
              8.899029,
              41.999992
            ],
            [
              8.90157,
              42.004015
            ],
            [
              8.899548,
              42.006859
            ],
            [
              8.898973,
              42.013934
            ],
            [
              8.900336,
              42.015983
            ],
            [
              8.903709,
              42.018115
            ],
            [
              8.909602,
              42.018744
            ],
            [
              8.909724,
              42.01876
            ],
            [
              8.911466,
              42.019714
            ],
            [
              8.911743,
              42.019887
            ],
            [
              8.917907,
              42.024788
            ],
            [
              8.918233,
              42.025105
            ],
            [
              8.918577,
              42.025669
            ],
            [
              8.918721,
              42.026164
            ],
            [
              8.918738,
              42.026756
            ],
            [
              8.918643,
              42.027197
            ],
            [
              8.918309,
              42.02821
            ],
            [
              8.9179,
              42.028784
            ],
            [
              8.916497,
              42.031269
            ],
            [
              8.918643,
              42.037904
            ],
            [
              8.920009,
              42.039562
            ],
            [
              8.921926,
              42.041708
            ],
            [
              8.921962,
              42.042015
            ],
            [
              8.921398,
              42.0442
            ],
            [
              8.919736,
              42.044566
            ],
            [
              8.919213,
              42.044248
            ],
            [
              8.914841,
              42.041732
            ],
            [
              8.913743,
              42.040584
            ],
            [
              8.913542,
              42.040234
            ],
            [
              8.906214,
              42.035281
            ],
            [
              8.905902,
              42.035453
            ],
            [
              8.902852,
              42.036455
            ],
            [
              8.900547,
              42.033776
            ],
            [
              8.895879,
              42.029965
            ],
            [
              8.894898,
              42.029299
            ],
            [
              8.894596,
              42.028869
            ],
            [
              8.891759,
              42.021978
            ],
            [
              8.889271,
              42.019593
            ],
            [
              8.881429,
              42.016152
            ],
            [
              8.874868,
              42.015914
            ],
            [
              8.873566,
              42.015627
            ],
            [
              8.87196,
              42.01505
            ],
            [
              8.870606,
              42.014451
            ],
            [
              8.869768,
              42.014009
            ],
            [
              8.861358,
              42.015524
            ],
            [
              8.858161,
              42.018719
            ],
            [
              8.855616,
              42.025133
            ],
            [
              8.852554,
              42.026519
            ],
            [
              8.848645,
              42.025279
            ],
            [
              8.844219,
              42.032619
            ],
            [
              8.843851,
              42.033184
            ],
            [
              8.842296,
              42.03487
            ],
            [
              8.833902,
              42.036806
            ],
            [
              8.833278,
              42.03708
            ],
            [
              8.832205,
              42.037455
            ],
            [
              8.830051,
              42.034571
            ],
            [
              8.823782,
              42.031238
            ],
            [
              8.823089,
              42.031074
            ],
            [
              8.820166,
              42.028346
            ],
            [
              8.82043,
              42.026342
            ],
            [
              8.820562,
              42.022361
            ],
            [
              8.816178,
              42.015184
            ],
            [
              8.81609,
              42.011585
            ],
            [
              8.811366,
              42.004752
            ],
            [
              8.810725,
              42.004099
            ],
            [
              8.807983,
              42.001279
            ],
            [
              8.808523,
              41.999993
            ],
            [
              8.809411,
              41.99949
            ],
            [
              8.810838,
              41.99889
            ],
            [
              8.811699,
              41.990663
            ],
            [
              8.810418,
              41.989846
            ],
            [
              8.802966,
              41.990881
            ],
            [
              8.802396,
              41.991059
            ],
            [
              8.797439,
              41.996907
            ],
            [
              8.792812,
              41.998271
            ],
            [
              8.78947,
              41.999494
            ],
            [
              8.78939,
              41.999509
            ],
            [
              8.781008,
              42.002668
            ],
            [
              8.779631,
              42.003172
            ],
            [
              8.773231,
              42.002812
            ],
            [
              8.773164,
              42.002847
            ],
            [
              8.769583,
              42.009236
            ],
            [
              8.770855,
              42.011849
            ],
            [
              8.770857,
              42.014132
            ],
            [
              8.770787,
              42.014193
            ],
            [
              8.77059,
              42.014368
            ],
            [
              8.770183,
              42.014487
            ],
            [
              8.768614,
              42.01489
            ],
            [
              8.766851,
              42.015058
            ],
            [
              8.766201,
              42.023997
            ],
            [
              8.767194,
              42.024192
            ],
            [
              8.767479,
              42.024222
            ],
            [
              8.770191,
              42.025789
            ],
            [
              8.771393,
              42.026828
            ],
            [
              8.773135,
              42.028826
            ],
            [
              8.773542,
              42.029255
            ],
            [
              8.773729,
              42.029529
            ],
            [
              8.770973,
              42.031704
            ],
            [
              8.765433,
              42.034504
            ],
            [
              8.760137,
              42.039664
            ],
            [
              8.759102,
              42.040349
            ],
            [
              8.75861,
              42.040418
            ],
            [
              8.751577,
              42.0387
            ],
            [
              8.749999,
              42.037385
            ],
            [
              8.74967,
              42.036736
            ],
            [
              8.74142,
              42.033955
            ],
            [
              8.737439,
              42.030611
            ],
            [
              8.733243,
              42.026166
            ],
            [
              8.729259,
              42.024237
            ],
            [
              8.727226,
              42.023202
            ],
            [
              8.71961,
              42.022247
            ],
            [
              8.717998,
              42.022476
            ],
            [
              8.716703,
              42.022636
            ],
            [
              8.713317,
              42.023105
            ],
            [
              8.707811,
              42.023587
            ],
            [
              8.707117,
              42.02363
            ],
            [
              8.706822,
              42.023584
            ],
            [
              8.706096,
              42.023389
            ],
            [
              8.705537,
              42.023057
            ],
            [
              8.70288,
              42.020152
            ],
            [
              8.705426,
              42.017607
            ],
            [
              8.70192,
              42.010011
            ],
            [
              8.699531,
              42.009014
            ],
            [
              8.697959,
              42.007816
            ],
            [
              8.697538,
              42.007386
            ],
            [
              8.694497,
              42.004701
            ],
            [
              8.690945,
              42.001693
            ],
            [
              8.683755,
              41.997842
            ],
            [
              8.682835,
              41.997733
            ],
            [
              8.682126,
              41.997627
            ],
            [
              8.674882,
              41.997925
            ],
            [
              8.66881,
              42.000048
            ],
            [
              8.66804,
              41.999667
            ],
            [
              8.667211,
              41.999053
            ],
            [
              8.665564,
              41.997753
            ],
            [
              8.66476,
              41.996743
            ],
            [
              8.664607,
              41.996049
            ],
            [
              8.664578,
              41.995588
            ],
            [
              8.664624,
              41.995111
            ],
            [
              8.669373,
              41.987928
            ],
            [
              8.666567,
              41.981974
            ],
            [
              8.665451,
              41.980893
            ],
            [
              8.66151,
              41.977466
            ],
            [
              8.65737,
              41.975043
            ],
            [
              8.652459,
              41.973253
            ],
            [
              8.651831,
              41.97294
            ],
            [
              8.651347,
              41.972663
            ],
            [
              8.650635,
              41.972198
            ],
            [
              8.644282,
              41.968971
            ],
            [
              8.644007,
              41.968865
            ],
            [
              8.642287,
              41.966623
            ],
            [
              8.644439,
              41.965291
            ],
            [
              8.647833,
              41.965848
            ],
            [
              8.649228,
              41.966391
            ],
            [
              8.650219,
              41.96686
            ],
            [
              8.658927,
              41.965023
            ],
            [
              8.65931,
              41.964228
            ],
            [
              8.662542,
              41.959625
            ],
            [
              8.663804,
              41.958909
            ],
            [
              8.66719,
              41.956961
            ],
            [
              8.667808,
              41.956709
            ],
            [
              8.670885,
              41.955322
            ],
            [
              8.671695,
              41.954879
            ],
            [
              8.672281,
              41.9548
            ],
            [
              8.673796,
              41.955475
            ],
            [
              8.674592,
              41.956146
            ],
            [
              8.67493,
              41.956511
            ],
            [
              8.682153,
              41.95961
            ],
            [
              8.685363,
              41.957964
            ],
            [
              8.689209,
              41.952825
            ],
            [
              8.689624,
              41.951085
            ],
            [
              8.689629,
              41.943756
            ],
            [
              8.684035,
              41.938589
            ],
            [
              8.683079,
              41.938007
            ],
            [
              8.678834,
              41.935577
            ],
            [
              8.672154,
              41.934839
            ],
            [
              8.671604,
              41.934959
            ],
            [
              8.670784,
              41.93491
            ],
            [
              8.668035,
              41.934886
            ],
            [
              8.667353,
              41.934841
            ],
            [
              8.666805,
              41.934647
            ],
            [
              8.664993,
              41.934008
            ],
            [
              8.660408,
              41.932924
            ],
            [
              8.660022,
              41.932869
            ],
            [
              8.654549,
              41.932395
            ],
            [
              8.654058,
              41.932429
            ],
            [
              8.652591,
              41.932385
            ],
            [
              8.64842,
              41.93257
            ],
            [
              8.64801,
              41.932622
            ],
            [
              8.644659,
              41.933002
            ],
            [
              8.639369,
              41.936685
            ],
            [
              8.636606,
              41.938644
            ],
            [
              8.633407,
              41.944466
            ],
            [
              8.632753,
              41.945117
            ],
            [
              8.632366,
              41.945313
            ],
            [
              8.629049,
              41.947273
            ],
            [
              8.623001,
              41.94925
            ],
            [
              8.620449,
              41.948495
            ],
            [
              8.61601,
              41.956216
            ],
            [
              8.616676,
              41.956859
            ],
            [
              8.616939,
              41.957267
            ],
            [
              8.613914,
              41.959219
            ],
            [
              8.612014,
              41.958432
            ],
            [
              8.609296,
              41.956756
            ],
            [
              8.607991,
              41.955328
            ]
          ]
        ],
        "type": "Polygon"
      }
    },
    {
      "type": "Feature",
      "properties": {
        "group_index": 0,
        "value": 1800.0,
        "center": [
          4.858355405740117,
          45.75935258786905
        ],
        "station_name": "Bureau LYON",
        "station_type": "Bureau",
        "territoire": "Est du Sud",
        "duration_minutes": 30,
        "station_lat": 45.7593019,
        "station_lon": 4.857728199999999,
        "color": "#238b45"
      },
      "geometry": {
        "coordinates": [
          [
            [
              4.71575,
              45.956582
            ],
            [
              4.715345,
              45.955696
            ],
            [
              4.714962,
              45.954663
            ],
            [
              4.714699,
              45.953711
            ],
            [
              4.714505,
              45.952673
            ],
            [
              4.714412,
              45.951816
            ],
            [
              4.714379,
              45.951003
            ],
            [
              4.714445,
              45.949793
            ],
            [
              4.714528,
              45.949114
            ],
            [
              4.714723,
              45.948144
            ],
            [
              4.71495,
              45.947338
            ],
            [
              4.715099,
              45.946901
            ],
            [
              4.715544,
              45.945816
            ],
            [
              4.716003,
              45.944912
            ],
            [
              4.716497,
              45.944094
            ],
            [
              4.717188,
              45.943123
            ],
            [
              4.717816,
              45.942367
            ],
            [
              4.718541,
              45.941604
            ],
            [
              4.71933,
              45.940836
            ],
            [
              4.719786,
              45.940429
            ],
            [
              4.721004,
              45.939434
            ],
            [
              4.722314,
              45.938329
            ],
            [
              4.72482,
              45.93616
            ],
            [
              4.724931,
              45.927778
            ],
            [
              4.724499,
              45.927063
            ],
            [
              4.724242,
              45.926567
            ],
            [
              4.723924,
              45.925804
            ],
            [
              4.723672,
              45.924991
            ],
            [
              4.723509,
              45.924189
            ],
            [
              4.723434,
              45.9235
            ],
            [
              4.723426,
              45.922687
            ],
            [
              4.72349,
              45.921912
            ],
            [
              4.723617,
              45.92119
            ],
            [
              4.724337,
              45.917701
            ],
            [
              4.725051,
              45.914245
            ],
            [
              4.725765,
              45.910789
            ],
            [
              4.726478,
              45.907332
            ],
            [
              4.727053,
              45.904514
            ],
            [
              4.727539,
              45.902599
            ],
            [
              4.727931,
              45.901281
            ],
            [
              4.728413,
              45.899869
            ],
            [
              4.729043,
              45.898282
            ],
            [
              4.729387,
              45.897478
            ],
            [
              4.72975,
              45.8967
            ],
            [
              4.73061,
              45.894943
            ],
            [
              4.731457,
              45.893214
            ],
            [
              4.73265,
              45.89078
            ],
            [
              4.732696,
              45.890679
            ],
            [
              4.734402,
              45.887198
            ],
            [
              4.736107,
              45.883719
            ],
            [
              4.736888,
              45.881859
            ],
            [
              4.737218,
              45.880933
            ],
            [
              4.73763,
              45.879571
            ],
            [
              4.738225,
              45.876702
            ],
            [
              4.738321,
              45.875923
            ],
            [
              4.738429,
              45.874767
            ],
            [
              4.738629,
              45.872513
            ],
            [
              4.73883,
              45.870251
            ],
            [
              4.739031,
              45.867988
            ],
            [
              4.737017,
              45.859671
            ],
            [
              4.730573,
              45.854497
            ],
            [
              4.730517,
              45.854417
            ],
            [
              4.729739,
              45.851643
            ],
            [
              4.728225,
              45.849472
            ],
            [
              4.720066,
              45.850676
            ],
            [
              4.719698,
              45.851257
            ],
            [
              4.719459,
              45.851531
            ],
            [
              4.716293,
              45.849817
            ],
            [
              4.716986,
              45.847589
            ],
            [
              4.717094,
              45.847171
            ],
            [
              4.717388,
              45.846511
            ],
            [
              4.717708,
              45.84601
            ],
            [
              4.71809,
              45.845575
            ],
            [
              4.71235,
              45.838691
            ],
            [
              4.712055,
              45.838838
            ],
            [
              4.710334,
              45.838356
            ],
            [
              4.7101,
              45.838192
            ],
            [
              4.709928,
              45.837668
            ],
            [
              4.710447,
              45.835618
            ],
            [
              4.708425,
              45.830555
            ],
            [
              4.70112,
              45.835666
            ],
            [
              4.697889,
              45.838568
            ],
            [
              4.697252,
              45.839424
            ],
            [
              4.696776,
              45.839761
            ],
            [
              4.696528,
              45.839898
            ],
            [
              4.694357,
              45.837869
            ],
            [
              4.685771,
              45.837321
            ],
            [
              4.684473,
              45.83847
            ],
            [
              4.683388,
              45.839258
            ],
            [
              4.681806,
              45.840238
            ],
            [
              4.678881,
              45.84205
            ],
            [
              4.674883,
              45.847919
            ],
            [
              4.67468,
              45.848386
            ],
            [
              4.674222,
              45.84929
            ],
            [
              4.673797,
              45.849938
            ],
            [
              4.673493,
              45.850348
            ],
            [
              4.6706,
              45.848205
            ],
            [
              4.672326,
              45.843799
            ],
            [
              4.672823,
              45.842793
            ],
            [
              4.67341,
              45.841968
            ],
            [
              4.674331,
              45.840945
            ],
            [
              4.675479,
              45.839979
            ],
            [
              4.676372,
              45.839342
            ],
            [
              4.677091,
              45.838858
            ],
            [
              4.679989,
              45.83713
            ],
            [
              4.68149,
              45.836198
            ],
            [
              4.684077,
              45.828935
            ],
            [
              4.682717,
              45.826223
            ],
            [
              4.680054,
              45.823539
            ],
            [
              4.679395,
              45.82
            ],
            [
              4.685213,
              45.817426
            ],
            [
              4.685921,
              45.817432
            ],
            [
              4.69084,
              45.817612
            ],
            [
              4.691147,
              45.817573
            ],
            [
              4.691664,
              45.817545
            ],
            [
              4.694798,
              45.817124
            ],
            [
              4.69894,
              45.815556
            ],
            [
              4.702213,
              45.814412
            ],
            [
              4.705103,
              45.813767
            ],
            [
              4.706546,
              45.813343
            ],
            [
              4.706793,
              45.813393
            ],
            [
              4.709395,
              45.813949
            ],
            [
              4.715672,
              45.811681
            ],
            [
              4.716218,
              45.81151
            ],
            [
              4.721113,
              45.804436
            ],
            [
              4.718713,
              45.801753
            ],
            [
              4.713482,
              45.794683
            ],
            [
              4.70906,
              45.794096
            ],
            [
              4.703742,
              45.793096
            ],
            [
              4.703108,
              45.793106
            ],
            [
              4.70196,
              45.793038
            ],
            [
              4.702175,
              45.789444
            ],
            [
              4.702592,
              45.783444
            ],
            [
              4.702428,
              45.781502
            ],
            [
              4.702419,
              45.781355
            ],
            [
              4.702682,
              45.779845
            ],
            [
              4.703739,
              45.772998
            ],
            [
              4.698823,
              45.769125
            ],
            [
              4.698555,
              45.769051
            ],
            [
              4.697411,
              45.768501
            ],
            [
              4.695465,
              45.767203
            ],
            [
              4.69471,
              45.764737
            ],
            [
              4.694479,
              45.764021
            ],
            [
              4.694461,
              45.763314
            ],
            [
              4.694994,
              45.760817
            ],
            [
              4.696007,
              45.75977
            ],
            [
              4.702967,
              45.7567
            ],
            [
              4.703368,
              45.756421
            ],
            [
              4.704589,
              45.755466
            ],
            [
              4.705632,
              45.747238
            ],
            [
              4.705647,
              45.74696
            ],
            [
              4.707413,
              45.745533
            ],
            [
              4.70742,
              45.745533
            ],
            [
              4.71349,
              45.73898
            ],
            [
              4.713333,
              45.738443
            ],
            [
              4.713294,
              45.736895
            ],
            [
              4.713436,
              45.73673
            ],
            [
              4.715013,
              45.735614
            ],
            [
              4.716728,
              45.735437
            ],
            [
              4.71948,
              45.736376
            ],
            [
              4.721382,
              45.736529
            ],
            [
              4.722538,
              45.737
            ],
            [
              4.725995,
              45.737549
            ],
            [
              4.731433,
              45.732473
            ],
            [
              4.727313,
              45.725832
            ],
            [
              4.724978,
              45.722638
            ],
            [
              4.726103,
              45.719218
            ],
            [
              4.723876,
              45.713389
            ],
            [
              4.723367,
              45.709825
            ],
            [
              4.724592,
              45.70965
            ],
            [
              4.725333,
              45.70961
            ],
            [
              4.728295,
              45.709656
            ],
            [
              4.736697,
              45.706972
            ],
            [
              4.738866,
              45.705151
            ],
            [
              4.738935,
              45.705117
            ],
            [
              4.741381,
              45.705423
            ],
            [
              4.747059,
              45.699974
            ],
            [
              4.747078,
              45.699901
            ],
            [
              4.747924,
              45.698019
            ],
            [
              4.748429,
              45.696815
            ],
            [
              4.751249,
              45.689934
            ],
            [
              4.751127,
              45.688612
            ],
            [
              4.74725,
              45.682354
            ],
            [
              4.745244,
              45.681702
            ],
            [
              4.740121,
              45.674532
            ],
            [
              4.738228,
              45.67463
            ],
            [
              4.7379,
              45.674665
            ],
            [
              4.737552,
              45.674677
            ],
            [
              4.735465,
              45.674784
            ],
            [
              4.735008,
              45.674793
            ],
            [
              4.732553,
              45.67485
            ],
            [
              4.73039,
              45.675004
            ],
            [
              4.729517,
              45.673191
            ],
            [
              4.729488,
              45.672708
            ],
            [
              4.729969,
              45.671429
            ],
            [
              4.731253,
              45.66538
            ],
            [
              4.723672,
              45.662177
            ],
            [
              4.722988,
              45.662401
            ],
            [
              4.722558,
              45.662449
            ],
            [
              4.721985,
              45.662459
            ],
            [
              4.721196,
              45.662298
            ],
            [
              4.719126,
              45.661218
            ],
            [
              4.71804,
              45.659846
            ],
            [
              4.717773,
              45.658153
            ],
            [
              4.718579,
              45.656831
            ],
            [
              4.718672,
              45.656827
            ],
            [
              4.723328,
              45.656261
            ],
            [
              4.724086,
              45.656137
            ],
            [
              4.729129,
              45.657292
            ],
            [
              4.730956,
              45.657354
            ],
            [
              4.732051,
              45.657371
            ],
            [
              4.739096,
              45.652616
            ],
            [
              4.741897,
              45.64606
            ],
            [
              4.739254,
              45.643408
            ],
            [
              4.738826,
              45.642054
            ],
            [
              4.739699,
              45.639787
            ],
            [
              4.739777,
              45.639733
            ],
            [
              4.741172,
              45.639323
            ],
            [
              4.749689,
              45.638666
            ],
            [
              4.751132,
              45.637686
            ],
            [
              4.754132,
              45.635621
            ],
            [
              4.757622,
              45.634738
            ],
            [
              4.75794,
              45.635996
            ],
            [
              4.758056,
              45.637514
            ],
            [
              4.758085,
              45.638589
            ],
            [
              4.758049,
              45.639207
            ],
            [
              4.757326,
              45.642527
            ],
            [
              4.763586,
              45.646767
            ],
            [
              4.766909,
              45.644793
            ],
            [
              4.767693,
              45.643886
            ],
            [
              4.767924,
              45.643725
            ],
            [
              4.769816,
              45.643933
            ],
            [
              4.776584,
              45.640277
            ],
            [
              4.778369,
              45.636894
            ],
            [
              4.779274,
              45.630568
            ],
            [
              4.779276,
              45.63054
            ],
            [
              4.779621,
              45.629843
            ],
            [
              4.779704,
              45.629701
            ],
            [
              4.781152,
              45.628935
            ],
            [
              4.781257,
              45.628946
            ],
            [
              4.787873,
              45.629325
            ],
            [
              4.788152,
              45.629324
            ],
            [
              4.788672,
              45.629433
            ],
            [
              4.796535,
              45.631012
            ],
            [
              4.798515,
              45.630097
            ],
            [
              4.799185,
              45.629671
            ],
            [
              4.800803,
              45.628894
            ],
            [
              4.801237,
              45.628804
            ],
            [
              4.802295,
              45.628693
            ],
            [
              4.80294,
              45.628625
            ],
            [
              4.803307,
              45.628943
            ],
            [
              4.811818,
              45.6268
            ],
            [
              4.812112,
              45.623883
            ],
            [
              4.810439,
              45.620676
            ],
            [
              4.810237,
              45.620297
            ],
            [
              4.80933,
              45.617756
            ],
            [
              4.808333,
              45.616224
            ],
            [
              4.807801,
              45.615446
            ],
            [
              4.807356,
              45.614832
            ],
            [
              4.806516,
              45.613768
            ],
            [
              4.805694,
              45.61284
            ],
            [
              4.804832,
              45.611948
            ],
            [
              4.803725,
              45.610887
            ],
            [
              4.802778,
              45.610039
            ],
            [
              4.801862,
              45.609276
            ],
            [
              4.800902,
              45.608527
            ],
            [
              4.799036,
              45.607114
            ],
            [
              4.798147,
              45.60639
            ],
            [
              4.797182,
              45.605532
            ],
            [
              4.796835,
              45.605195
            ],
            [
              4.796173,
              45.604492
            ],
            [
              4.795636,
              45.603845
            ],
            [
              4.795348,
              45.603438
            ],
            [
              4.795,
              45.602858
            ],
            [
              4.794602,
              45.602027
            ],
            [
              4.794119,
              45.598005
            ],
            [
              4.79439,
              45.595878
            ],
            [
              4.790951,
              45.590144
            ],
            [
              4.786008,
              45.589795
            ],
            [
              4.78387,
              45.590156
            ],
            [
              4.781787,
              45.590188
            ],
            [
              4.781003,
              45.586675
            ],
            [
              4.781795,
              45.586498
            ],
            [
              4.782621,
              45.586356
            ],
            [
              4.783109,
              45.586292
            ],
            [
              4.783611,
              45.586238
            ],
            [
              4.784472,
              45.586175
            ],
            [
              4.785407,
              45.586147
            ],
            [
              4.785924,
              45.586149
            ],
            [
              4.791262,
              45.586558
            ],
            [
              4.798595,
              45.583372
            ],
            [
              4.800495,
              45.579789
            ],
            [
              4.801343,
              45.578314
            ],
            [
              4.803581,
              45.575006
            ],
            [
              4.804061,
              45.574518
            ],
            [
              4.804443,
              45.574177
            ],
            [
              4.805109,
              45.573636
            ],
            [
              4.805638,
              45.573254
            ],
            [
              4.806528,
              45.572688
            ],
            [
              4.807069,
              45.572388
            ],
            [
              4.80806,
              45.571907
            ],
            [
              4.809183,
              45.571398
            ],
            [
              4.809942,
              45.571011
            ],
            [
              4.815514,
              45.565676
            ],
            [
              4.816313,
              45.564104
            ],
            [
              4.816771,
              45.563346
            ],
            [
              4.817094,
              45.562866
            ],
            [
              4.817795,
              45.561898
            ],
            [
              4.818913,
              45.560484
            ],
            [
              4.821737,
              45.562718
            ],
            [
              4.818727,
              45.567299
            ],
            [
              4.818388,
              45.567926
            ],
            [
              4.8179,
              45.568715
            ],
            [
              4.817615,
              45.569122
            ],
            [
              4.817098,
              45.569801
            ],
            [
              4.81647,
              45.570514
            ],
            [
              4.815818,
              45.571177
            ],
            [
              4.815155,
              45.571781
            ],
            [
              4.814427,
              45.572378
            ],
            [
              4.813861,
              45.572801
            ],
            [
              4.813187,
              45.573264
            ],
            [
              4.812316,
              45.573806
            ],
            [
              4.811703,
              45.574151
            ],
            [
              4.810821,
              45.574603
            ],
            [
              4.80443,
              45.580166
            ],
            [
              4.803617,
              45.581582
            ],
            [
              4.801791,
              45.58503
            ],
            [
              4.801676,
              45.585304
            ],
            [
              4.800943,
              45.586801
            ],
            [
              4.800772,
              45.587186
            ],
            [
              4.79978,
              45.589597
            ],
            [
              4.799408,
              45.590616
            ],
            [
              4.799121,
              45.591491
            ],
            [
              4.798774,
              45.592659
            ],
            [
              4.798236,
              45.594864
            ],
            [
              4.79793,
              45.596531
            ],
            [
              4.801305,
              45.604319
            ],
            [
              4.803073,
              45.605655
            ],
            [
              4.804076,
              45.606437
            ],
            [
              4.805082,
              45.607273
            ],
            [
              4.807301,
              45.608957
            ],
            [
              4.812401,
              45.611693
            ],
            [
              4.812733,
              45.612109
            ],
            [
              4.816357,
              45.617466
            ],
            [
              4.819984,
              45.619861
            ],
            [
              4.826705,
              45.621798
            ],
            [
              4.827619,
              45.621945
            ],
            [
              4.829252,
              45.622263
            ],
            [
              4.83493,
              45.623739
            ],
            [
              4.835295,
              45.623844
            ],
            [
              4.838863,
              45.625118
            ],
            [
              4.840563,
              45.625729
            ],
            [
              4.840606,
              45.625774
            ],
            [
              4.841016,
              45.626458
            ],
            [
              4.842985,
              45.6294
            ],
            [
              4.843064,
              45.629509
            ],
            [
              4.843911,
              45.636081
            ],
            [
              4.847235,
              45.63766
            ],
            [
              4.855389,
              45.637199
            ],
            [
              4.856336,
              45.636704
            ],
            [
              4.859655,
              45.638099
            ],
            [
              4.863976,
              45.641871
            ],
            [
              4.864756,
              45.646994
            ],
            [
              4.86523,
              45.650563
            ],
            [
              4.865777,
              45.657975
            ],
            [
              4.865933,
              45.658893
            ],
            [
              4.86597,
              45.659543
            ],
            [
              4.86596,
              45.660105
            ],
            [
              4.869005,
              45.668316
            ],
            [
              4.875702,
              45.673417
            ],
            [
              4.879577,
              45.671666
            ],
            [
              4.885781,
              45.665545
            ],
            [
              4.885578,
              45.663684
            ],
            [
              4.886872,
              45.663095
            ],
            [
              4.887608,
              45.662638
            ],
            [
              4.889174,
              45.661957
            ],
            [
              4.891282,
              45.653345
            ],
            [
              4.890824,
              45.652827
            ],
            [
              4.890401,
              45.652228
            ],
            [
              4.887404,
              45.64904
            ],
            [
              4.884388,
              45.645077
            ],
            [
              4.884801,
              45.641501
            ],
            [
              4.887715,
              45.638722
            ],
            [
              4.891095,
              45.63311
            ],
            [
              4.891533,
              45.629462
            ],
            [
              4.891961,
              45.625927
            ],
            [
              4.888381,
              45.618627
            ],
            [
              4.887551,
              45.618044
            ],
            [
              4.886983,
              45.617689
            ],
            [
              4.885985,
              45.617146
            ],
            [
              4.885535,
              45.616933
            ],
            [
              4.884993,
              45.616697
            ],
            [
              4.884485,
              45.616497
            ],
            [
              4.88361,
              45.616188
            ],
            [
              4.882982,
              45.615998
            ],
            [
              4.882148,
              45.615778
            ],
            [
              4.879039,
              45.615135
            ],
            [
              4.875179,
              45.614356
            ],
            [
              4.871318,
              45.613577
            ],
            [
              4.87203,
              45.610048
            ],
            [
              4.875891,
              45.610827
            ],
            [
              4.879751,
              45.611606
            ],
            [
              4.882879,
              45.612253
            ],
            [
              4.88389,
              45.612514
            ],
            [
              4.884647,
              45.612741
            ],
            [
              4.885676,
              45.6131
            ],
            [
              4.886308,
              45.613346
            ],
            [
              4.886965,
              45.613629
            ],
            [
              4.887517,
              45.613888
            ],
            [
              4.888697,
              45.614523
            ],
            [
              4.889445,
              45.614983
            ],
            [
              4.890441,
              45.615674
            ],
            [
              4.891225,
              45.616306
            ],
            [
              4.891711,
              45.616742
            ],
            [
              4.89248,
              45.617522
            ],
            [
              4.892886,
              45.61798
            ],
            [
              4.893291,
              45.618487
            ],
            [
              4.893702,
              45.619063
            ],
            [
              4.894138,
              45.619755
            ],
            [
              4.894525,
              45.620474
            ],
            [
              4.894792,
              45.621061
            ],
            [
              4.895063,
              45.621766
            ],
            [
              4.895241,
              45.622337
            ],
            [
              4.895396,
              45.623
            ],
            [
              4.895544,
              45.623909
            ],
            [
              4.895588,
              45.624414
            ],
            [
              4.89561,
              45.625052
            ],
            [
              4.895555,
              45.626131
            ],
            [
              4.895108,
              45.629891
            ],
            [
              4.900189,
              45.636762
            ],
            [
              4.906948,
              45.634014
            ],
            [
              4.908143,
              45.631659
            ],
            [
              4.911706,
              45.632178
            ],
            [
              4.915904,
              45.636088
            ],
            [
              4.91932,
              45.637224
            ],
            [
              4.919126,
              45.637807
            ],
            [
              4.918824,
              45.638675
            ],
            [
              4.918685,
              45.639222
            ],
            [
              4.91856,
              45.639592
            ],
            [
              4.92261,
              45.647396
            ],
            [
              4.923298,
              45.6475
            ],
            [
              4.923373,
              45.647511
            ],
            [
              4.926665,
              45.647237
            ],
            [
              4.928916,
              45.646757
            ],
            [
              4.930971,
              45.646859
            ],
            [
              4.930993,
              45.646877
            ],
            [
              4.935711,
              45.651116
            ],
            [
              4.934929,
              45.65463
            ],
            [
              4.943495,
              45.65649
            ],
            [
              4.944547,
              45.654441
            ],
            [
              4.944835,
              45.654195
            ],
            [
              4.94548,
              45.653657
            ],
            [
              4.94761,
              45.654068
            ],
            [
              4.953863,
              45.655108
            ],
            [
              4.955665,
              45.656624
            ],
            [
              4.955663,
              45.656926
            ],
            [
              4.958003,
              45.662492
            ],
            [
              4.963651,
              45.663352
            ],
            [
              4.964033,
              45.663285
            ],
            [
              4.965887,
              45.662845
            ],
            [
              4.972872,
              45.666647
            ],
            [
              4.973512,
              45.666696
            ],
            [
              4.980857,
              45.662855
            ],
            [
              4.981223,
              45.662017
            ],
            [
              4.981269,
              45.661887
            ],
            [
              4.982743,
              45.659911
            ],
            [
              4.984083,
              45.656658
            ],
            [
              4.984463,
              45.65669
            ],
            [
              4.990007,
              45.655121
            ],
            [
              4.992107,
              45.651713
            ],
            [
              4.9928,
              45.651538
            ],
            [
              4.993202,
              45.651434
            ],
            [
              4.993353,
              45.651399
            ],
            [
              4.994359,
              45.651733
            ],
            [
              4.995189,
              45.652301
            ],
            [
              5.00317,
              45.654503
            ],
            [
              5.006586,
              45.653367
            ],
            [
              5.011502,
              45.654807
            ],
            [
              5.011573,
              45.654913
            ],
            [
              5.010905,
              45.657373
            ],
            [
              5.00555,
              45.664428
            ],
            [
              5.005156,
              45.666393
            ],
            [
              5.004026,
              45.670267
            ],
            [
              5.00097,
              45.672169
            ],
            [
              4.996398,
              45.676793
            ],
            [
              5.001659,
              45.683353
            ],
            [
              5.003442,
              45.682826
            ],
            [
              5.004414,
              45.682557
            ],
            [
              5.007242,
              45.68183
            ],
            [
              5.011039,
              45.680909
            ],
            [
              5.014806,
              45.679995
            ],
            [
              5.018104,
              45.679137
            ],
            [
              5.020179,
              45.67856
            ],
            [
              5.021631,
              45.678128
            ],
            [
              5.023842,
              45.677435
            ],
            [
              5.025871,
              45.676751
            ],
            [
              5.027373,
              45.676214
            ],
            [
              5.030096,
              45.675184
            ],
            [
              5.032374,
              45.674282
            ],
            [
              5.035106,
              45.673166
            ],
            [
              5.037837,
              45.672051
            ],
            [
              5.040569,
              45.670936
            ],
            [
              5.043329,
              45.669809
            ],
            [
              5.044358,
              45.66941
            ],
            [
              5.046676,
              45.668462
            ],
            [
              5.048994,
              45.667514
            ],
            [
              5.051312,
              45.666566
            ],
            [
              5.053553,
              45.665651
            ],
            [
              5.054255,
              45.665327
            ],
            [
              5.055183,
              45.664941
            ],
            [
              5.057296,
              45.664106
            ],
            [
              5.059442,
              45.663258
            ],
            [
              5.06261,
              45.66208
            ],
            [
              5.065997,
              45.660883
            ],
            [
              5.069385,
              45.659686
            ],
            [
              5.072772,
              45.658489
            ],
            [
              5.076174,
              45.657286
            ],
            [
              5.078732,
              45.656407
            ],
            [
              5.080889,
              45.655719
            ],
            [
              5.082056,
              45.655374
            ],
            [
              5.083615,
              45.654942
            ],
            [
              5.085929,
              45.65437
            ],
            [
              5.0887,
              45.653777
            ],
            [
              5.090616,
              45.653414
            ],
            [
              5.098388,
              45.649017
            ],
            [
              5.098847,
              45.648329
            ],
            [
              5.100283,
              45.646504
            ],
            [
              5.101208,
              45.645322
            ],
            [
              5.10123,
              45.645326
            ],
            [
              5.102547,
              45.646052
            ],
            [
              5.103562,
              45.646633
            ],
            [
              5.103698,
              45.646706
            ],
            [
              5.112465,
              45.648598
            ],
            [
              5.116536,
              45.64741
            ],
            [
              5.117211,
              45.647072
            ],
            [
              5.11836,
              45.646625
            ],
            [
              5.118869,
              45.646472
            ],
            [
              5.121083,
              45.645981
            ],
            [
              5.126075,
              45.645275
            ],
            [
              5.129088,
              45.644758
            ],
            [
              5.132048,
              45.644251
            ],
            [
              5.134146,
              45.643825
            ],
            [
              5.134801,
              45.643674
            ],
            [
              5.13744,
              45.642968
            ],
            [
              5.14048,
              45.641943
            ],
            [
              5.146643,
              45.639021
            ],
            [
              5.148272,
              45.638045
            ],
            [
              5.151601,
              45.635954
            ],
            [
              5.154929,
              45.633863
            ],
            [
              5.156844,
              45.636912
            ],
            [
              5.153516,
              45.639003
            ],
            [
              5.150187,
              45.641093
            ],
            [
              5.148494,
              45.642109
            ],
            [
              5.147359,
              45.642751
            ],
            [
              5.146087,
              45.643415
            ],
            [
              5.144995,
              45.643945
            ],
            [
              5.143984,
              45.644404
            ],
            [
              5.143261,
              45.644711
            ],
            [
              5.141811,
              45.645288
            ],
            [
              5.140471,
              45.645776
            ],
            [
              5.138538,
              45.646396
            ],
            [
              5.137118,
              45.646802
            ],
            [
              5.13568,
              45.647165
            ],
            [
              5.134957,
              45.647333
            ],
            [
              5.132764,
              45.647779
            ],
            [
              5.129698,
              45.648306
            ],
            [
              5.126685,
              45.648823
            ],
            [
              5.124963,
              45.649146
            ],
            [
              5.12394,
              45.649352
            ],
            [
              5.123488,
              45.649417
            ],
            [
              5.122851,
              45.649481
            ],
            [
              5.118187,
              45.650609
            ],
            [
              5.113411,
              45.652072
            ],
            [
              5.110524,
              45.658442
            ],
            [
              5.110438,
              45.658485
            ],
            [
              5.108395,
              45.659513
            ],
            [
              5.106351,
              45.660542
            ],
            [
              5.102743,
              45.662707
            ],
            [
              5.098967,
              45.664244
            ],
            [
              5.098426,
              45.664511
            ],
            [
              5.096831,
              45.661284
            ],
            [
              5.089369,
              45.657314
            ],
            [
              5.086684,
              45.65789
            ],
            [
              5.084479,
              45.658436
            ],
            [
              5.08302,
              45.658842
            ],
            [
              5.081911,
              45.659171
            ],
            [
              5.079829,
              45.659836
            ],
            [
              5.077345,
              45.660691
            ],
            [
              5.073972,
              45.661883
            ],
            [
              5.070584,
              45.66308
            ],
            [
              5.067197,
              45.664277
            ],
            [
              5.06381,
              45.665474
            ],
            [
              5.060697,
              45.666632
            ],
            [
              5.058619,
              45.667454
            ],
            [
              5.056507,
              45.668289
            ],
            [
              5.052879,
              45.675674
            ],
            [
              5.055022,
              45.67944
            ],
            [
              5.05849,
              45.684747
            ],
            [
              5.06642,
              45.685622
            ],
            [
              5.06693,
              45.686006
            ],
            [
              5.067944,
              45.686869
            ],
            [
              5.06965,
              45.688238
            ],
            [
              5.070052,
              45.688553
            ],
            [
              5.07679,
              45.69088
            ],
            [
              5.07884,
              45.690643
            ],
            [
              5.078895,
              45.690663
            ],
            [
              5.084527,
              45.692125
            ],
            [
              5.085621,
              45.692316
            ],
            [
              5.08647,
              45.692504
            ],
            [
              5.087174,
              45.692686
            ],
            [
              5.088367,
              45.693054
            ],
            [
              5.089121,
              45.693327
            ],
            [
              5.089664,
              45.693549
            ],
            [
              5.090244,
              45.693804
            ],
            [
              5.09127,
              45.694314
            ],
            [
              5.092244,
              45.694878
            ],
            [
              5.092908,
              45.695315
            ],
            [
              5.093423,
              45.695688
            ],
            [
              5.094843,
              45.696819
            ],
            [
              5.096291,
              45.697973
            ],
            [
              5.09692,
              45.698496
            ],
            [
              5.097592,
              45.699112
            ],
            [
              5.098051,
              45.69958
            ],
            [
              5.098832,
              45.700477
            ],
            [
              5.099212,
              45.700979
            ],
            [
              5.099628,
              45.701591
            ],
            [
              5.100148,
              45.702487
            ],
            [
              5.100597,
              45.703441
            ],
            [
              5.100872,
              45.704187
            ],
            [
              5.101056,
              45.70479
            ],
            [
              5.101278,
              45.70579
            ],
            [
              5.101372,
              45.706469
            ],
            [
              5.101422,
              45.707205
            ],
            [
              5.101402,
              45.70821
            ],
            [
              5.101277,
              45.70942
            ],
            [
              5.100943,
              45.711994
            ],
            [
              5.100833,
              45.712727
            ],
            [
              5.100627,
              45.713776
            ],
            [
              5.10028,
              45.715018
            ],
            [
              5.099175,
              45.718132
            ],
            [
              5.098041,
              45.7244
            ],
            [
              5.097554,
              45.728206
            ],
            [
              5.097407,
              45.730843
            ],
            [
              5.09744,
              45.733325
            ],
            [
              5.097472,
              45.73587
            ],
            [
              5.097503,
              45.738416
            ],
            [
              5.097535,
              45.740962
            ],
            [
              5.097526,
              45.742432
            ],
            [
              5.101173,
              45.750116
            ],
            [
              5.100919,
              45.753707
            ],
            [
              5.108815,
              45.757738
            ],
            [
              5.110575,
              45.756191
            ],
            [
              5.111326,
              45.756075
            ],
            [
              5.112134,
              45.756344
            ],
            [
              5.112148,
              45.756377
            ],
            [
              5.113039,
              45.758397
            ],
            [
              5.113392,
              45.759042
            ],
            [
              5.115439,
              45.761895
            ],
            [
              5.122602,
              45.761583
            ],
            [
              5.124718,
              45.759546
            ],
            [
              5.125817,
              45.758644
            ],
            [
              5.127119,
              45.757817
            ],
            [
              5.13236,
              45.753463
            ],
            [
              5.135602,
              45.75254
            ],
            [
              5.137679,
              45.755481
            ],
            [
              5.137356,
              45.75571
            ],
            [
              5.132327,
              45.758813
            ],
            [
              5.129023,
              45.760872
            ],
            [
              5.127747,
              45.761683
            ],
            [
              5.127763,
              45.77012
            ],
            [
              5.130522,
              45.771562
            ],
            [
              5.131115,
              45.771899
            ],
            [
              5.13161,
              45.772235
            ],
            [
              5.132437,
              45.772874
            ],
            [
              5.132875,
              45.77328
            ],
            [
              5.133329,
              45.773756
            ],
            [
              5.133832,
              45.774399
            ],
            [
              5.134156,
              45.77489
            ],
            [
              5.131151,
              45.776872
            ],
            [
              5.128774,
              45.774709
            ],
            [
              5.120403,
              45.776146
            ],
            [
              5.119825,
              45.777978
            ],
            [
              5.118999,
              45.778206
            ],
            [
              5.117261,
              45.777904
            ],
            [
              5.116951,
              45.777349
            ],
            [
              5.115269,
              45.775062
            ],
            [
              5.115197,
              45.774769
            ],
            [
              5.111389,
              45.768494
            ],
            [
              5.104371,
              45.774058
            ],
            [
              5.1022,
              45.77693
            ],
            [
              5.095375,
              45.77476
            ],
            [
              5.092071,
              45.773329
            ],
            [
              5.084587,
              45.775612
            ],
            [
              5.084028,
              45.778085
            ],
            [
              5.08347,
              45.780557
            ],
            [
              5.082911,
              45.78303
            ],
            [
              5.083181,
              45.78713
            ],
            [
              5.082861,
              45.790635
            ],
            [
              5.079121,
              45.794142
            ],
            [
              5.078375,
              45.795506
            ],
            [
              5.077612,
              45.796788
            ],
            [
              5.076685,
              45.798218
            ],
            [
              5.075737,
              45.799561
            ],
            [
              5.074851,
              45.800731
            ],
            [
              5.07358,
              45.802276
            ],
            [
              5.072917,
              45.803036
            ],
            [
              5.072203,
              45.803816
            ],
            [
              5.071002,
              45.805056
            ],
            [
              5.0743,
              45.813238
            ],
            [
              5.075262,
              45.813325
            ],
            [
              5.075769,
              45.813397
            ],
            [
              5.076369,
              45.813554
            ],
            [
              5.081777,
              45.813295
            ],
            [
              5.083957,
              45.812607
            ],
            [
              5.087912,
              45.808313
            ],
            [
              5.088432,
              45.808305
            ],
            [
              5.089064,
              45.8084
            ],
            [
              5.08949,
              45.808554
            ],
            [
              5.090075,
              45.808953
            ],
            [
              5.093249,
              45.81526
            ],
            [
              5.093134,
              45.815905
            ],
            [
              5.092968,
              45.81628
            ],
            [
              5.092652,
              45.816825
            ],
            [
              5.091717,
              45.816963
            ],
            [
              5.087582,
              45.81619
            ],
            [
              5.084347,
              45.81698
            ],
            [
              5.081192,
              45.817472
            ],
            [
              5.077365,
              45.822394
            ],
            [
              5.081287,
              45.828013
            ],
            [
              5.08193,
              45.82869
            ],
            [
              5.084997,
              45.830437
            ],
            [
              5.089045,
              45.83258
            ],
            [
              5.09496,
              45.826463
            ],
            [
              5.096378,
              45.826179
            ],
            [
              5.097135,
              45.826187
            ],
            [
              5.100159,
              45.826565
            ],
            [
              5.10823,
              45.824348
            ],
            [
              5.109059,
              45.823787
            ],
            [
              5.111075,
              45.82677
            ],
            [
              5.119642,
              45.824672
            ],
            [
              5.119733,
              45.821965
            ],
            [
              5.120603,
              45.81813
            ],
            [
              5.120953,
              45.817913
            ],
            [
              5.124378,
              45.817919
            ],
            [
              5.126465,
              45.820853
            ],
            [
              5.130012,
              45.828102
            ],
            [
              5.13666,
              45.827339
            ],
            [
              5.138077,
              45.827184
            ],
            [
              5.138419,
              45.827125
            ],
            [
              5.141803,
              45.826282
            ],
            [
              5.145187,
              45.825439
            ],
            [
              5.149268,
              45.823577
            ],
            [
              5.152375,
              45.821759
            ],
            [
              5.160683,
              45.821561
            ],
            [
              5.161563,
              45.825051
            ],
            [
              5.157236,
              45.826569
            ],
            [
              5.154587,
              45.826806
            ],
            [
              5.152827,
              45.827245
            ],
            [
              5.149442,
              45.828089
            ],
            [
              5.146058,
              45.828932
            ],
            [
              5.142673,
              45.829775
            ],
            [
              5.139289,
              45.830618
            ],
            [
              5.138723,
              45.830726
            ],
            [
              5.137063,
              45.830917
            ],
            [
              5.130423,
              45.831679
            ],
            [
              5.126992,
              45.832073
            ],
            [
              5.123562,
              45.832467
            ],
            [
              5.120131,
              45.832861
            ],
            [
              5.116324,
              45.840165
            ],
            [
              5.120728,
              45.84661
            ],
            [
              5.125245,
              45.847116
            ],
            [
              5.126427,
              45.84745
            ],
            [
              5.127177,
              45.847576
            ],
            [
              5.128943,
              45.847724
            ],
            [
              5.130531,
              45.847615
            ],
            [
              5.130949,
              45.847606
            ],
            [
              5.132102,
              45.847642
            ],
            [
              5.134332,
              45.847645
            ],
            [
              5.135794,
              45.847702
            ],
            [
              5.136112,
              45.847702
            ],
            [
              5.13743,
              45.847654
            ],
            [
              5.138404,
              45.847575
            ],
            [
              5.141094,
              45.847217
            ],
            [
              5.142508,
              45.84709
            ],
            [
              5.144832,
              45.847063
            ],
            [
              5.144874,
              45.850662
            ],
            [
              5.14255,
              45.850689
            ],
            [
              5.139196,
              45.85765
            ],
            [
              5.146896,
              45.862186
            ],
            [
              5.149745,
              45.861866
            ],
            [
              5.152664,
              45.861486
            ],
            [
              5.155583,
              45.861106
            ],
            [
              5.158501,
              45.860725
            ],
            [
              5.163725,
              45.857551
            ],
            [
              5.166191,
              45.854927
            ],
            [
              5.174896,
              45.853621
            ],
            [
              5.177574,
              45.850291
            ],
            [
              5.179562,
              45.847289
            ],
            [
              5.181896,
              45.845292
            ],
            [
              5.182125,
              45.845265
            ],
            [
              5.187711,
              45.838242
            ],
            [
              5.188067,
              45.83622
            ],
            [
              5.188194,
              45.835452
            ],
            [
              5.191746,
              45.83604
            ],
            [
              5.19413,
              45.839044
            ],
            [
              5.196691,
              45.846727
            ],
            [
              5.204445,
              45.851212
            ],
            [
              5.213078,
              45.853678
            ],
            [
              5.22055,
              45.854486
            ],
            [
              5.221531,
              45.854598
            ],
            [
              5.221901,
              45.858179
            ],
            [
              5.219989,
              45.858506
            ],
            [
              5.214296,
              45.861182
            ],
            [
              5.207728,
              45.862224
            ],
            [
              5.199225,
              45.862723
            ],
            [
              5.199337,
              45.8702
            ],
            [
              5.202203,
              45.872395
            ],
            [
              5.203137,
              45.873132
            ],
            [
              5.204,
              45.873827
            ],
            [
              5.205572,
              45.875179
            ],
            [
              5.206393,
              45.875932
            ],
            [
              5.207288,
              45.876794
            ],
            [
              5.208193,
              45.877729
            ],
            [
              5.208997,
              45.878605
            ],
            [
              5.209875,
              45.879636
            ],
            [
              5.210743,
              45.880732
            ],
            [
              5.211929,
              45.882366
            ],
            [
              5.212909,
              45.883824
            ],
            [
              5.214787,
              45.886745
            ],
            [
              5.215755,
              45.888216
            ],
            [
              5.216621,
              45.889463
            ],
            [
              5.217349,
              45.890449
            ],
            [
              5.217937,
              45.891197
            ],
            [
              5.219283,
              45.892757
            ],
            [
              5.220081,
              45.893599
            ],
            [
              5.220817,
              45.894333
            ],
            [
              5.221591,
              45.895061
            ],
            [
              5.22246,
              45.895833
            ],
            [
              5.223253,
              45.896507
            ],
            [
              5.224103,
              45.89718
            ],
            [
              5.224952,
              45.89782
            ],
            [
              5.225809,
              45.898441
            ],
            [
              5.227332,
              45.899472
            ],
            [
              5.228961,
              45.900476
            ],
            [
              5.230184,
              45.901174
            ],
            [
              5.231625,
              45.901952
            ],
            [
              5.235687,
              45.90401
            ],
            [
              5.236506,
              45.904426
            ],
            [
              5.234879,
              45.907637
            ],
            [
              5.234059,
              45.907222
            ],
            [
              5.229997,
              45.905163
            ],
            [
              5.228476,
              45.904343
            ],
            [
              5.227176,
              45.903602
            ],
            [
              5.225445,
              45.902538
            ],
            [
              5.223794,
              45.901424
            ],
            [
              5.222843,
              45.900737
            ],
            [
              5.221938,
              45.900057
            ],
            [
              5.221018,
              45.899328
            ],
            [
              5.220133,
              45.898581
            ],
            [
              5.219199,
              45.897751
            ],
            [
              5.218354,
              45.896958
            ],
            [
              5.217541,
              45.89615
            ],
            [
              5.216672,
              45.895236
            ],
            [
              5.215213,
              45.893551
            ],
            [
              5.214523,
              45.89268
            ],
            [
              5.213726,
              45.891604
            ],
            [
              5.212799,
              45.890272
            ],
            [
              5.21178,
              45.888724
            ],
            [
              5.209881,
              45.885771
            ],
            [
              5.208942,
              45.884375
            ],
            [
              5.207831,
              45.882849
            ],
            [
              5.207055,
              45.881873
            ],
            [
              5.206259,
              45.880943
            ],
            [
              5.205543,
              45.880166
            ],
            [
              5.204702,
              45.879298
            ],
            [
              5.203898,
              45.878526
            ],
            [
              5.20314,
              45.877833
            ],
            [
              5.201655,
              45.876558
            ],
            [
              5.20088,
              45.875936
            ],
            [
              5.199975,
              45.875223
            ],
            [
              5.197148,
              45.873058
            ],
            [
              5.195966,
              45.872165
            ],
            [
              5.188357,
              45.876713
            ],
            [
              5.187973,
              45.883293
            ],
            [
              5.184861,
              45.885103
            ],
            [
              5.176614,
              45.883519
            ],
            [
              5.175366,
              45.880142
            ],
            [
              5.176909,
              45.878211
            ],
            [
              5.17808,
              45.877323
            ],
            [
              5.180301,
              45.872868
            ],
            [
              5.174404,
              45.86894
            ],
            [
              5.172511,
              45.865878
            ],
            [
              5.167003,
              45.863558
            ],
            [
              5.165301,
              45.863676
            ],
            [
              5.163789,
              45.863822
            ],
            [
              5.161887,
              45.864044
            ],
            [
              5.158987,
              45.864421
            ],
            [
              5.156087,
              45.864799
            ],
            [
              5.153187,
              45.865176
            ],
            [
              5.150263,
              45.865557
            ],
            [
              5.14688,
              45.86594
            ],
            [
              5.144449,
              45.866139
            ],
            [
              5.141533,
              45.866131
            ],
            [
              5.140746,
              45.866135
            ],
            [
              5.139232,
              45.866106
            ],
            [
              5.137611,
              45.866015
            ],
            [
              5.136556,
              45.865916
            ],
            [
              5.135601,
              45.865805
            ],
            [
              5.134741,
              45.865682
            ],
            [
              5.13363,
              45.865487
            ],
            [
              5.132588,
              45.865277
            ],
            [
              5.131617,
              45.865052
            ],
            [
              5.130576,
              45.864779
            ],
            [
              5.129536,
              45.864483
            ],
            [
              5.128482,
              45.864157
            ],
            [
              5.119921,
              45.86349
            ],
            [
              5.11905,
              45.862971
            ],
            [
              5.11364,
              45.8593
            ],
            [
              5.111379,
              45.858638
            ],
            [
              5.104076,
              45.863504
            ],
            [
              5.104304,
              45.868635
            ],
            [
              5.104548,
              45.870046
            ],
            [
              5.102237,
              45.872729
            ],
            [
              5.099881,
              45.875451
            ],
            [
              5.094527,
              45.875923
            ],
            [
              5.091466,
              45.874027
            ],
            [
              5.09154,
              45.86832
            ],
            [
              5.086751,
              45.865169
            ],
            [
              5.083423,
              45.86511
            ],
            [
              5.083436,
              45.864766
            ],
            [
              5.083446,
              45.864646
            ],
            [
              5.083704,
              45.863253
            ],
            [
              5.077901,
              45.856511
            ],
            [
              5.076874,
              45.857091
            ],
            [
              5.075541,
              45.858334
            ],
            [
              5.074928,
              45.858541
            ],
            [
              5.07023,
              45.861477
            ],
            [
              5.068324,
              45.860233
            ],
            [
              5.060404,
              45.859698
            ],
            [
              5.056828,
              45.861726
            ],
            [
              5.049626,
              45.860906
            ],
            [
              5.049429,
              45.860798
            ],
            [
              5.041248,
              45.857295
            ],
            [
              5.040974,
              45.857345
            ],
            [
              5.039783,
              45.857501
            ],
            [
              5.036312,
              45.856438
            ],
            [
              5.029585,
              45.850802
            ],
            [
              5.027443,
              45.852462
            ],
            [
              5.026442,
              45.854043
            ],
            [
              5.026144,
              45.854502
            ],
            [
              5.025433,
              45.855224
            ],
            [
              5.0222,
              45.860204
            ],
            [
              5.021541,
              45.863743
            ],
            [
              5.020841,
              45.86571
            ],
            [
              5.019821,
              45.866079
            ],
            [
              5.019359,
              45.866215
            ],
            [
              5.01933,
              45.866222
            ],
            [
              5.018753,
              45.866375
            ],
            [
              5.017033,
              45.863903
            ],
            [
              5.011468,
              45.861685
            ],
            [
              5.007402,
              45.863374
            ],
            [
              5.005579,
              45.86475
            ],
            [
              5.003006,
              45.867489
            ],
            [
              5.000025,
              45.869507
            ],
            [
              4.992983,
              45.872914
            ],
            [
              4.990524,
              45.875415
            ],
            [
              4.987031,
              45.876287
            ],
            [
              4.983058,
              45.876532
            ],
            [
              4.982616,
              45.876689
            ],
            [
              4.978264,
              45.881817
            ],
            [
              4.978496,
              45.885409
            ],
            [
              4.974369,
              45.890614
            ],
            [
              4.974936,
              45.898802
            ],
            [
              4.973408,
              45.899529
            ],
            [
              4.972948,
              45.8997
            ],
            [
              4.965119,
              45.90332
            ],
            [
              4.962481,
              45.90087
            ],
            [
              4.958927,
              45.89652
            ],
            [
              4.951308,
              45.900049
            ],
            [
              4.952343,
              45.903497
            ],
            [
              4.952108,
              45.903568
            ],
            [
              4.947823,
              45.908488
            ],
            [
              4.948469,
              45.91203
            ],
            [
              4.94771,
              45.918698
            ],
            [
              4.951269,
              45.922114
            ],
            [
              4.952261,
              45.924457
            ],
            [
              4.952394,
              45.927101
            ],
            [
              4.952332,
              45.927168
            ],
            [
              4.950586,
              45.927643
            ],
            [
              4.950489,
              45.927592
            ],
            [
              4.949182,
              45.926596
            ],
            [
              4.94804,
              45.925094
            ],
            [
              4.944834,
              45.920863
            ],
            [
              4.936291,
              45.922573
            ],
            [
              4.936113,
              45.922738
            ],
            [
              4.935329,
              45.923306
            ],
            [
              4.934383,
              45.922918
            ],
            [
              4.928556,
              45.920306
            ],
            [
              4.926801,
              45.919395
            ],
            [
              4.925114,
              45.918501
            ],
            [
              4.923809,
              45.917809
            ],
            [
              4.917172,
              45.916928
            ],
            [
              4.914547,
              45.917883
            ],
            [
              4.914094,
              45.91786
            ],
            [
              4.913523,
              45.917688
            ],
            [
              4.912758,
              45.917068
            ],
            [
              4.905537,
              45.913219
            ],
            [
              4.898326,
              45.916351
            ],
            [
              4.893599,
              45.91789
            ],
            [
              4.891017,
              45.924621
            ],
            [
              4.890965,
              45.924717
            ],
            [
              4.889298,
              45.925673
            ],
            [
              4.883896,
              45.931228
            ],
            [
              4.883064,
              45.932865
            ],
            [
              4.881549,
              45.932385
            ],
            [
              4.880296,
              45.93125
            ],
            [
              4.877273,
              45.924548
            ],
            [
              4.871337,
              45.922363
            ],
            [
              4.870132,
              45.922246
            ],
            [
              4.869532,
              45.92215
            ],
            [
              4.86449,
              45.917678
            ],
            [
              4.866042,
              45.91443
            ],
            [
              4.859288,
              45.909692
            ],
            [
              4.858322,
              45.910204
            ],
            [
              4.857179,
              45.910698
            ],
            [
              4.85629,
              45.911019
            ],
            [
              4.85573,
              45.911196
            ],
            [
              4.854864,
              45.911427
            ],
            [
              4.854114,
              45.911598
            ],
            [
              4.852776,
              45.911824
            ],
            [
              4.852092,
              45.911897
            ],
            [
              4.851068,
              45.911965
            ],
            [
              4.850028,
              45.911985
            ],
            [
              4.849154,
              45.911964
            ],
            [
              4.847772,
              45.911856
            ],
            [
              4.8459,
              45.911636
            ],
            [
              4.844896,
              45.911495
            ],
            [
              4.844144,
              45.911363
            ],
            [
              4.843503,
              45.91123
            ],
            [
              4.842409,
              45.910943
            ],
            [
              4.834312,
              45.910962
            ],
            [
              4.833254,
              45.91072
            ],
            [
              4.826023,
              45.914952
            ],
            [
              4.824151,
              45.916455
            ],
            [
              4.819433,
              45.920721
            ],
            [
              4.817959,
              45.923633
            ],
            [
              4.815201,
              45.926715
            ],
            [
              4.812626,
              45.929577
            ],
            [
              4.812149,
              45.929769
            ],
            [
              4.811404,
              45.929876
            ],
            [
              4.810616,
              45.929016
            ],
            [
              4.810383,
              45.928578
            ],
            [
              4.809618,
              45.92675
            ],
            [
              4.809399,
              45.92554
            ],
            [
              4.809779,
              45.923999
            ],
            [
              4.810086,
              45.922006
            ],
            [
              4.810627,
              45.917688
            ],
            [
              4.810824,
              45.916858
            ],
            [
              4.811122,
              45.915381
            ],
            [
              4.811321,
              45.91462
            ],
            [
              4.812955,
              45.910039
            ],
            [
              4.8064,
              45.905447
            ],
            [
              4.805614,
              45.905679
            ],
            [
              4.80471,
              45.905975
            ],
            [
              4.80388,
              45.906274
            ],
            [
              4.80255,
              45.906837
            ],
            [
              4.801948,
              45.907133
            ],
            [
              4.801352,
              45.90745
            ],
            [
              4.800843,
              45.907757
            ],
            [
              4.800413,
              45.908052
            ],
            [
              4.800172,
              45.908228
            ],
            [
              4.79956,
              45.908731
            ],
            [
              4.799149,
              45.909119
            ],
            [
              4.798471,
              45.909885
            ],
            [
              4.797864,
              45.91079
            ],
            [
              4.797148,
              45.912115
            ],
            [
              4.796521,
              45.913178
            ],
            [
              4.796093,
              45.91376
            ],
            [
              4.795564,
              45.914386
            ],
            [
              4.795031,
              45.914946
            ],
            [
              4.794272,
              45.915639
            ],
            [
              4.793391,
              45.916315
            ],
            [
              4.792729,
              45.916768
            ],
            [
              4.792135,
              45.917129
            ],
            [
              4.791614,
              45.917424
            ],
            [
              4.791092,
              45.917685
            ],
            [
              4.789888,
              45.918224
            ],
            [
              4.789285,
              45.918451
            ],
            [
              4.788632,
              45.91867
            ],
            [
              4.787892,
              45.91889
            ],
            [
              4.787192,
              45.919076
            ],
            [
              4.786573,
              45.91921
            ],
            [
              4.785742,
              45.919368
            ],
            [
              4.784965,
              45.919485
            ],
            [
              4.78395,
              45.919595
            ],
            [
              4.780973,
              45.919825
            ],
            [
              4.779387,
              45.919997
            ],
            [
              4.778197,
              45.920173
            ],
            [
              4.776805,
              45.920432
            ],
            [
              4.768668,
              45.923384
            ],
            [
              4.766554,
              45.924528
            ],
            [
              4.76528,
              45.925182
            ],
            [
              4.763922,
              45.925832
            ],
            [
              4.762394,
              45.926482
            ],
            [
              4.761265,
              45.926922
            ],
            [
              4.759702,
              45.92745
            ],
            [
              4.758163,
              45.928009
            ],
            [
              4.753508,
              45.929848
            ],
            [
              4.753102,
              45.929992
            ],
            [
              4.752622,
              45.930124
            ],
            [
              4.747246,
              45.931392
            ],
            [
              4.738374,
              45.932419
            ],
            [
              4.735859,
              45.933523
            ],
            [
              4.73352,
              45.934565
            ],
            [
              4.727951,
              45.938526
            ],
            [
              4.727543,
              45.938885
            ],
            [
              4.724634,
              45.941083
            ],
            [
              4.72328,
              45.942223
            ],
            [
              4.722173,
              45.943124
            ],
            [
              4.721839,
              45.943417
            ],
            [
              4.721142,
              45.944093
            ],
            [
              4.720572,
              45.944683
            ],
            [
              4.720112,
              45.945223
            ],
            [
              4.719571,
              45.945968
            ],
            [
              4.719203,
              45.946563
            ],
            [
              4.718896,
              45.954831
            ],
            [
              4.719412,
              45.955759
            ],
            [
              4.716266,
              45.957509
            ],
            [
              4.71575,
              45.956582
            ]
          ]
        ],
        "type": "Polygon"
      }
    },
    {
      "type": "Feature",
      "properties": {
        "group_index": 0,
        "value": 1800.0,
        "center": [
          5.367200136725911,
          43.301959960944686
        ],
        "station_name": "Bureau MARSEILLE",
        "station_type": "Bureau",
        "territoire": "Sud Med",
        "duration_minutes": 30,
        "station_lat": 43.30194059999999,
        "station_lon": 5.3672961,
        "color": "#238b45"
      },
      "geometry": {
        "coordinates": [
          [
            [
              5.183011,
              43.589391
            ],
            [
              5.184327,
              43.589076
            ],
            [
              5.185862,
              43.588744
            ],
            [
              5.18768,
              43.588382
            ],
            [
              5.191886,
              43.587561
            ],
            [
              5.193838,
              43.587184
            ],
            [
              5.194714,
              43.586995
            ],
            [
              5.195722,
              43.586747
            ],
            [
              5.198433,
              43.585887
            ],
            [
              5.200813,
              43.584822
            ],
            [
              5.207341,
              43.579275
            ],
            [
              5.209446,
              43.576331
            ],
            [
              5.211604,
              43.573317
            ],
            [
              5.21249,
              43.572152
            ],
            [
              5.213242,
              43.571303
            ],
            [
              5.213794,
              43.570759
            ],
            [
              5.214349,
              43.570257
            ],
            [
              5.215043,
              43.569716
            ],
            [
              5.215729,
              43.56923
            ],
            [
              5.218213,
              43.567842
            ],
            [
              5.220118,
              43.566992
            ],
            [
              5.225475,
              43.562955
            ],
            [
              5.226679,
              43.560716
            ],
            [
              5.227115,
              43.551892
            ],
            [
              5.224355,
              43.544091
            ],
            [
              5.22198,
              43.541872
            ],
            [
              5.221139,
              43.54101
            ],
            [
              5.219942,
              43.539694
            ],
            [
              5.219392,
              43.539028
            ],
            [
              5.218815,
              43.53821
            ],
            [
              5.218338,
              43.537441
            ],
            [
              5.217899,
              43.536574
            ],
            [
              5.217421,
              43.535349
            ],
            [
              5.217157,
              43.534294
            ],
            [
              5.21707,
              43.533786
            ],
            [
              5.217005,
              43.533214
            ],
            [
              5.216966,
              43.532158
            ],
            [
              5.217044,
              43.531185
            ],
            [
              5.217146,
              43.530533
            ],
            [
              5.217303,
              43.52988
            ],
            [
              5.217587,
              43.529018
            ],
            [
              5.217798,
              43.528485
            ],
            [
              5.218065,
              43.52792
            ],
            [
              5.218338,
              43.527411
            ],
            [
              5.218814,
              43.526636
            ],
            [
              5.219683,
              43.525497
            ],
            [
              5.221505,
              43.523527
            ],
            [
              5.223401,
              43.52159
            ],
            [
              5.218932,
              43.514602
            ],
            [
              5.218365,
              43.514302
            ],
            [
              5.218181,
              43.514205
            ],
            [
              5.217933,
              43.513984
            ],
            [
              5.209394,
              43.511975
            ],
            [
              5.208951,
              43.512506
            ],
            [
              5.208776,
              43.51272
            ],
            [
              5.208094,
              43.513203
            ],
            [
              5.204986,
              43.515803
            ],
            [
              5.202055,
              43.524262
            ],
            [
              5.198603,
              43.529355
            ],
            [
              5.197948,
              43.532895
            ],
            [
              5.196066,
              43.533567
            ],
            [
              5.193057,
              43.531591
            ],
            [
              5.191992,
              43.523505
            ],
            [
              5.194919,
              43.52141
            ],
            [
              5.200316,
              43.514767
            ],
            [
              5.201323,
              43.512989
            ],
            [
              5.202332,
              43.511206
            ],
            [
              5.202668,
              43.510667
            ],
            [
              5.203347,
              43.50971
            ],
            [
              5.206007,
              43.504948
            ],
            [
              5.203303,
              43.496676
            ],
            [
              5.202305,
              43.495971
            ],
            [
              5.201195,
              43.495353
            ],
            [
              5.200802,
              43.49517
            ],
            [
              5.200279,
              43.494949
            ],
            [
              5.199737,
              43.494757
            ],
            [
              5.198753,
              43.494485
            ],
            [
              5.19812,
              43.494356
            ],
            [
              5.197006,
              43.494222
            ],
            [
              5.196104,
              43.494178
            ],
            [
              5.191677,
              43.491351
            ],
            [
              5.185627,
              43.486568
            ],
            [
              5.177865,
              43.488564
            ],
            [
              5.176046,
              43.489934
            ],
            [
              5.175657,
              43.490239
            ],
            [
              5.173991,
              43.488242
            ],
            [
              5.173433,
              43.487409
            ],
            [
              5.172563,
              43.484488
            ],
            [
              5.172359,
              43.481597
            ],
            [
              5.172361,
              43.481595
            ],
            [
              5.180073,
              43.478568
            ],
            [
              5.180149,
              43.47854
            ],
            [
              5.181507,
              43.478863
            ],
            [
              5.181692,
              43.47902
            ],
            [
              5.18247,
              43.479707
            ],
            [
              5.189404,
              43.483869
            ],
            [
              5.189553,
              43.483948
            ],
            [
              5.189564,
              43.483954
            ],
            [
              5.189763,
              43.484057
            ],
            [
              5.195654,
              43.486562
            ],
            [
              5.19674,
              43.486933
            ],
            [
              5.198487,
              43.487643
            ],
            [
              5.198896,
              43.487835
            ],
            [
              5.201075,
              43.488722
            ],
            [
              5.203133,
              43.489596
            ],
            [
              5.20501,
              43.490403
            ],
            [
              5.205753,
              43.490651
            ],
            [
              5.210874,
              43.491615
            ],
            [
              5.212956,
              43.49164
            ],
            [
              5.219954,
              43.48668
            ],
            [
              5.220209,
              43.486146
            ],
            [
              5.220466,
              43.485734
            ],
            [
              5.220781,
              43.485336
            ],
            [
              5.222652,
              43.482503
            ],
            [
              5.223114,
              43.481596
            ],
            [
              5.223561,
              43.480855
            ],
            [
              5.225356,
              43.477102
            ],
            [
              5.226262,
              43.474548
            ],
            [
              5.22653,
              43.4738
            ],
            [
              5.22673,
              43.473391
            ],
            [
              5.22713,
              43.472744
            ],
            [
              5.228914,
              43.470446
            ],
            [
              5.227825,
              43.462807
            ],
            [
              5.225929,
              43.459166
            ],
            [
              5.225582,
              43.458384
            ],
            [
              5.225533,
              43.458271
            ],
            [
              5.225409,
              43.457914
            ],
            [
              5.221111,
              43.451343
            ],
            [
              5.214794,
              43.448236
            ],
            [
              5.213816,
              43.448045
            ],
            [
              5.213079,
              43.447826
            ],
            [
              5.212745,
              43.447676
            ],
            [
              5.211601,
              43.447004
            ],
            [
              5.211003,
              43.446158
            ],
            [
              5.210882,
              43.445221
            ],
            [
              5.211026,
              43.444671
            ],
            [
              5.211268,
              43.444194
            ],
            [
              5.214013,
              43.444331
            ],
            [
              5.215466,
              43.4447
            ],
            [
              5.215953,
              43.444775
            ],
            [
              5.220315,
              43.444198
            ],
            [
              5.220451,
              43.444138
            ],
            [
              5.224825,
              43.438575
            ],
            [
              5.225753,
              43.438251
            ],
            [
              5.226651,
              43.438372
            ],
            [
              5.23293,
              43.432466
            ],
            [
              5.232794,
              43.43101
            ],
            [
              5.226346,
              43.424774
            ],
            [
              5.225499,
              43.424856
            ],
            [
              5.224269,
              43.42513
            ],
            [
              5.2213,
              43.426962
            ],
            [
              5.218781,
              43.428725
            ],
            [
              5.218368,
              43.428964
            ],
            [
              5.217921,
              43.429191
            ],
            [
              5.217095,
              43.429545
            ],
            [
              5.216326,
              43.429796
            ],
            [
              5.215791,
              43.429936
            ],
            [
              5.215238,
              43.43005
            ],
            [
              5.214729,
              43.430129
            ],
            [
              5.214033,
              43.430198
            ],
            [
              5.213514,
              43.430227
            ],
            [
              5.209194,
              43.431934
            ],
            [
              5.208852,
              43.432212
            ],
            [
              5.208502,
              43.432413
            ],
            [
              5.207939,
              43.432659
            ],
            [
              5.207732,
              43.432764
            ],
            [
              5.206131,
              43.433918
            ],
            [
              5.204529,
              43.435073
            ],
            [
              5.201858,
              43.436968
            ],
            [
              5.201813,
              43.437003
            ],
            [
              5.20044,
              43.438235
            ],
            [
              5.198376,
              43.439853
            ],
            [
              5.192873,
              43.435629
            ],
            [
              5.189923,
              43.434777
            ],
            [
              5.189191,
              43.434009
            ],
            [
              5.186836,
              43.431782
            ],
            [
              5.183287,
              43.429122
            ],
            [
              5.181277,
              43.427472
            ],
            [
              5.180866,
              43.427026
            ],
            [
              5.180354,
              43.42443
            ],
            [
              5.181426,
              43.424392
            ],
            [
              5.183079,
              43.424187
            ],
            [
              5.183855,
              43.424959
            ],
            [
              5.185559,
              43.42633
            ],
            [
              5.187403,
              43.427321
            ],
            [
              5.188768,
              43.428655
            ],
            [
              5.189003,
              43.428907
            ],
            [
              5.190152,
              43.429879
            ],
            [
              5.190678,
              43.430358
            ],
            [
              5.191738,
              43.431457
            ],
            [
              5.192074,
              43.431793
            ],
            [
              5.192487,
              43.432251
            ],
            [
              5.198977,
              43.433673
            ],
            [
              5.199325,
              43.425346
            ],
            [
              5.19769,
              43.4233
            ],
            [
              5.197692,
              43.423245
            ],
            [
              5.198003,
              43.41979
            ],
            [
              5.193923,
              43.413764
            ],
            [
              5.192826,
              43.412814
            ],
            [
              5.192316,
              43.412219
            ],
            [
              5.193269,
              43.408196
            ],
            [
              5.193335,
              43.408055
            ],
            [
              5.196195,
              43.404096
            ],
            [
              5.191023,
              43.398721
            ],
            [
              5.187238,
              43.398787
            ],
            [
              5.182633,
              43.399262
            ],
            [
              5.180208,
              43.400568
            ],
            [
              5.179456,
              43.401157
            ],
            [
              5.177914,
              43.401243
            ],
            [
              5.177112,
              43.400503
            ],
            [
              5.169606,
              43.397333
            ],
            [
              5.166868,
              43.397262
            ],
            [
              5.162289,
              43.396367
            ],
            [
              5.15679,
              43.396508
            ],
            [
              5.152599,
              43.396822
            ],
            [
              5.14807,
              43.402985
            ],
            [
              5.146521,
              43.406235
            ],
            [
              5.142999,
              43.404596
            ],
            [
              5.141983,
              43.404095
            ],
            [
              5.140774,
              43.403526
            ],
            [
              5.135021,
              43.401136
            ],
            [
              5.132729,
              43.400459
            ],
            [
              5.132481,
              43.40036
            ],
            [
              5.132057,
              43.400111
            ],
            [
              5.123151,
              43.399079
            ],
            [
              5.121574,
              43.400264
            ],
            [
              5.118703,
              43.402521
            ],
            [
              5.117923,
              43.403414
            ],
            [
              5.116199,
              43.403932
            ],
            [
              5.114785,
              43.404411
            ],
            [
              5.113399,
              43.404731
            ],
            [
              5.112339,
              43.404873
            ],
            [
              5.111353,
              43.40492
            ],
            [
              5.110036,
              43.404881
            ],
            [
              5.109397,
              43.404805
            ],
            [
              5.108476,
              43.404664
            ],
            [
              5.107818,
              43.404516
            ],
            [
              5.102228,
              43.40343
            ],
            [
              5.101613,
              43.403321
            ],
            [
              5.100822,
              43.403093
            ],
            [
              5.093194,
              43.401328
            ],
            [
              5.089711,
              43.40091
            ],
            [
              5.087439,
              43.40067
            ],
            [
              5.083127,
              43.400527
            ],
            [
              5.079281,
              43.400537
            ],
            [
              5.075408,
              43.400546
            ],
            [
              5.070947,
              43.400765
            ],
            [
              5.07008,
              43.400893
            ],
            [
              5.068411,
              43.400923
            ],
            [
              5.065794,
              43.401378
            ],
            [
              5.064113,
              43.401656
            ],
            [
              5.058432,
              43.407941
            ],
            [
              5.05838,
              43.408612
            ],
            [
              5.054923,
              43.408391
            ],
            [
              5.054791,
              43.408331
            ],
            [
              5.050366,
              43.40496
            ],
            [
              5.045353,
              43.410061
            ],
            [
              5.045139,
              43.413216
            ],
            [
              5.04482,
              43.413621
            ],
            [
              5.044377,
              43.413742
            ],
            [
              5.042761,
              43.413408
            ],
            [
              5.040952,
              43.413066
            ],
            [
              5.032894,
              43.412655
            ],
            [
              5.031774,
              43.412958
            ],
            [
              5.030897,
              43.413136
            ],
            [
              5.029835,
              43.413298
            ],
            [
              5.023603,
              43.414198
            ],
            [
              5.022275,
              43.414361
            ],
            [
              5.017787,
              43.414873
            ],
            [
              5.017364,
              43.41491
            ],
            [
              5.01553,
              43.414994
            ],
            [
              5.01201,
              43.415162
            ],
            [
              5.011838,
              43.411566
            ],
            [
              5.015358,
              43.411398
            ],
            [
              5.015829,
              43.411361
            ],
            [
              5.018334,
              43.411051
            ],
            [
              5.021617,
              43.410646
            ],
            [
              5.023164,
              43.410625
            ],
            [
              5.024967,
              43.410229
            ],
            [
              5.026867,
              43.409986
            ],
            [
              5.029465,
              43.409717
            ],
            [
              5.030315,
              43.409584
            ],
            [
              5.031051,
              43.409431
            ],
            [
              5.031943,
              43.409183
            ],
            [
              5.033102,
              43.400335
            ],
            [
              5.029744,
              43.398973
            ],
            [
              5.028092,
              43.398781
            ],
            [
              5.028506,
              43.395205
            ],
            [
              5.03494,
              43.394376
            ],
            [
              5.041334,
              43.394875
            ],
            [
              5.046045,
              43.394142
            ],
            [
              5.051,
              43.392759
            ],
            [
              5.051622,
              43.392545
            ],
            [
              5.053595,
              43.39223
            ],
            [
              5.05424,
              43.39215
            ],
            [
              5.055011,
              43.392112
            ],
            [
              5.055614,
              43.392116
            ],
            [
              5.056473,
              43.392172
            ],
            [
              5.061962,
              43.392285
            ],
            [
              5.062989,
              43.39227
            ],
            [
              5.063658,
              43.392309
            ],
            [
              5.064213,
              43.392373
            ],
            [
              5.064932,
              43.392493
            ],
            [
              5.065621,
              43.392655
            ],
            [
              5.066279,
              43.392849
            ],
            [
              5.066976,
              43.393108
            ],
            [
              5.074541,
              43.393958
            ],
            [
              5.077162,
              43.393414
            ],
            [
              5.077523,
              43.393526
            ],
            [
              5.077808,
              43.393622
            ],
            [
              5.082295,
              43.395917
            ],
            [
              5.087763,
              43.397085
            ],
            [
              5.090089,
              43.39733
            ],
            [
              5.093623,
              43.397753
            ],
            [
              5.097131,
              43.398174
            ],
            [
              5.099983,
              43.398507
            ],
            [
              5.105216,
              43.398151
            ],
            [
              5.109225,
              43.397166
            ],
            [
              5.113935,
              43.391733
            ],
            [
              5.113598,
              43.388128
            ],
            [
              5.113556,
              43.385669
            ],
            [
              5.113438,
              43.384532
            ],
            [
              5.114221,
              43.384245
            ],
            [
              5.116661,
              43.383326
            ],
            [
              5.11674,
              43.383413
            ],
            [
              5.124207,
              43.384902
            ],
            [
              5.126408,
              43.381816
            ],
            [
              5.127105,
              43.378284
            ],
            [
              5.128925,
              43.378643
            ],
            [
              5.134531,
              43.378363
            ],
            [
              5.136904,
              43.38107
            ],
            [
              5.144556,
              43.385716
            ],
            [
              5.146434,
              43.38486
            ],
            [
              5.146771,
              43.384711
            ],
            [
              5.147804,
              43.384374
            ],
            [
              5.150326,
              43.382929
            ],
            [
              5.15297,
              43.381457
            ],
            [
              5.153911,
              43.380972
            ],
            [
              5.155116,
              43.380383
            ],
            [
              5.156272,
              43.379872
            ],
            [
              5.157699,
              43.379307
            ],
            [
              5.158906,
              43.378885
            ],
            [
              5.160402,
              43.378425
            ],
            [
              5.162393,
              43.377893
            ],
            [
              5.163706,
              43.377598
            ],
            [
              5.165685,
              43.377202
            ],
            [
              5.167601,
              43.37682
            ],
            [
              5.168654,
              43.376571
            ],
            [
              5.169443,
              43.376352
            ],
            [
              5.17007,
              43.376134
            ],
            [
              5.170636,
              43.375911
            ],
            [
              5.171223,
              43.375648
            ],
            [
              5.173524,
              43.374518
            ],
            [
              5.174739,
              43.373958
            ],
            [
              5.175851,
              43.373491
            ],
            [
              5.176011,
              43.364702
            ],
            [
              5.173945,
              43.364575
            ],
            [
              5.172441,
              43.365045
            ],
            [
              5.171991,
              43.365205
            ],
            [
              5.171053,
              43.365504
            ],
            [
              5.170195,
              43.365784
            ],
            [
              5.168815,
              43.366025
            ],
            [
              5.167964,
              43.365723
            ],
            [
              5.162511,
              43.363479
            ],
            [
              5.162038,
              43.363458
            ],
            [
              5.160802,
              43.363077
            ],
            [
              5.155076,
              43.363111
            ],
            [
              5.154044,
              43.363512
            ],
            [
              5.153084,
              43.363635
            ],
            [
              5.151838,
              43.363543
            ],
            [
              5.146116,
              43.363749
            ],
            [
              5.144809,
              43.364266
            ],
            [
              5.144047,
              43.363221
            ],
            [
              5.143485,
              43.360918
            ],
            [
              5.144792,
              43.360401
            ],
            [
              5.145703,
              43.360043
            ],
            [
              5.147029,
              43.359592
            ],
            [
              5.147812,
              43.359417
            ],
            [
              5.148947,
              43.35938
            ],
            [
              5.15056,
              43.35952
            ],
            [
              5.157316,
              43.356034
            ],
            [
              5.157811,
              43.352496
            ],
            [
              5.157089,
              43.346247
            ],
            [
              5.150074,
              43.342486
            ],
            [
              5.149065,
              43.34254
            ],
            [
              5.1481,
              43.342546
            ],
            [
              5.147375,
              43.342514
            ],
            [
              5.146517,
              43.34244
            ],
            [
              5.139277,
              43.346557
            ],
            [
              5.138475,
              43.347384
            ],
            [
              5.137981,
              43.347741
            ],
            [
              5.137575,
              43.347969
            ],
            [
              5.135817,
              43.344827
            ],
            [
              5.128902,
              43.344769
            ],
            [
              5.126197,
              43.346604
            ],
            [
              5.125281,
              43.347392
            ],
            [
              5.123027,
              43.348311
            ],
            [
              5.118594,
              43.34653
            ],
            [
              5.113692,
              43.34994
            ],
            [
              5.10572,
              43.352451
            ],
            [
              5.104814,
              43.356908
            ],
            [
              5.10355,
              43.359506
            ],
            [
              5.100037,
              43.358719
            ],
            [
              5.097641,
              43.351993
            ],
            [
              5.095764,
              43.348979
            ],
            [
              5.088353,
              43.346256
            ],
            [
              5.087809,
              43.346294
            ],
            [
              5.087004,
              43.346323
            ],
            [
              5.084533,
              43.346309
            ],
            [
              5.083576,
              43.346335
            ],
            [
              5.082434,
              43.346404
            ],
            [
              5.08078,
              43.346592
            ],
            [
              5.078781,
              43.346851
            ],
            [
              5.075606,
              43.347233
            ],
            [
              5.072413,
              43.347618
            ],
            [
              5.06984,
              43.347898
            ],
            [
              5.069373,
              43.347921
            ],
            [
              5.068905,
              43.347924
            ],
            [
              5.067762,
              43.347907
            ],
            [
              5.067816,
              43.344307
            ],
            [
              5.07202,
              43.34404
            ],
            [
              5.075176,
              43.343659
            ],
            [
              5.07835,
              43.343277
            ],
            [
              5.080318,
              43.343022
            ],
            [
              5.082028,
              43.342827
            ],
            [
              5.083351,
              43.342742
            ],
            [
              5.084431,
              43.342711
            ],
            [
              5.087022,
              43.342723
            ],
            [
              5.087673,
              43.342697
            ],
            [
              5.088533,
              43.342611
            ],
            [
              5.09544,
              43.336856
            ],
            [
              5.096583,
              43.334711
            ],
            [
              5.096645,
              43.33467
            ],
            [
              5.098703,
              43.33338
            ],
            [
              5.105892,
              43.329215
            ],
            [
              4.518239,
              42.273476
            ],
            [
              3.731702,
              41.329616
            ],
            [
              3.734468,
              41.327311
            ],
            [
              4.521005,
              42.271171
            ],
            [
              5.303467,
              43.212102
            ],
            [
              5.30557,
              43.210814
            ],
            [
              5.30656,
              43.210352
            ],
            [
              5.309086,
              43.211585
            ],
            [
              5.309574,
              43.212322
            ],
            [
              5.311039,
              43.219278
            ],
            [
              5.313353,
              43.223257
            ],
            [
              5.315054,
              43.227339
            ],
            [
              5.316754,
              43.231421
            ],
            [
              5.318457,
              43.235508
            ],
            [
              5.32138,
              43.23937
            ],
            [
              5.323079,
              43.24345
            ],
            [
              5.324779,
              43.24753
            ],
            [
              5.326481,
              43.251618
            ],
            [
              5.328184,
              43.255706
            ],
            [
              5.329887,
              43.259793
            ],
            [
              5.33159,
              43.263881
            ],
            [
              5.333292,
              43.267968
            ],
            [
              5.334995,
              43.272056
            ],
            [
              5.336698,
              43.276144
            ],
            [
              5.338401,
              43.280231
            ],
            [
              5.339383,
              43.283626
            ],
            [
              5.347658,
              43.281821
            ],
            [
              5.348759,
              43.281077
            ],
            [
              5.349493,
              43.28048
            ],
            [
              5.353084,
              43.27744
            ],
            [
              5.353679,
              43.276845
            ],
            [
              5.354595,
              43.276218
            ],
            [
              5.361062,
              43.270753
            ],
            [
              5.365115,
              43.268299
            ],
            [
              5.365775,
              43.267897
            ],
            [
              5.369913,
              43.265144
            ],
            [
              5.373883,
              43.258963
            ],
            [
              5.374187,
              43.253771
            ],
            [
              5.374073,
              43.247394
            ],
            [
              5.369955,
              43.244258
            ],
            [
              5.363261,
              43.242369
            ],
            [
              5.362854,
              43.242137
            ],
            [
              5.362605,
              43.240223
            ],
            [
              5.360855,
              43.236703
            ],
            [
              5.352863,
              43.233834
            ],
            [
              5.352411,
              43.233884
            ],
            [
              5.351811,
              43.23387
            ],
            [
              5.351451,
              43.233808
            ],
            [
              5.347314,
              43.228551
            ],
            [
              5.346876,
              43.228193
            ],
            [
              5.346426,
              43.227488
            ],
            [
              5.344725,
              43.22439
            ],
            [
              5.344336,
              43.223682
            ],
            [
              5.343798,
              43.222381
            ],
            [
              5.343628,
              43.220134
            ],
            [
              5.343455,
              43.216376
            ],
            [
              5.344789,
              43.215285
            ],
            [
              5.348294,
              43.211771
            ],
            [
              5.353322,
              43.211102
            ],
            [
              5.35538,
              43.211352
            ],
            [
              5.355759,
              43.211691
            ],
            [
              5.355306,
              43.214107
            ],
            [
              5.355172,
              43.214195
            ],
            [
              5.351396,
              43.215409
            ],
            [
              5.349385,
              43.223546
            ],
            [
              5.352964,
              43.226104
            ],
            [
              5.353578,
              43.226395
            ],
            [
              5.354025,
              43.226763
            ],
            [
              5.355057,
              43.227803
            ],
            [
              5.355257,
              43.228134
            ],
            [
              5.364179,
              43.227501
            ],
            [
              5.36586,
              43.227073
            ],
            [
              5.36593,
              43.227119
            ],
            [
              5.366014,
              43.22732
            ],
            [
              5.370366,
              43.233837
            ],
            [
              5.377878,
              43.235214
            ],
            [
              5.378844,
              43.235004
            ],
            [
              5.379188,
              43.235
            ],
            [
              5.380629,
              43.234963
            ],
            [
              5.381189,
              43.235043
            ],
            [
              5.38137,
              43.235096
            ],
            [
              5.385774,
              43.237105
            ],
            [
              5.387885,
              43.237277
            ],
            [
              5.38994,
              43.236879
            ],
            [
              5.394884,
              43.230959
            ],
            [
              5.396118,
              43.229563
            ],
            [
              5.396197,
              43.229478
            ],
            [
              5.402194,
              43.225148
            ],
            [
              5.40408,
              43.223974
            ],
            [
              5.40831,
              43.229116
            ],
            [
              5.412918,
              43.227372
            ],
            [
              5.416595,
              43.224466
            ],
            [
              5.417592,
              43.222783
            ],
            [
              5.417708,
              43.222928
            ],
            [
              5.417613,
              43.223122
            ],
            [
              5.416919,
              43.22515
            ],
            [
              5.41668,
              43.227567
            ],
            [
              5.417583,
              43.236144
            ],
            [
              5.417887,
              43.236833
            ],
            [
              5.422582,
              43.242296
            ],
            [
              5.428741,
              43.237983
            ],
            [
              5.428993,
              43.23498
            ],
            [
              5.429154,
              43.233926
            ],
            [
              5.4296,
              43.233206
            ],
            [
              5.430079,
              43.232805
            ],
            [
              5.430653,
              43.232501
            ],
            [
              5.436826,
              43.230498
            ],
            [
              5.436934,
              43.2305
            ],
            [
              5.437905,
              43.231305
            ],
            [
              5.446153,
              43.23316
            ],
            [
              5.446957,
              43.233346
            ],
            [
              5.455142,
              43.232498
            ],
            [
              5.455943,
              43.232238
            ],
            [
              5.45638,
              43.232177
            ],
            [
              5.458074,
              43.233907
            ],
            [
              5.45866,
              43.234412
            ],
            [
              5.466942,
              43.236794
            ],
            [
              5.467686,
              43.236668
            ],
            [
              5.468135,
              43.236631
            ],
            [
              5.468441,
              43.236625
            ],
            [
              5.468809,
              43.236636
            ],
            [
              5.469234,
              43.236675
            ],
            [
              5.472284,
              43.237094
            ],
            [
              5.478628,
              43.233699
            ],
            [
              5.481152,
              43.23184
            ],
            [
              5.48498,
              43.232567
            ],
            [
              5.492745,
              43.236097
            ],
            [
              5.49373,
              43.235953
            ],
            [
              5.494721,
              43.235844
            ],
            [
              5.49721,
              43.235617
            ],
            [
              5.498317,
              43.235525
            ],
            [
              5.499081,
              43.235484
            ],
            [
              5.500086,
              43.235414
            ],
            [
              5.503735,
              43.235324
            ],
            [
              5.510122,
              43.229419
            ],
            [
              5.510222,
              43.229341
            ],
            [
              5.51107,
              43.228845
            ],
            [
              5.512042,
              43.228572
            ],
            [
              5.512766,
              43.228699
            ],
            [
              5.521551,
              43.228667
            ],
            [
              5.521998,
              43.228577
            ],
            [
              5.522388,
              43.228535
            ],
            [
              5.529926,
              43.225103
            ],
            [
              5.530536,
              43.224104
            ],
            [
              5.531319,
              43.223636
            ],
            [
              5.532145,
              43.223169
            ],
            [
              5.532761,
              43.222832
            ],
            [
              5.533364,
              43.222697
            ],
            [
              5.534209,
              43.222748
            ],
            [
              5.534898,
              43.223039
            ],
            [
              5.541999,
              43.217876
            ],
            [
              5.541964,
              43.217434
            ],
            [
              5.542144,
              43.216615
            ],
            [
              5.542633,
              43.215865
            ],
            [
              5.544735,
              43.213633
            ],
            [
              5.548314,
              43.213341
            ],
            [
              5.553277,
              43.208603
            ],
            [
              5.553486,
              43.208074
            ],
            [
              5.553669,
              43.207747
            ],
            [
              5.555688,
              43.20618
            ],
            [
              5.556666,
              43.205738
            ],
            [
              5.561222,
              43.205384
            ],
            [
              5.562391,
              43.2061
            ],
            [
              5.562273,
              43.208828
            ],
            [
              5.565016,
              43.217371
            ],
            [
              5.567733,
              43.2174
            ],
            [
              5.573336,
              43.213085
            ],
            [
              5.573877,
              43.212269
            ],
            [
              5.574441,
              43.211582
            ],
            [
              5.574722,
              43.211358
            ],
            [
              5.575451,
              43.211008
            ],
            [
              5.578731,
              43.2082
            ],
            [
              5.579066,
              43.207764
            ],
            [
              5.579565,
              43.207236
            ],
            [
              5.580413,
              43.206528
            ],
            [
              5.585976,
              43.199981
            ],
            [
              5.587883,
              43.194521
            ],
            [
              5.589256,
              43.194411
            ],
            [
              5.591536,
              43.19417
            ],
            [
              5.592188,
              43.194264
            ],
            [
              5.59938,
              43.191821
            ],
            [
              5.601401,
              43.188541
            ],
            [
              5.60187,
              43.18719
            ],
            [
              5.601926,
              43.187186
            ],
            [
              5.845767,
              42.38508
            ],
            [
              6.384975,
              41.559807
            ],
            [
              6.387988,
              41.561776
            ],
            [
              5.848781,
              42.387049
            ],
            [
              5.656527,
              43.189831
            ],
            [
              5.657604,
              43.189817
            ],
            [
              5.658593,
              43.18989
            ],
            [
              5.659596,
              43.190026
            ],
            [
              5.664703,
              43.190917
            ],
            [
              5.667024,
              43.191438
            ],
            [
              5.66653,
              43.195004
            ],
            [
              5.664771,
              43.19476
            ],
            [
              5.663717,
              43.194568
            ],
            [
              5.661981,
              43.1942
            ],
            [
              5.658861,
              43.19355
            ],
            [
              5.651184,
              43.195518
            ],
            [
              5.650176,
              43.19606
            ],
            [
              5.649304,
              43.196499
            ],
            [
              5.648456,
              43.196839
            ],
            [
              5.647794,
              43.197086
            ],
            [
              5.646594,
              43.197485
            ],
            [
              5.643146,
              43.198581
            ],
            [
              5.639719,
              43.19967
            ],
            [
              5.633662,
              43.205521
            ],
            [
              5.633341,
              43.206414
            ],
            [
              5.633118,
              43.206902
            ],
            [
              5.632947,
              43.207247
            ],
            [
              5.632608,
              43.207799
            ],
            [
              5.632165,
              43.208385
            ],
            [
              5.631827,
              43.208752
            ],
            [
              5.631468,
              43.209099
            ],
            [
              5.631073,
              43.209444
            ],
            [
              5.630617,
              43.209787
            ],
            [
              5.630024,
              43.210166
            ],
            [
              5.629601,
              43.210404
            ],
            [
              5.629014,
              43.210687
            ],
            [
              5.628441,
              43.210929
            ],
            [
              5.627815,
              43.211149
            ],
            [
              5.627093,
              43.211341
            ],
            [
              5.626499,
              43.211461
            ],
            [
              5.625976,
              43.211548
            ],
            [
              5.625482,
              43.211607
            ],
            [
              5.624837,
              43.21165
            ],
            [
              5.623865,
              43.211654
            ],
            [
              5.623154,
              43.211619
            ],
            [
              5.622556,
              43.211534
            ],
            [
              5.621689,
              43.211373
            ],
            [
              5.621057,
              43.211213
            ],
            [
              5.620522,
              43.21105
            ],
            [
              5.617563,
              43.210047
            ],
            [
              5.615429,
              43.209309
            ],
            [
              5.613304,
              43.208574
            ],
            [
              5.609441,
              43.207252
            ],
            [
              5.602188,
              43.208159
            ],
            [
              5.601571,
              43.208298
            ],
            [
              5.601452,
              43.208296
            ],
            [
              5.5991,
              43.208607
            ],
            [
              5.595055,
              43.215081
            ],
            [
              5.595615,
              43.217976
            ],
            [
              5.593175,
              43.22174
            ],
            [
              5.592752,
              43.222516
            ],
            [
              5.591834,
              43.224615
            ],
            [
              5.591446,
              43.225562
            ],
            [
              5.591134,
              43.230757
            ],
            [
              5.596235,
              43.234314
            ],
            [
              5.597132,
              43.2343
            ],
            [
              5.598526,
              43.23449
            ],
            [
              5.602623,
              43.234901
            ],
            [
              5.603304,
              43.234975
            ],
            [
              5.605093,
              43.235561
            ],
            [
              5.612571,
              43.231779
            ],
            [
              5.612863,
              43.231194
            ],
            [
              5.613118,
              43.230552
            ],
            [
              5.616605,
              43.231445
            ],
            [
              5.616434,
              43.232114
            ],
            [
              5.616082,
              43.234545
            ],
            [
              5.616067,
              43.234944
            ],
            [
              5.615986,
              43.235755
            ],
            [
              5.62027,
              43.243523
            ],
            [
              5.627226,
              43.249188
            ],
            [
              5.635538,
              43.249718
            ],
            [
              5.637484,
              43.251463
            ],
            [
              5.641619,
              43.254433
            ],
            [
              5.649532,
              43.254531
            ],
            [
              5.64994,
              43.254611
            ],
            [
              5.650024,
              43.257036
            ],
            [
              5.650051,
              43.258015
            ],
            [
              5.654413,
              43.264797
            ],
            [
              5.657413,
              43.265185
            ],
            [
              5.661044,
              43.264189
            ],
            [
              5.665671,
              43.25887
            ],
            [
              5.665792,
              43.258499
            ],
            [
              5.668591,
              43.258424
            ],
            [
              5.669873,
              43.258525
            ],
            [
              5.675033,
              43.263132
            ],
            [
              5.67669,
              43.264395
            ],
            [
              5.677089,
              43.26484
            ],
            [
              5.677174,
              43.264973
            ],
            [
              5.679957,
              43.26931
            ],
            [
              5.680259,
              43.269965
            ],
            [
              5.681145,
              43.273107
            ],
            [
              5.680665,
              43.273316
            ],
            [
              5.679847,
              43.273569
            ],
            [
              5.678753,
              43.273383
            ],
            [
              5.677945,
              43.27299
            ],
            [
              5.674103,
              43.269921
            ],
            [
              5.671037,
              43.26846
            ],
            [
              5.662098,
              43.269095
            ],
            [
              5.661388,
              43.269352
            ],
            [
              5.660675,
              43.269436
            ],
            [
              5.660252,
              43.269422
            ],
            [
              5.659823,
              43.269346
            ],
            [
              5.656491,
              43.269031
            ],
            [
              5.650999,
              43.274953
            ],
            [
              5.648292,
              43.277081
            ],
            [
              5.647784,
              43.276857
            ],
            [
              5.647349,
              43.276647
            ],
            [
              5.646464,
              43.276282
            ],
            [
              5.639085,
              43.275625
            ],
            [
              5.635979,
              43.277445
            ],
            [
              5.635824,
              43.286312
            ],
            [
              5.644238,
              43.288916
            ],
            [
              5.645178,
              43.288905
            ],
            [
              5.647558,
              43.288689
            ],
            [
              5.650372,
              43.290602
            ],
            [
              5.6504,
              43.290635
            ],
            [
              5.649946,
              43.291383
            ],
            [
              5.648752,
              43.293573
            ],
            [
              5.643485,
              43.294304
            ],
            [
              5.643059,
              43.294382
            ],
            [
              5.640457,
              43.294976
            ],
            [
              5.63227,
              43.298136
            ],
            [
              5.626982,
              43.301477
            ],
            [
              5.625813,
              43.301965
            ],
            [
              5.619265,
              43.304152
            ],
            [
              5.616362,
              43.312457
            ],
            [
              5.616523,
              43.313121
            ],
            [
              5.617098,
              43.316347
            ],
            [
              5.616667,
              43.322903
            ],
            [
              5.617261,
              43.32837
            ],
            [
              5.618389,
              43.332337
            ],
            [
              5.618389,
              43.332416
            ],
            [
              5.616822,
              43.334031
            ],
            [
              5.616686,
              43.334043
            ],
            [
              5.61328,
              43.342306
            ],
            [
              5.613824,
              43.342854
            ],
            [
              5.614612,
              43.343586
            ],
            [
              5.616059,
              43.344829
            ],
            [
              5.617509,
              43.346075
            ],
            [
              5.62031,
              43.34852
            ],
            [
              5.621137,
              43.349138
            ],
            [
              5.621666,
              43.349684
            ],
            [
              5.62209,
              43.350233
            ],
            [
              5.62527,
              43.353435
            ],
            [
              5.626007,
              43.354062
            ],
            [
              5.626706,
              43.354766
            ],
            [
              5.628295,
              43.356488
            ],
            [
              5.62895,
              43.357134
            ],
            [
              5.629428,
              43.357573
            ],
            [
              5.630169,
              43.358208
            ],
            [
              5.630824,
              43.358694
            ],
            [
              5.631889,
              43.359433
            ],
            [
              5.632656,
              43.359907
            ],
            [
              5.641177,
              43.357749
            ],
            [
              5.641325,
              43.35756
            ],
            [
              5.641823,
              43.357172
            ],
            [
              5.648565,
              43.357619
            ],
            [
              5.648949,
              43.357549
            ],
            [
              5.650365,
              43.357746
            ],
            [
              5.658066,
              43.35348
            ],
            [
              5.657376,
              43.350745
            ],
            [
              5.656721,
              43.34962
            ],
            [
              5.65645,
              43.3481
            ],
            [
              5.656871,
              43.346976
            ],
            [
              5.658516,
              43.344572
            ],
            [
              5.658896,
              43.344673
            ],
            [
              5.659358,
              43.344885
            ],
            [
              5.65998,
              43.34543
            ],
            [
              5.660441,
              43.346508
            ],
            [
              5.660898,
              43.347808
            ],
            [
              5.663881,
              43.353654
            ],
            [
              5.666737,
              43.356634
            ],
            [
              5.668526,
              43.359053
            ],
            [
              5.671504,
              43.367406
            ],
            [
              5.675364,
              43.372858
            ],
            [
              5.678156,
              43.374933
            ],
            [
              5.677514,
              43.377458
            ],
            [
              5.677164,
              43.378394
            ],
            [
              5.668605,
              43.378928
            ],
            [
              5.668504,
              43.37895
            ],
            [
              5.666629,
              43.379121
            ],
            [
              5.66127,
              43.385911
            ],
            [
              5.66047,
              43.386677
            ],
            [
              5.659988,
              43.387091
            ],
            [
              5.658658,
              43.387105
            ],
            [
              5.658394,
              43.386924
            ],
            [
              5.657962,
              43.386519
            ],
            [
              5.656065,
              43.382994
            ],
            [
              5.655349,
              43.380596
            ],
            [
              5.647967,
              43.377174
            ],
            [
              5.647596,
              43.377238
            ],
            [
              5.64462,
              43.377193
            ],
            [
              5.644106,
              43.377262
            ],
            [
              5.636945,
              43.374567
            ],
            [
              5.636793,
              43.374545
            ],
            [
              5.630046,
              43.37475
            ],
            [
              5.627433,
              43.375787
            ],
            [
              5.62734,
              43.375716
            ],
            [
              5.626927,
              43.375271
            ],
            [
              5.626605,
              43.374429
            ],
            [
              5.626275,
              43.37316
            ],
            [
              5.625976,
              43.372334
            ],
            [
              5.625353,
              43.37081
            ],
            [
              5.625851,
              43.367244
            ],
            [
              5.627427,
              43.363931
            ],
            [
              5.626362,
              43.359796
            ],
            [
              5.619165,
              43.35934
            ],
            [
              5.618477,
              43.359854
            ],
            [
              5.617542,
              43.360482
            ],
            [
              5.615862,
              43.362697
            ],
            [
              5.615604,
              43.363343
            ],
            [
              5.614875,
              43.36615
            ],
            [
              5.614647,
              43.366516
            ],
            [
              5.614276,
              43.367028
            ],
            [
              5.613807,
              43.367582
            ],
            [
              5.613362,
              43.368017
            ],
            [
              5.610528,
              43.375134
            ],
            [
              5.610456,
              43.375929
            ],
            [
              5.610137,
              43.377181
            ],
            [
              5.610346,
              43.383057
            ],
            [
              5.611198,
              43.385248
            ],
            [
              5.611036,
              43.385571
            ],
            [
              5.608975,
              43.392118
            ],
            [
              5.607866,
              43.394498
            ],
            [
              5.607238,
              43.395847
            ],
            [
              5.606172,
              43.398361
            ],
            [
              5.603008,
              43.399522
            ],
            [
              5.60024,
              43.399528
            ],
            [
              5.59288,
              43.399796
            ],
            [
              5.589655,
              43.401662
            ],
            [
              5.587954,
              43.402034
            ],
            [
              5.587838,
              43.402001
            ],
            [
              5.579271,
              43.404718
            ],
            [
              5.580603,
              43.408106
            ],
            [
              5.580943,
              43.409297
            ],
            [
              5.581118,
              43.410239
            ],
            [
              5.581185,
              43.41115
            ],
            [
              5.581175,
              43.411795
            ],
            [
              5.581066,
              43.41274
            ],
            [
              5.580892,
              43.413488
            ],
            [
              5.580594,
              43.414361
            ],
            [
              5.580287,
              43.41508
            ],
            [
              5.579823,
              43.415926
            ],
            [
              5.579148,
              43.416964
            ],
            [
              5.576571,
              43.423366
            ],
            [
              5.576508,
              43.425638
            ],
            [
              5.576445,
              43.427897
            ],
            [
              5.576394,
              43.430348
            ],
            [
              5.57642,
              43.432983
            ],
            [
              5.576445,
              43.435588
            ],
            [
              5.57649,
              43.437222
            ],
            [
              5.576679,
              43.441043
            ],
            [
              5.576869,
              43.444864
            ],
            [
              5.573274,
              43.445043
            ],
            [
              5.573084,
              43.441222
            ],
            [
              5.572894,
              43.437401
            ],
            [
              5.572846,
              43.435682
            ],
            [
              5.57282,
              43.433018
            ],
            [
              5.572794,
              43.430383
            ],
            [
              5.572846,
              43.427823
            ],
            [
              5.572307,
              43.419634
            ],
            [
              5.572512,
              43.418842
            ],
            [
              5.57266,
              43.418552
            ],
            [
              5.573374,
              43.417377
            ],
            [
              5.57359,
              43.417027
            ],
            [
              5.577147,
              43.409114
            ],
            [
              5.575923,
              43.406042
            ],
            [
              5.57543,
              43.404719
            ],
            [
              5.575157,
              43.403785
            ],
            [
              5.574992,
              43.40288
            ],
            [
              5.574933,
              43.401945
            ],
            [
              5.574937,
              43.401452
            ],
            [
              5.574997,
              43.400821
            ],
            [
              5.57514,
              43.400028
            ],
            [
              5.575317,
              43.399394
            ],
            [
              5.575558,
              43.398755
            ],
            [
              5.57593,
              43.397955
            ],
            [
              5.576498,
              43.397025
            ],
            [
              5.577017,
              43.396355
            ],
            [
              5.577663,
              43.395629
            ],
            [
              5.578503,
              43.39488
            ],
            [
              5.580227,
              43.393714
            ],
            [
              5.580766,
              43.39342
            ],
            [
              5.581863,
              43.392916
            ],
            [
              5.588053,
              43.386614
            ],
            [
              5.593414,
              43.383221
            ],
            [
              5.594911,
              43.381975
            ],
            [
              5.597408,
              43.380002
            ],
            [
              5.600087,
              43.376954
            ],
            [
              5.601798,
              43.375051
            ],
            [
              5.607306,
              43.369116
            ],
            [
              5.607727,
              43.368338
            ],
            [
              5.60815,
              43.367731
            ],
            [
              5.608811,
              43.366976
            ],
            [
              5.609375,
              43.366467
            ],
            [
              5.612177,
              43.361957
            ],
            [
              5.612372,
              43.361281
            ],
            [
              5.612598,
              43.360717
            ],
            [
              5.613045,
              43.359861
            ],
            [
              5.613698,
              43.358974
            ],
            [
              5.614213,
              43.358425
            ],
            [
              5.61462,
              43.358057
            ],
            [
              5.615517,
              43.34932
            ],
            [
              5.615228,
              43.349028
            ],
            [
              5.612988,
              43.347153
            ],
            [
              5.611493,
              43.345817
            ],
            [
              5.602988,
              43.348072
            ],
            [
              5.602042,
              43.350975
            ],
            [
              5.601971,
              43.350991
            ],
            [
              5.601935,
              43.350999
            ],
            [
              5.601829,
              43.35102
            ],
            [
              5.597919,
              43.351076
            ],
            [
              5.591175,
              43.349423
            ],
            [
              5.585552,
              43.351071
            ],
            [
              5.584538,
              43.351302
            ],
            [
              5.583653,
              43.351482
            ],
            [
              5.582725,
              43.351571
            ],
            [
              5.579558,
              43.350425
            ],
            [
              5.572099,
              43.346884
            ],
            [
              5.570533,
              43.346241
            ],
            [
              5.569623,
              43.345793
            ],
            [
              5.569602,
              43.345664
            ],
            [
              5.569624,
              43.344894
            ],
            [
              5.570073,
              43.343886
            ],
            [
              5.57064,
              43.343241
            ],
            [
              5.572884,
              43.339769
            ],
            [
              5.572251,
              43.332775
            ],
            [
              5.571719,
              43.331915
            ],
            [
              5.568273,
              43.327039
            ],
            [
              5.560146,
              43.324164
            ],
            [
              5.557456,
              43.323591
            ],
            [
              5.549569,
              43.319474
            ],
            [
              5.549472,
              43.319355
            ],
            [
              5.542184,
              43.316145
            ],
            [
              5.54028,
              43.316933
            ],
            [
              5.539989,
              43.317009
            ],
            [
              5.538943,
              43.317211
            ],
            [
              5.53544,
              43.318397
            ],
            [
              5.534798,
              43.318549
            ],
            [
              5.53193,
              43.319191
            ],
            [
              5.52912,
              43.317516
            ],
            [
              5.529188,
              43.317243
            ],
            [
              5.529723,
              43.316337
            ],
            [
              5.530044,
              43.316061
            ],
            [
              5.531597,
              43.315215
            ],
            [
              5.534418,
              43.309421
            ],
            [
              5.529488,
              43.303067
            ],
            [
              5.522652,
              43.305847
            ],
            [
              5.517402,
              43.308602
            ],
            [
              5.516179,
              43.312774
            ],
            [
              5.51784,
              43.318886
            ],
            [
              5.51843,
              43.319989
            ],
            [
              5.518306,
              43.321378
            ],
            [
              5.517613,
              43.323397
            ],
            [
              5.517252,
              43.329228
            ],
            [
              5.514502,
              43.331098
            ],
            [
              5.513763,
              43.330639
            ],
            [
              5.512895,
              43.329603
            ],
            [
              5.50578,
              43.325554
            ],
            [
              5.501356,
              43.326676
            ],
            [
              5.499771,
              43.335501
            ],
            [
              5.501511,
              43.33779
            ],
            [
              5.501569,
              43.337846
            ],
            [
              5.501583,
              43.337904
            ],
            [
              5.506984,
              43.343694
            ],
            [
              5.508734,
              43.34684
            ],
            [
              5.508186,
              43.347145
            ],
            [
              5.505266,
              43.350881
            ],
            [
              5.50474,
              43.351474
            ],
            [
              5.50388,
              43.352223
            ],
            [
              5.503672,
              43.352205
            ],
            [
              5.50315,
              43.352153
            ],
            [
              5.498254,
              43.357022
            ],
            [
              5.501567,
              43.361274
            ],
            [
              5.501815,
              43.361389
            ],
            [
              5.502922,
              43.362158
            ],
            [
              5.510886,
              43.360375
            ],
            [
              5.512807,
              43.35942
            ],
            [
              5.513728,
              43.358955
            ],
            [
              5.514164,
              43.358837
            ],
            [
              5.514796,
              43.358815
            ],
            [
              5.520908,
              43.3576
            ],
            [
              5.521789,
              43.357141
            ],
            [
              5.523343,
              43.356649
            ],
            [
              5.523899,
              43.356609
            ],
            [
              5.52427,
              43.35661
            ],
            [
              5.526926,
              43.356739
            ],
            [
              5.527741,
              43.356771
            ],
            [
              5.528132,
              43.356877
            ],
            [
              5.528,
              43.360147
            ],
            [
              5.530291,
              43.366705
            ],
            [
              5.532966,
              43.368445
            ],
            [
              5.537548,
              43.368865
            ],
            [
              5.538306,
              43.369101
            ],
            [
              5.538862,
              43.369341
            ],
            [
              5.539516,
              43.372521
            ],
            [
              5.539612,
              43.373722
            ],
            [
              5.539367,
              43.374564
            ],
            [
              5.539082,
              43.375171
            ],
            [
              5.536238,
              43.374352
            ],
            [
              5.535332,
              43.374018
            ],
            [
              5.534846,
              43.373776
            ],
            [
              5.529179,
              43.371734
            ],
            [
              5.528415,
              43.371444
            ],
            [
              5.525692,
              43.370669
            ],
            [
              5.521453,
              43.370414
            ],
            [
              5.514242,
              43.373236
            ],
            [
              5.513216,
              43.373599
            ],
            [
              5.509937,
              43.375071
            ],
            [
              5.50645,
              43.376936
            ],
            [
              5.502888,
              43.377454
            ],
            [
              5.502812,
              43.377403
            ],
            [
              5.500034,
              43.37357
            ],
            [
              5.499692,
              43.373161
            ],
            [
              5.499132,
              43.372458
            ],
            [
              5.496786,
              43.370209
            ],
            [
              5.496735,
              43.370067
            ],
            [
              5.4968,
              43.368547
            ],
            [
              5.488104,
              43.366623
            ],
            [
              5.487776,
              43.367071
            ],
            [
              5.486625,
              43.371956
            ],
            [
              5.486708,
              43.372699
            ],
            [
              5.486644,
              43.373209
            ],
            [
              5.486436,
              43.373826
            ],
            [
              5.486158,
              43.374288
            ],
            [
              5.485841,
              43.374675
            ],
            [
              5.485451,
              43.375054
            ],
            [
              5.484763,
              43.375561
            ],
            [
              5.482268,
              43.376631
            ],
            [
              5.481516,
              43.376967
            ],
            [
              5.48115,
              43.377052
            ],
            [
              5.479172,
              43.377125
            ],
            [
              5.471934,
              43.373581
            ],
            [
              5.471632,
              43.373076
            ],
            [
              5.471317,
              43.370648
            ],
            [
              5.470822,
              43.369137
            ],
            [
              5.467109,
              43.363896
            ],
            [
              5.467069,
              43.363872
            ],
            [
              5.46657,
              43.363569
            ],
            [
              5.457995,
              43.364727
            ],
            [
              5.457313,
              43.365416
            ],
            [
              5.453831,
              43.369264
            ],
            [
              5.449706,
              43.376046
            ],
            [
              5.447405,
              43.376756
            ],
            [
              5.446411,
              43.376888
            ],
            [
              5.440796,
              43.377604
            ],
            [
              5.439106,
              43.378039
            ],
            [
              5.43837,
              43.378141
            ],
            [
              5.435056,
              43.376804
            ],
            [
              5.434339,
              43.37653
            ],
            [
              5.433312,
              43.375369
            ],
            [
              5.428968,
              43.371075
            ],
            [
              5.421654,
              43.371046
            ],
            [
              5.419665,
              43.372051
            ],
            [
              5.419148,
              43.371908
            ],
            [
              5.419,
              43.371844
            ],
            [
              5.418211,
              43.369995
            ],
            [
              5.418283,
              43.369758
            ],
            [
              5.419144,
              43.366916
            ],
            [
              5.414483,
              43.36125
            ],
            [
              5.408724,
              43.36477
            ],
            [
              5.40734,
              43.368101
            ],
            [
              5.407208,
              43.368727
            ],
            [
              5.4071,
              43.369131
            ],
            [
              5.406947,
              43.369446
            ],
            [
              5.406194,
              43.370498
            ],
            [
              5.405794,
              43.370561
            ],
            [
              5.40447,
              43.370252
            ],
            [
              5.403104,
              43.369866
            ],
            [
              5.402648,
              43.369783
            ],
            [
              5.402063,
              43.369577
            ],
            [
              5.396609,
              43.376629
            ],
            [
              5.39724,
              43.377428
            ],
            [
              5.399267,
              43.378688
            ],
            [
              5.399851,
              43.379192
            ],
            [
              5.399769,
              43.379399
            ],
            [
              5.397508,
              43.383884
            ],
            [
              5.397134,
              43.383836
            ],
            [
              5.396597,
              43.383738
            ],
            [
              5.395823,
              43.383492
            ],
            [
              5.388871,
              43.386499
            ],
            [
              5.388422,
              43.390071
            ],
            [
              5.394361,
              43.396189
            ],
            [
              5.395033,
              43.396334
            ],
            [
              5.395436,
              43.396429
            ],
            [
              5.399428,
              43.396139
            ],
            [
              5.400009,
              43.396333
            ],
            [
              5.404539,
              43.399965
            ],
            [
              5.407364,
              43.406671
            ],
            [
              5.411165,
              43.408568
            ],
            [
              5.412995,
              43.411056
            ],
            [
              5.419927,
              43.413907
            ],
            [
              5.423793,
              43.411196
            ],
            [
              5.42473,
              43.410136
            ],
            [
              5.425661,
              43.408916
            ],
            [
              5.42926,
              43.40898
            ],
            [
              5.434757,
              43.412507
            ],
            [
              5.439618,
              43.412174
            ],
            [
              5.440353,
              43.412108
            ],
            [
              5.440441,
              43.412109
            ],
            [
              5.448182,
              43.410737
            ],
            [
              5.448622,
              43.410567
            ],
            [
              5.44996,
              43.410206
            ],
            [
              5.452604,
              43.409688
            ],
            [
              5.452904,
              43.409677
            ],
            [
              5.453158,
              43.409677
            ],
            [
              5.454802,
              43.409928
            ],
            [
              5.456201,
              43.411101
            ],
            [
              5.463655,
              43.413037
            ],
            [
              5.465001,
              43.412841
            ],
            [
              5.470093,
              43.412011
            ],
            [
              5.473076,
              43.411866
            ],
            [
              5.478168,
              43.419189
            ],
            [
              5.478741,
              43.419539
            ],
            [
              5.487119,
              43.421351
            ],
            [
              5.494154,
              43.417683
            ],
            [
              5.499671,
              43.413384
            ],
            [
              5.500076,
              43.41303
            ],
            [
              5.500113,
              43.413008
            ],
            [
              5.502188,
              43.413659
            ],
            [
              5.50544,
              43.415343
            ],
            [
              5.505488,
              43.415388
            ],
            [
              5.505767,
              43.416214
            ],
            [
              5.505355,
              43.418046
            ],
            [
              5.505334,
              43.418063
            ],
            [
              5.501477,
              43.42165
            ],
            [
              5.500802,
              43.421823
            ],
            [
              5.498134,
              43.422485
            ],
            [
              5.497622,
              43.422676
            ],
            [
              5.497143,
              43.422801
            ],
            [
              5.495012,
              43.423169
            ],
            [
              5.492528,
              43.424016
            ],
            [
              5.492029,
              43.424198
            ],
            [
              5.488224,
              43.425862
            ],
            [
              5.486539,
              43.426876
            ],
            [
              5.483803,
              43.428683
            ],
            [
              5.482196,
              43.430203
            ],
            [
              5.482385,
              43.437635
            ],
            [
              5.483948,
              43.440878
            ],
            [
              5.485191,
              43.444588
            ],
            [
              5.492146,
              43.449854
            ],
            [
              5.492606,
              43.449827
            ],
            [
              5.499139,
              43.449041
            ],
            [
              5.500696,
              43.448473
            ],
            [
              5.501295,
              43.448195
            ],
            [
              5.502018,
              43.44799
            ],
            [
              5.50244,
              43.447953
            ],
            [
              5.504518,
              43.447609
            ],
            [
              5.50506,
              43.447564
            ],
            [
              5.505759,
              43.447577
            ],
            [
              5.509995,
              43.447056
            ],
            [
              5.510763,
              43.448545
            ],
            [
              5.510877,
              43.448792
            ],
            [
              5.511255,
              43.450428
            ],
            [
              5.51018,
              43.45083
            ],
            [
              5.508709,
              43.451245
            ],
            [
              5.508119,
              43.451263
            ],
            [
              5.506372,
              43.451316
            ],
            [
              5.505779,
              43.451273
            ],
            [
              5.503884,
              43.451457
            ],
            [
              5.503534,
              43.451524
            ],
            [
              5.501735,
              43.451943
            ],
            [
              5.500594,
              43.460824
            ],
            [
              5.50819,
              43.463356
            ],
            [
              5.5142,
              43.466236
            ],
            [
              5.514507,
              43.466314
            ],
            [
              5.515028,
              43.466563
            ],
            [
              5.522245,
              43.468214
            ],
            [
              5.526663,
              43.467676
            ],
            [
              5.530432,
              43.470572
            ],
            [
              5.53467,
              43.474808
            ],
            [
              5.542155,
              43.470874
            ],
            [
              5.542544,
              43.470408
            ],
            [
              5.543757,
              43.469047
            ],
            [
              5.546827,
              43.467167
            ],
            [
              5.548075,
              43.468418
            ],
            [
              5.548164,
              43.468508
            ],
            [
              5.547943,
              43.470239
            ],
            [
              5.547983,
              43.471135
            ],
            [
              5.552964,
              43.477439
            ],
            [
              5.556464,
              43.476597
            ],
            [
              5.561233,
              43.476656
            ],
            [
              5.56163,
              43.476629
            ],
            [
              5.562263,
              43.476635
            ],
            [
              5.564601,
              43.476827
            ],
            [
              5.56461,
              43.480427
            ],
            [
              5.560399,
              43.480836
            ],
            [
              5.553112,
              43.481539
            ],
            [
              5.552379,
              43.481577
            ],
            [
              5.55165,
              43.481583
            ],
            [
              5.550173,
              43.481516
            ],
            [
              5.548905,
              43.481438
            ],
            [
              5.548261,
              43.481374
            ],
            [
              5.545848,
              43.481068
            ],
            [
              5.543507,
              43.480664
            ],
            [
              5.536385,
              43.481914
            ],
            [
              5.533288,
              43.482066
            ],
            [
              5.527097,
              43.482228
            ],
            [
              5.518426,
              43.480027
            ],
            [
              5.516889,
              43.479964
            ],
            [
              5.513758,
              43.479859
            ],
            [
              5.511264,
              43.480204
            ],
            [
              5.503962,
              43.484278
            ],
            [
              5.500338,
              43.487253
            ],
            [
              5.493632,
              43.487549
            ],
            [
              5.492354,
              43.487703
            ],
            [
              5.489983,
              43.4878
            ],
            [
              5.489921,
              43.487769
            ],
            [
              5.485602,
              43.485438
            ],
            [
              5.484941,
              43.485205
            ],
            [
              5.479065,
              43.484129
            ],
            [
              5.470991,
              43.487217
            ],
            [
              5.469742,
              43.487495
            ],
            [
              5.469545,
              43.487536
            ],
            [
              5.469185,
              43.48755
            ],
            [
              5.468105,
              43.487444
            ],
            [
              5.467727,
              43.487379
            ],
            [
              5.467476,
              43.487321
            ],
            [
              5.466915,
              43.487134
            ],
            [
              5.466307,
              43.486826
            ],
            [
              5.464718,
              43.485596
            ],
            [
              5.464199,
              43.485229
            ],
            [
              5.462654,
              43.48393
            ],
            [
              5.462239,
              43.483431
            ],
            [
              5.461859,
              43.482995
            ],
            [
              5.461534,
              43.482567
            ],
            [
              5.460896,
              43.481715
            ],
            [
              5.45334,
              43.478648
            ],
            [
              5.450885,
              43.476015
            ],
            [
              5.445381,
              43.47196
            ],
            [
              5.440466,
              43.474384
            ],
            [
              5.439696,
              43.474623
            ],
            [
              5.437855,
              43.475161
            ],
            [
              5.437526,
              43.475289
            ],
            [
              5.435992,
              43.476047
            ],
            [
              5.435429,
              43.476282
            ],
            [
              5.435894,
              43.485167
            ],
            [
              5.436662,
              43.485603
            ],
            [
              5.438514,
              43.487213
            ],
            [
              5.438619,
              43.48752
            ],
            [
              5.438776,
              43.490315
            ],
            [
              5.437675,
              43.492429
            ],
            [
              5.43694,
              43.49431
            ],
            [
              5.436849,
              43.494462
            ],
            [
              5.436028,
              43.49942
            ],
            [
              5.442607,
              43.504882
            ],
            [
              5.447084,
              43.50654
            ],
            [
              5.448685,
              43.507302
            ],
            [
              5.449602,
              43.507716
            ],
            [
              5.457833,
              43.51023
            ],
            [
              5.45991,
              43.510312
            ],
            [
              5.460792,
              43.510365
            ],
            [
              5.463042,
              43.510542
            ],
            [
              5.468164,
              43.510228
            ],
            [
              5.468542,
              43.510162
            ],
            [
              5.469016,
              43.510156
            ],
            [
              5.469649,
              43.510293
            ],
            [
              5.47509,
              43.511352
            ],
            [
              5.476605,
              43.511322
            ],
            [
              5.479209,
              43.511223
            ],
            [
              5.480533,
              43.51116
            ],
            [
              5.482886,
              43.510989
            ],
            [
              5.48524,
              43.510818
            ],
            [
              5.485501,
              43.514409
            ],
            [
              5.483147,
              43.51458
            ],
            [
              5.480794,
              43.51475
            ],
            [
              5.479381,
              43.514819
            ],
            [
              5.476743,
              43.514919
            ],
            [
              5.475162,
              43.514951
            ],
            [
              5.473609,
              43.514951
            ],
            [
              5.471672,
              43.514903
            ],
            [
              5.47071,
              43.514868
            ],
            [
              5.468254,
              43.514713
            ],
            [
              5.466429,
              43.514531
            ],
            [
              5.464533,
              43.514325
            ],
            [
              5.462652,
              43.51412
            ],
            [
              5.460511,
              43.513954
            ],
            [
              5.459697,
              43.513906
            ],
            [
              5.457692,
              43.513828
            ],
            [
              5.454373,
              43.513727
            ],
            [
              5.447748,
              43.519622
            ],
            [
              5.447703,
              43.51974
            ],
            [
              5.444212,
              43.526728
            ],
            [
              5.442871,
              43.529386
            ],
            [
              5.441843,
              43.530396
            ],
            [
              5.44031,
              43.531744
            ],
            [
              5.439137,
              43.532748
            ],
            [
              5.434565,
              43.540211
            ],
            [
              5.434466,
              43.540742
            ],
            [
              5.434193,
              43.54165
            ],
            [
              5.433172,
              43.545036
            ],
            [
              5.436213,
              43.550674
            ],
            [
              5.436535,
              43.550971
            ],
            [
              5.436677,
              43.551439
            ],
            [
              5.436668,
              43.551586
            ],
            [
              5.435528,
              43.553807
            ],
            [
              5.43528,
              43.553832
            ],
            [
              5.43461,
              43.553775
            ],
            [
              5.427724,
              43.552918
            ],
            [
              5.424237,
              43.554585
            ],
            [
              5.423635,
              43.554975
            ],
            [
              5.422525,
              43.554224
            ],
            [
              5.421493,
              43.552081
            ],
            [
              5.422026,
              43.551515
            ],
            [
              5.423226,
              43.550159
            ],
            [
              5.423731,
              43.549501
            ],
            [
              5.426028,
              43.543237
            ],
            [
              5.425342,
              43.535759
            ],
            [
              5.422351,
              43.534135
            ],
            [
              5.420915,
              43.533855
            ],
            [
              5.41844,
              43.534086
            ],
            [
              5.417171,
              43.534417
            ],
            [
              5.417015,
              43.534468
            ],
            [
              5.411125,
              43.532204
            ],
            [
              5.410459,
              43.532097
            ],
            [
              5.411028,
              43.528543
            ],
            [
              5.415847,
              43.526854
            ],
            [
              5.418881,
              43.522117
            ],
            [
              5.418485,
              43.518538
            ],
            [
              5.413462,
              43.513355
            ],
            [
              5.408374,
              43.516783
            ],
            [
              5.407957,
              43.517099
            ],
            [
              5.407343,
              43.517452
            ],
            [
              5.407301,
              43.517461
            ],
            [
              5.405693,
              43.516939
            ],
            [
              5.405144,
              43.516748
            ],
            [
              5.404733,
              43.516531
            ],
            [
              5.398111,
              43.514952
            ],
            [
              5.397426,
              43.514851
            ],
            [
              5.392196,
              43.511955
            ],
            [
              5.391833,
              43.511828
            ],
            [
              5.383586,
              43.514846
            ],
            [
              5.380246,
              43.513503
            ],
            [
              5.375706,
              43.511237
            ],
            [
              5.37494,
              43.50772
            ],
            [
              5.37149,
              43.499768
            ],
            [
              5.364693,
              43.501015
            ],
            [
              5.362162,
              43.504136
            ],
            [
              5.362052,
              43.504147
            ],
            [
              5.358004,
              43.504995
            ],
            [
              5.351906,
              43.510265
            ],
            [
              5.348346,
              43.510796
            ],
            [
              5.346211,
              43.507414
            ],
            [
              5.339393,
              43.505924
            ],
            [
              5.338266,
              43.506317
            ],
            [
              5.337982,
              43.506439
            ],
            [
              5.33754,
              43.506655
            ],
            [
              5.336167,
              43.505819
            ],
            [
              5.335877,
              43.505472
            ],
            [
              5.328168,
              43.502052
            ],
            [
              5.325534,
              43.503916
            ],
            [
              5.324655,
              43.503774
            ],
            [
              5.324278,
              43.503698
            ],
            [
              5.323144,
              43.503247
            ],
            [
              5.322541,
              43.502822
            ],
            [
              5.322191,
              43.502343
            ],
            [
              5.319584,
              43.496353
            ],
            [
              5.3182,
              43.491733
            ],
            [
              5.312515,
              43.486184
            ],
            [
              5.311927,
              43.485902
            ],
            [
              5.311215,
              43.485554
            ],
            [
              5.309517,
              43.484846
            ],
            [
              5.309492,
              43.484573
            ],
            [
              5.309714,
              43.483444
            ],
            [
              5.309855,
              43.48243
            ],
            [
              5.310299,
              43.481968
            ],
            [
              5.31057,
              43.481744
            ],
            [
              5.315035,
              43.476157
            ],
            [
              5.313942,
              43.472726
            ],
            [
              5.312658,
              43.471417
            ],
            [
              5.306239,
              43.468181
            ],
            [
              5.298671,
              43.471439
            ],
            [
              5.297954,
              43.472206
            ],
            [
              5.295575,
              43.474419
            ],
            [
              5.292732,
              43.47221
            ],
            [
              5.290783,
              43.468706
            ],
            [
              5.28528,
              43.464419
            ],
            [
              5.278828,
              43.466899
            ],
            [
              5.275351,
              43.46783
            ],
            [
              5.275132,
              43.467013
            ],
            [
              5.275089,
              43.466265
            ],
            [
              5.273008,
              43.458201
            ],
            [
              5.272951,
              43.457671
            ],
            [
              5.272964,
              43.457014
            ],
            [
              5.27317,
              43.455706
            ],
            [
              5.272141,
              43.448336
            ],
            [
              5.274103,
              43.447102
            ],
            [
              5.274362,
              43.446943
            ],
            [
              5.274918,
              43.446664
            ],
            [
              5.275464,
              43.446352
            ],
            [
              5.275968,
              43.446091
            ],
            [
              5.280013,
              43.442685
            ],
            [
              5.279122,
              43.435908
            ],
            [
              5.278376,
              43.435043
            ],
            [
              5.277999,
              43.434673
            ],
            [
              5.277457,
              43.43422
            ],
            [
              5.275092,
              43.43283
            ],
            [
              5.272296,
              43.431443
            ],
            [
              5.265681,
              43.435575
            ],
            [
              5.264446,
              43.438703
            ],
            [
              5.26372,
              43.43906
            ],
            [
              5.259941,
              43.443821
            ],
            [
              5.259618,
              43.444188
            ],
            [
              5.25775,
              43.446447
            ],
            [
              5.257317,
              43.446908
            ],
            [
              5.252958,
              43.452562
            ],
            [
              5.253379,
              43.455974
            ],
            [
              5.253631,
              43.459231
            ],
            [
              5.253403,
              43.466197
            ],
            [
              5.25563,
              43.4696
            ],
            [
              5.256749,
              43.473022
            ],
            [
              5.257293,
              43.476706
            ],
            [
              5.257338,
              43.476937
            ],
            [
              5.253868,
              43.477867
            ],
            [
              5.251548,
              43.477776
            ],
            [
              5.250039,
              43.476567
            ],
            [
              5.242472,
              43.481276
            ],
            [
              5.242637,
              43.482003
            ],
            [
              5.242787,
              43.483052
            ],
            [
              5.243048,
              43.484376
            ],
            [
              5.243147,
              43.485637
            ],
            [
              5.242911,
              43.487274
            ],
            [
              5.242746,
              43.488014
            ],
            [
              5.242473,
              43.490722
            ],
            [
              5.246908,
              43.497958
            ],
            [
              5.247666,
              43.498657
            ],
            [
              5.248329,
              43.500286
            ],
            [
              5.24893,
              43.507986
            ],
            [
              5.249691,
              43.50936
            ],
            [
              5.255841,
              43.514643
            ],
            [
              5.258591,
              43.516029
            ],
            [
              5.258736,
              43.51612
            ],
            [
              5.256824,
              43.51917
            ],
            [
              5.2551,
              43.519715
            ],
            [
              5.251655,
              43.519772
            ],
            [
              5.248088,
              43.527173
            ],
            [
              5.247772,
              43.527675
            ],
            [
              5.246728,
              43.528563
            ],
            [
              5.246059,
              43.52856
            ],
            [
              5.244658,
              43.528266
            ],
            [
              5.244352,
              43.527307
            ],
            [
              5.240786,
              43.521897
            ],
            [
              5.235477,
              43.519658
            ],
            [
              5.227568,
              43.522404
            ],
            [
              5.225973,
              43.524109
            ],
            [
              5.224141,
              43.525979
            ],
            [
              5.222532,
              43.527698
            ],
            [
              5.221768,
              43.536151
            ],
            [
              5.222175,
              43.536744
            ],
            [
              5.222607,
              43.537273
            ],
            [
              5.223719,
              43.5385
            ],
            [
              5.224439,
              43.539242
            ],
            [
              5.22688,
              43.541525
            ],
            [
              5.228427,
              43.543052
            ],
            [
              5.229474,
              43.54421
            ],
            [
              5.231105,
              43.546482
            ],
            [
              5.238471,
              43.549209
            ],
            [
              5.239215,
              43.549208
            ],
            [
              5.240039,
              43.549275
            ],
            [
              5.242068,
              43.549568
            ],
            [
              5.243875,
              43.549877
            ],
            [
              5.2469,
              43.550335
            ],
            [
              5.249994,
              43.55079
            ],
            [
              5.253072,
              43.551242
            ],
            [
              5.255812,
              43.55162
            ],
            [
              5.257719,
              43.551857
            ],
            [
              5.259438,
              43.552053
            ],
            [
              5.262187,
              43.552332
            ],
            [
              5.263994,
              43.552485
            ],
            [
              5.265768,
              43.552636
            ],
            [
              5.268159,
              43.552796
            ],
            [
              5.270433,
              43.552922
            ],
            [
              5.272456,
              43.553008
            ],
            [
              5.275106,
              43.553089
            ],
            [
              5.277595,
              43.553131
            ],
            [
              5.279257,
              43.553141
            ],
            [
              5.28202,
              43.553126
            ],
            [
              5.284096,
              43.553083
            ],
            [
              5.286213,
              43.553023
            ],
            [
              5.288345,
              43.552933
            ],
            [
              5.291218,
              43.55277
            ],
            [
              5.293718,
              43.552592
            ],
            [
              5.295449,
              43.55245
            ],
            [
              5.295744,
              43.556038
            ],
            [
              5.294013,
              43.55618
            ],
            [
              5.291475,
              43.556361
            ],
            [
              5.288549,
              43.556527
            ],
            [
              5.286366,
              43.55662
            ],
            [
              5.284199,
              43.556681
            ],
            [
              5.282091,
              43.556725
            ],
            [
              5.279278,
              43.556741
            ],
            [
              5.277573,
              43.556731
            ],
            [
              5.275046,
              43.556689
            ],
            [
              5.272346,
              43.556607
            ],
            [
              5.27028,
              43.556519
            ],
            [
              5.26796,
              43.55639
            ],
            [
              5.265528,
              43.556227
            ],
            [
              5.26369,
              43.556072
            ],
            [
              5.261883,
              43.555919
            ],
            [
              5.259075,
              43.555634
            ],
            [
              5.257312,
              43.555434
            ],
            [
              5.255368,
              43.555192
            ],
            [
              5.25258,
              43.554808
            ],
            [
              5.249471,
              43.554351
            ],
            [
              5.246377,
              43.553897
            ],
            [
              5.237712,
              43.555174
            ],
            [
              5.23094,
              43.560723
            ],
            [
              5.230375,
              43.561558
            ],
            [
              5.229839,
              43.562441
            ],
            [
              5.228375,
              43.565088
            ],
            [
              5.226479,
              43.56744
            ],
            [
              5.225977,
              43.567882
            ],
            [
              5.225165,
              43.568483
            ],
            [
              5.224602,
              43.568834
            ],
            [
              5.223993,
              43.56918
            ],
            [
              5.2234,
              43.569472
            ],
            [
              5.221581,
              43.570281
            ],
            [
              5.214531,
              43.575412
            ],
            [
              5.212373,
              43.578426
            ],
            [
              5.210163,
              43.58151
            ],
            [
              5.208911,
              43.583083
            ],
            [
              5.208179,
              43.583873
            ],
            [
              5.207351,
              43.584672
            ],
            [
              5.206146,
              43.585666
            ],
            [
              5.204807,
              43.586643
            ],
            [
              5.203823,
              43.587253
            ],
            [
              5.202381,
              43.588063
            ],
            [
              5.200959,
              43.588747
            ],
            [
              5.19965,
              43.589276
            ],
            [
              5.19834,
              43.589742
            ],
            [
              5.194868,
              43.590854
            ],
            [
              5.19424,
              43.590984
            ],
            [
              5.193948,
              43.591021
            ],
            [
              5.188383,
              43.591913
            ],
            [
              5.183551,
              43.592966
            ],
            [
              5.18268,
              43.589473
            ],
            [
              5.183011,
              43.589391
            ]
          ]
        ],
        "type": "Polygon"
      }
    }
  ],
  "metadata": {
    "duration_minutes": 30,
    "station_type": "Bureau",
    "generated_at": "2025-12-04T14:13:39.705402",
    "total_features": 3
  }
}