{
  "type": "FeatureCollection",
  "features": [
    {
      "type": "Feature",
      "properties": {
        "group_index": 0,
        "value": 3600.0,
        "center": [
          8.734430857485098,
          41.92148886421387
        ],
        "station_name": "Bureau AJACCIO",
        "station_type": "Bureau",
        "territoire": "Sud Med",
        "duration_minutes": 60,
        "station_lat": 41.9214861,
        "station_lon": 8.7344498,
        "color": "#006837"
      },
      "geometry": {
        "coordinates": [
          [
            [
              8.591934,
              42.135665
            ],
            [
              8.591933,
              42.135664
            ],
            [
              8.592053,
              42.134906
            ],
            [
              8.592301,
              42.133895
            ],
            [
              8.593205,
              42.132157
            ],
            [
              8.593903,
              42.131104
            ],
            [
              8.597238,
              42.131297
            ],
            [
              8.597817,
              42.131543
            ],
            [
              8.606528,
              42.132407
            ],
            [
              8.6073,
              42.132568
            ],
            [
              8.607884,
              42.132885
            ],
            [
              8.608281,
              42.133225
            ],
            [
              8.613429,
              42.134408
            ],
            [
              8.61753,
              42.127819
            ],
            [
              8.617489,
              42.127267
            ],
            [
              8.617619,
              42.126602
            ],
            [
              8.617984,
              42.12595
            ],
            [
              8.618511,
              42.125449
            ],
            [
              8.618959,
              42.125171
            ],
            [
              8.625015,
              42.122537
            ],
            [
              8.625639,
              42.122288
            ],
            [
              8.626865,
              42.122143
            ],
            [
              8.627932,
              42.122076
            ],
            [
              8.628566,
              42.122093
            ],
            [
              8.629015,
              42.122156
            ],
            [
              8.637122,
              42.119179
            ],
            [
              8.638203,
              42.119017
            ],
            [
              8.63916,
              42.119325
            ],
            [
              8.647618,
              42.119165
            ],
            [
              8.648535,
              42.118661
            ],
            [
              8.651669,
              42.115619
            ],
            [
              8.654071,
              42.111222
            ],
            [
              8.654461,
              42.110419
            ],
            [
              8.654842,
              42.110011
            ],
            [
              8.655736,
              42.10909
            ],
            [
              8.656248,
              42.108639
            ],
            [
              8.658663,
              42.106591
            ],
            [
              8.659269,
              42.106078
            ],
            [
              8.659918,
              42.10579
            ],
            [
              8.660562,
              42.105676
            ],
            [
              8.663853,
              42.105074
            ],
            [
              8.667742,
              42.105517
            ],
            [
              8.668164,
              42.105538
            ],
            [
              8.676279,
              42.104646
            ],
            [
              8.678317,
              42.103767
            ],
            [
              8.679001,
              42.103632
            ],
            [
              8.679487,
              42.103651
            ],
            [
              8.680183,
              42.103786
            ],
            [
              8.680533,
              42.103882
            ],
            [
              8.681115,
              42.104141
            ],
            [
              8.681595,
              42.10448
            ],
            [
              8.681999,
              42.104866
            ],
            [
              8.68694,
              42.108242
            ],
            [
              8.689477,
              42.111829
            ],
            [
              8.696308,
              42.114885
            ],
            [
              8.700091,
              42.108033
            ],
            [
              8.699927,
              42.107201
            ],
            [
              8.699952,
              42.106573
            ],
            [
              8.700149,
              42.105926
            ],
            [
              8.700451,
              42.105378
            ],
            [
              8.700789,
              42.104893
            ],
            [
              8.701316,
              42.104349
            ],
            [
              8.701851,
              42.103984
            ],
            [
              8.703411,
              42.103231
            ],
            [
              8.707543,
              42.098363
            ],
            [
              8.706828,
              42.092512
            ],
            [
              8.706599,
              42.092059
            ],
            [
              8.706406,
              42.091467
            ],
            [
              8.706342,
              42.090897
            ],
            [
              8.706397,
              42.090337
            ],
            [
              8.706626,
              42.089662
            ],
            [
              8.706887,
              42.089205
            ],
            [
              8.707343,
              42.088656
            ],
            [
              8.707799,
              42.088182
            ],
            [
              8.709776,
              42.085924
            ],
            [
              8.717136,
              42.080972
            ],
            [
              8.718407,
              42.077767
            ],
            [
              8.720057,
              42.073552
            ],
            [
              8.720039,
              42.06857
            ],
            [
              8.719473,
              42.066441
            ],
            [
              8.71932,
              42.065229
            ],
            [
              8.719411,
              42.064399
            ],
            [
              8.719737,
              42.063665
            ],
            [
              8.720091,
              42.06323
            ],
            [
              8.72064,
              42.062806
            ],
            [
              8.721233,
              42.062538
            ],
            [
              8.722259,
              42.062333
            ],
            [
              8.723357,
              42.062258
            ],
            [
              8.723874,
              42.062264
            ],
            [
              8.727018,
              42.062607
            ],
            [
              8.730003,
              42.062939
            ],
            [
              8.732495,
              42.063306
            ],
            [
              8.732956,
              42.063479
            ],
            [
              8.739812,
              42.062373
            ],
            [
              8.74167,
              42.060119
            ],
            [
              8.742851,
              42.056657
            ],
            [
              8.742945,
              42.054514
            ],
            [
              8.743006,
              42.053704
            ],
            [
              8.743425,
              42.052912
            ],
            [
              8.744414,
              42.051464
            ],
            [
              8.742072,
              42.043119
            ],
            [
              8.740298,
              42.042547
            ],
            [
              8.734141,
              42.0422
            ],
            [
              8.732374,
              42.042932
            ],
            [
              8.731947,
              42.043033
            ],
            [
              8.730829,
              42.043213
            ],
            [
              8.72933,
              42.043607
            ],
            [
              8.728862,
              42.043724
            ],
            [
              8.728391,
              42.043806
            ],
            [
              8.726435,
              42.043798
            ],
            [
              8.72528,
              42.043774
            ],
            [
              8.724858,
              42.043755
            ],
            [
              8.724318,
              42.041343
            ],
            [
              8.724199,
              42.040559
            ],
            [
              8.7242,
              42.040096
            ],
            [
              8.724142,
              42.038645
            ],
            [
              8.724094,
              42.037629
            ],
            [
              8.724475,
              42.036564
            ],
            [
              8.724685,
              42.036108
            ],
            [
              8.724995,
              42.035496
            ],
            [
              8.725287,
              42.035005
            ],
            [
              8.72737,
              42.032307
            ],
            [
              8.728917,
              42.031307
            ],
            [
              8.727226,
              42.023202
            ],
            [
              8.71961,
              42.022247
            ],
            [
              8.717998,
              42.022476
            ],
            [
              8.716703,
              42.022636
            ],
            [
              8.713317,
              42.023105
            ],
            [
              8.707811,
              42.023587
            ],
            [
              8.707117,
              42.02363
            ],
            [
              8.701436,
              42.024779
            ],
            [
              8.700603,
              42.025037
            ],
            [
              8.699569,
              42.025296
            ],
            [
              8.697095,
              42.026084
            ],
            [
              8.696384,
              42.026356
            ],
            [
              8.6889,
              42.027288
            ],
            [
              8.688135,
              42.027457
            ],
            [
              8.687781,
              42.027469
            ],
            [
              8.68725,
              42.02739
            ],
            [
              8.686746,
              42.027201
            ],
            [
              8.686247,
              42.026919
            ],
            [
              8.68531,
              42.026282
            ],
            [
              8.684596,
              42.02563
            ],
            [
              8.683109,
              42.022557
            ],
            [
              8.683124,
              42.021413
            ],
            [
              8.683308,
              42.020768
            ],
            [
              8.684483,
              42.020032
            ],
            [
              8.688377,
              42.018843
            ],
            [
              8.68947,
              42.018541
            ],
            [
              8.69254,
              42.016958
            ],
            [
              8.69351,
              42.016991
            ],
            [
              8.694777,
              42.017101
            ],
            [
              8.697117,
              42.017183
            ],
            [
              8.699531,
              42.009014
            ],
            [
              8.697959,
              42.007816
            ],
            [
              8.697538,
              42.007386
            ],
            [
              8.694497,
              42.004701
            ],
            [
              8.690945,
              42.001693
            ],
            [
              8.683755,
              41.997842
            ],
            [
              8.682835,
              41.997733
            ],
            [
              8.682126,
              41.997627
            ],
            [
              8.674882,
              41.997925
            ],
            [
              8.66881,
              42.000048
            ],
            [
              8.66804,
              41.999667
            ],
            [
              8.667211,
              41.999053
            ],
            [
              8.665564,
              41.997753
            ],
            [
              8.66476,
              41.996743
            ],
            [
              8.664607,
              41.996049
            ],
            [
              8.664578,
              41.995588
            ],
            [
              8.664624,
              41.995111
            ],
            [
              8.669373,
              41.987928
            ],
            [
              8.666567,
              41.981974
            ],
            [
              8.665451,
              41.980893
            ],
            [
              8.66151,
              41.977466
            ],
            [
              8.65737,
              41.975043
            ],
            [
              8.652459,
              41.973253
            ],
            [
              8.651831,
              41.97294
            ],
            [
              8.651347,
              41.972663
            ],
            [
              8.650635,
              41.972198
            ],
            [
              8.644282,
              41.968971
            ],
            [
              8.644007,
              41.968865
            ],
            [
              8.642287,
              41.966623
            ],
            [
              8.644439,
              41.965291
            ],
            [
              8.647833,
              41.965848
            ],
            [
              8.649228,
              41.966391
            ],
            [
              8.650219,
              41.96686
            ],
            [
              8.658927,
              41.965023
            ],
            [
              8.65931,
              41.964228
            ],
            [
              8.662542,
              41.959625
            ],
            [
              8.663804,
              41.958909
            ],
            [
              8.66719,
              41.956961
            ],
            [
              8.667808,
              41.956709
            ],
            [
              8.670885,
              41.955322
            ],
            [
              8.671695,
              41.954879
            ],
            [
              8.672281,
              41.9548
            ],
            [
              8.673796,
              41.955475
            ],
            [
              8.674592,
              41.956146
            ],
            [
              8.67493,
              41.956511
            ],
            [
              8.682153,
              41.95961
            ],
            [
              8.685363,
              41.957964
            ],
            [
              8.689209,
              41.952825
            ],
            [
              8.689624,
              41.951085
            ],
            [
              8.689629,
              41.943756
            ],
            [
              8.684035,
              41.938589
            ],
            [
              8.683079,
              41.938007
            ],
            [
              8.678834,
              41.935577
            ],
            [
              8.672154,
              41.934839
            ],
            [
              8.671604,
              41.934959
            ],
            [
              8.670784,
              41.93491
            ],
            [
              8.668035,
              41.934886
            ],
            [
              8.667353,
              41.934841
            ],
            [
              8.666805,
              41.934647
            ],
            [
              8.664993,
              41.934008
            ],
            [
              8.660408,
              41.932924
            ],
            [
              8.660022,
              41.932869
            ],
            [
              8.654549,
              41.932395
            ],
            [
              8.654058,
              41.932429
            ],
            [
              8.652591,
              41.932385
            ],
            [
              8.64842,
              41.93257
            ],
            [
              8.64801,
              41.932622
            ],
            [
              8.644659,
              41.933002
            ],
            [
              8.639369,
              41.936685
            ],
            [
              8.636606,
              41.938644
            ],
            [
              8.633407,
              41.944466
            ],
            [
              8.632753,
              41.945117
            ],
            [
              8.632366,
              41.945313
            ],
            [
              8.629049,
              41.947273
            ],
            [
              8.623001,
              41.94925
            ],
            [
              8.620449,
              41.948495
            ],
            [
              8.61601,
              41.956216
            ],
            [
              8.616676,
              41.956859
            ],
            [
              8.616939,
              41.957267
            ],
            [
              8.613914,
              41.959219
            ],
            [
              8.612014,
              41.958432
            ],
            [
              8.609296,
              41.956756
            ],
            [
              8.607991,
              41.955328
            ],
            [
              8.606912,
              41.953964
            ],
            [
              8.605399,
              41.95152
            ],
            [
              8.605121,
              41.950775
            ],
            [
              8.605124,
              41.949591
            ],
            [
              8.605292,
              41.948886
            ],
            [
              8.607507,
              41.943771
            ],
            [
              8.608259,
              41.943072
            ],
            [
              8.609251,
              41.942721
            ],
            [
              8.610516,
              41.942457
            ],
            [
              8.61228,
              41.941968
            ],
            [
              8.612853,
              41.941797
            ],
            [
              8.620921,
              41.938178
            ],
            [
              8.623241,
              41.929701
            ],
            [
              8.622941,
              41.928364
            ],
            [
              8.622782,
              41.927537
            ],
            [
              8.622071,
              41.925308
            ],
            [
              8.624165,
              41.924213
            ],
            [
              8.625016,
              41.924176
            ],
            [
              8.625509,
              41.924168
            ],
            [
              8.627609,
              41.924133
            ],
            [
              8.628172,
              41.924027
            ],
            [
              8.629092,
              41.924147
            ],
            [
              8.631313,
              41.92399
            ],
            [
              8.631949,
              41.923855
            ],
            [
              8.63311,
              41.924018
            ],
            [
              8.639391,
              41.917875
            ],
            [
              8.635282,
              41.910127
            ],
            [
              8.634302,
              41.909854
            ],
            [
              8.633092,
              41.909686
            ],
            [
              8.631499,
              41.90936
            ],
            [
              8.630311,
              41.908997
            ],
            [
              8.622504,
              41.911024
            ],
            [
              8.622093,
              41.911452
            ],
            [
              8.621589,
              41.911749
            ],
            [
              8.621168,
              41.911886
            ],
            [
              8.620979,
              41.911917
            ],
            [
              8.620171,
              41.91209
            ],
            [
              8.619235,
              41.911916
            ],
            [
              8.618402,
              41.911232
            ],
            [
              8.618074,
              41.91017
            ],
            [
              8.618041,
              41.909956
            ],
            [
              8.617021,
              41.901836
            ],
            [
              8.614028,
              41.901798
            ],
            [
              8.611452,
              41.900268
            ],
            [
              8.611084,
              41.899863
            ],
            [
              8.610912,
              41.899646
            ],
            [
              8.610495,
              41.899049
            ],
            [
              8.611293,
              41.896818
            ],
            [
              8.612795,
              41.896674
            ],
            [
              8.614464,
              41.897434
            ],
            [
              8.615053,
              41.897685
            ],
            [
              8.622467,
              41.900678
            ],
            [
              8.623647,
              41.90071
            ],
            [
              8.624199,
              41.900774
            ],
            [
              8.624582,
              41.900841
            ],
            [
              8.624992,
              41.900951
            ],
            [
              8.625344,
              41.901075
            ],
            [
              8.625754,
              41.901259
            ],
            [
              8.626138,
              41.901475
            ],
            [
              8.626755,
              41.901973
            ],
            [
              8.634573,
              41.906223
            ],
            [
              8.635115,
              41.906347
            ],
            [
              8.636244,
              41.906658
            ],
            [
              8.636635,
              41.906781
            ],
            [
              8.641049,
              41.908208
            ],
            [
              8.649021,
              41.907781
            ],
            [
              8.649526,
              41.907644
            ],
            [
              8.649976,
              41.907569
            ],
            [
              8.656668,
              41.906448
            ],
            [
              8.66058,
              41.906216
            ],
            [
              8.666462,
              41.905585
            ],
            [
              8.674635,
              41.90427
            ],
            [
              8.675172,
              41.904321
            ],
            [
              8.675703,
              41.904395
            ],
            [
              8.67651,
              41.904552
            ],
            [
              8.67686,
              41.904641
            ],
            [
              8.677203,
              41.904755
            ],
            [
              8.685443,
              41.906279
            ],
            [
              8.685852,
              41.906313
            ],
            [
              8.686277,
              41.90641
            ],
            [
              8.686717,
              41.906588
            ],
            [
              8.690162,
              41.907694
            ],
            [
              8.694347,
              41.909158
            ],
            [
              8.695131,
              41.909266
            ],
            [
              8.698367,
              41.909167
            ],
            [
              8.704439,
              41.906152
            ],
            [
              8.705178,
              41.906077
            ],
            [
              8.70595,
              41.906046
            ],
            [
              8.706522,
              41.906059
            ],
            [
              8.707084,
              41.90613
            ],
            [
              8.707457,
              41.90621
            ],
            [
              8.715592,
              41.908837
            ],
            [
              8.720333,
              41.907567
            ],
            [
              8.720914,
              41.907811
            ],
            [
              8.721337,
              41.908058
            ],
            [
              8.722379,
              41.908828
            ],
            [
              8.722631,
              41.909034
            ],
            [
              8.72851,
              41.9125
            ],
            [
              8.729625,
              41.913132
            ],
            [
              8.737104,
              41.91684
            ],
            [
              8.738553,
              41.916243
            ],
            [
              8.739114,
              41.916527
            ],
            [
              8.74684,
              41.916543
            ],
            [
              8.748403,
              41.912609
            ],
            [
              8.749045,
              41.904693
            ],
            [
              8.747237,
              41.901198
            ],
            [
              8.74543,
              41.897704
            ],
            [
              8.743622,
              41.89421
            ],
            [
              8.741815,
              41.890716
            ],
            [
              8.740004,
              41.887216
            ],
            [
              8.734675,
              41.882027
            ],
            [
              8.730774,
              41.879898
            ],
            [
              8.726873,
              41.877768
            ],
            [
              8.722972,
              41.875638
            ],
            [
              8.719071,
              41.873509
            ],
            [
              8.71517,
              41.871379
            ],
            [
              8.711269,
              41.869249
            ],
            [
              8.707368,
              41.86712
            ],
            [
              8.703467,
              41.86499
            ],
            [
              8.699566,
              41.86286
            ],
            [
              8.695665,
              41.860731
            ],
            [
              8.691764,
              41.858601
            ],
            [
              8.687863,
              41.856471
            ],
            [
              8.683962,
              41.854342
            ],
            [
              8.680061,
              41.852212
            ],
            [
              8.67616,
              41.850082
            ],
            [
              8.672259,
              41.847953
            ],
            [
              8.668358,
              41.845823
            ],
            [
              8.664465,
              41.843697
            ],
            [
              8.660571,
              41.841572
            ],
            [
              8.662296,
              41.838412
            ],
            [
              8.662803,
              41.838418
            ],
            [
              8.666677,
              41.840533
            ],
            [
              8.670552,
              41.842647
            ],
            [
              8.674436,
              41.844767
            ],
            [
              8.67832,
              41.846887
            ],
            [
              8.683391,
              41.849075
            ],
            [
              8.687203,
              41.851157
            ],
            [
              8.691015,
              41.853238
            ],
            [
              8.694837,
              41.855325
            ],
            [
              8.698659,
              41.857411
            ],
            [
              8.702481,
              41.859498
            ],
            [
              8.710191,
              41.863121
            ],
            [
              8.714074,
              41.865241
            ],
            [
              8.717958,
              41.86736
            ],
            [
              8.721841,
              41.869479
            ],
            [
              8.725725,
              41.871599
            ],
            [
              8.729608,
              41.873718
            ],
            [
              8.733492,
              41.875837
            ],
            [
              8.737375,
              41.877957
            ],
            [
              8.741259,
              41.880076
            ],
            [
              8.742084,
              41.880713
            ],
            [
              8.742721,
              41.881468
            ],
            [
              8.74447,
              41.884758
            ],
            [
              8.746053,
              41.887788
            ],
            [
              8.747637,
              41.890818
            ],
            [
              8.74922,
              41.893849
            ],
            [
              8.750803,
              41.896879
            ],
            [
              8.752387,
              41.899909
            ],
            [
              8.75397,
              41.90294
            ],
            [
              8.755554,
              41.90597
            ],
            [
              8.755857,
              41.906922
            ],
            [
              8.756355,
              41.908716
            ],
            [
              8.755036,
              41.912006
            ],
            [
              8.753718,
              41.915295
            ],
            [
              8.752397,
              41.918588
            ],
            [
              8.751077,
              41.921881
            ],
            [
              8.757624,
              41.927967
            ],
            [
              8.75997,
              41.926081
            ],
            [
              8.760112,
              41.925923
            ],
            [
              8.762533,
              41.92513
            ],
            [
              8.764963,
              41.923795
            ],
            [
              8.765867,
              41.924373
            ],
            [
              8.76666,
              41.924862
            ],
            [
              8.775096,
              41.925829
            ],
            [
              8.782235,
              41.922848
            ],
            [
              8.784541,
              41.921049
            ],
            [
              8.786834,
              41.918947
            ],
            [
              8.790315,
              41.914067
            ],
            [
              8.790624,
              41.913525
            ],
            [
              8.791762,
              41.912141
            ],
            [
              8.792797,
              41.910786
            ],
            [
              8.793435,
              41.909887
            ],
            [
              8.793995,
              41.909252
            ],
            [
              8.794318,
              41.909009
            ],
            [
              8.794832,
              41.908741
            ],
            [
              8.797327,
              41.907964
            ],
            [
              8.798066,
              41.908082
            ],
            [
              8.804649,
              41.902207
            ],
            [
              8.805,
              41.898779
            ],
            [
              8.804659,
              41.893247
            ],
            [
              8.799995,
              41.890642
            ],
            [
              8.799552,
              41.890616
            ],
            [
              8.79873,
              41.890465
            ],
            [
              8.798194,
              41.890268
            ],
            [
              8.797655,
              41.889935
            ],
            [
              8.795412,
              41.887897
            ],
            [
              8.79412,
              41.886836
            ],
            [
              8.787809,
              41.88355
            ],
            [
              8.784572,
              41.885241
            ],
            [
              8.784126,
              41.885353
            ],
            [
              8.783467,
              41.885466
            ],
            [
              8.782924,
              41.885494
            ],
            [
              8.781496,
              41.885424
            ],
            [
              8.780868,
              41.883556
            ],
            [
              8.781459,
              41.875623
            ],
            [
              8.781236,
              41.874342
            ],
            [
              8.78142,
              41.873685
            ],
            [
              8.781825,
              41.873041
            ],
            [
              8.782382,
              41.872559
            ],
            [
              8.785438,
              41.869117
            ],
            [
              8.789533,
              41.861469
            ],
            [
              8.789579,
              41.858824
            ],
            [
              8.789276,
              41.854546
            ],
            [
              8.786009,
              41.849186
            ],
            [
              8.782786,
              41.848113
            ],
            [
              8.778833,
              41.848442
            ],
            [
              8.778089,
              41.848503
            ],
            [
              8.777207,
              41.848373
            ],
            [
              8.77677,
              41.8482
            ],
            [
              8.774717,
              41.847261
            ],
            [
              8.76901,
              41.845883
            ],
            [
              8.764986,
              41.847164
            ],
            [
              8.763263,
              41.848141
            ],
            [
              8.761084,
              41.848518
            ],
            [
              8.755379,
              41.84722
            ],
            [
              8.754662,
              41.847105
            ],
            [
              8.753966,
              41.846957
            ],
            [
              8.752574,
              41.846649
            ],
            [
              8.75194,
              41.846364
            ],
            [
              8.751428,
              41.845924
            ],
            [
              8.751765,
              41.843579
            ],
            [
              8.75261,
              41.843099
            ],
            [
              8.755161,
              41.843154
            ],
            [
              8.759335,
              41.842825
            ],
            [
              8.764978,
              41.842476
            ],
            [
              8.769423,
              41.837995
            ],
            [
              8.775348,
              41.833913
            ],
            [
              8.773842,
              41.825311
            ],
            [
              8.773588,
              41.824949
            ],
            [
              8.773175,
              41.824254
            ],
            [
              8.772935,
              41.8237
            ],
            [
              8.77281,
              41.823251
            ],
            [
              8.772448,
              41.820998
            ],
            [
              8.772434,
              41.818124
            ],
            [
              8.772317,
              41.81751
            ],
            [
              8.767809,
              41.811252
            ],
            [
              8.761346,
              41.8104
            ],
            [
              8.759216,
              41.810361
            ],
            [
              8.75882,
              41.810288
            ],
            [
              8.753185,
              41.810126
            ],
            [
              8.751675,
              41.808546
            ],
            [
              8.749629,
              41.805696
            ],
            [
              8.743201,
              41.802688
            ],
            [
              8.742233,
              41.80259
            ],
            [
              8.741576,
              41.802184
            ],
            [
              8.740986,
              41.80097
            ],
            [
              8.733462,
              41.798031
            ],
            [
              8.732452,
              41.798099
            ],
            [
              8.731952,
              41.798049
            ],
            [
              8.731394,
              41.79791
            ],
            [
              8.730008,
              41.797588
            ],
            [
              8.725813,
              41.797515
            ],
            [
              8.723494,
              41.798121
            ],
            [
              8.722834,
              41.798211
            ],
            [
              8.717147,
              41.804529
            ],
            [
              8.716417,
              41.804589
            ],
            [
              8.715842,
              41.804446
            ],
            [
              8.713758,
              41.803481
            ],
            [
              8.713294,
              41.803289
            ],
            [
              8.712644,
              41.802831
            ],
            [
              8.711222,
              41.801916
            ],
            [
              8.710736,
              41.801528
            ],
            [
              8.710149,
              41.800647
            ],
            [
              8.709371,
              41.797211
            ],
            [
              8.709491,
              41.796453
            ],
            [
              8.710054,
              41.79565
            ],
            [
              8.710929,
              41.795203
            ],
            [
              8.718612,
              41.790562
            ],
            [
              8.718939,
              41.790267
            ],
            [
              8.719214,
              41.790085
            ],
            [
              8.721264,
              41.790517
            ],
            [
              8.721992,
              41.790885
            ],
            [
              8.723584,
              41.792039
            ],
            [
              8.731483,
              41.789459
            ],
            [
              8.732035,
              41.78856
            ],
            [
              8.733076,
              41.787983
            ],
            [
              8.736975,
              41.783114
            ],
            [
              8.735965,
              41.776631
            ],
            [
              8.732009,
              41.770374
            ],
            [
              8.727899,
              41.767658
            ],
            [
              8.726832,
              41.766165
            ],
            [
              8.725358,
              41.759424
            ],
            [
              8.722204,
              41.7577
            ],
            [
              8.71576,
              41.75562
            ],
            [
              8.715128,
              41.755487
            ],
            [
              8.713658,
              41.755074
            ],
            [
              8.71321,
              41.754913
            ],
            [
              8.71193,
              41.754475
            ],
            [
              8.711359,
              41.754059
            ],
            [
              8.704759,
              41.749922
            ],
            [
              8.699521,
              41.749454
            ],
            [
              8.698114,
              41.749008
            ],
            [
              8.697696,
              41.748005
            ],
            [
              8.696949,
              41.746145
            ],
            [
              8.69727,
              41.745322
            ],
            [
              8.700227,
              41.744752
            ],
            [
              8.706949,
              41.74068
            ],
            [
              8.709124,
              41.737841
            ],
            [
              8.709559,
              41.738103
            ],
            [
              8.711207,
              41.738985
            ],
            [
              8.712132,
              41.739544
            ],
            [
              8.712649,
              41.741309
            ],
            [
              8.713072,
              41.742271
            ],
            [
              8.717861,
              41.747222
            ],
            [
              8.718736,
              41.747516
            ],
            [
              8.719528,
              41.747952
            ],
            [
              8.719916,
              41.748162
            ],
            [
              8.728468,
              41.745754
            ],
            [
              8.728674,
              41.745136
            ],
            [
              8.727381,
              41.737851
            ],
            [
              8.726738,
              41.737126
            ],
            [
              8.726467,
              41.736833
            ],
            [
              8.724893,
              41.735495
            ],
            [
              8.722524,
              41.734234
            ],
            [
              8.721985,
              41.733852
            ],
            [
              8.721062,
              41.733247
            ],
            [
              8.720484,
              41.732957
            ],
            [
              8.718337,
              41.731607
            ],
            [
              8.717746,
              41.731201
            ],
            [
              8.717111,
              41.730377
            ],
            [
              8.713979,
              41.72783
            ],
            [
              8.712249,
              41.727374
            ],
            [
              8.711326,
              41.724834
            ],
            [
              8.711188,
              41.724476
            ],
            [
              8.711237,
              41.723077
            ],
            [
              8.711397,
              41.722482
            ],
            [
              8.711767,
              41.721753
            ],
            [
              8.713303,
              41.721124
            ],
            [
              8.713927,
              41.721272
            ],
            [
              8.715734,
              41.721774
            ],
            [
              8.715804,
              41.721832
            ],
            [
              8.717818,
              41.723916
            ],
            [
              8.720206,
              41.726606
            ],
            [
              8.728388,
              41.728959
            ],
            [
              8.731807,
              41.728849
            ],
            [
              8.732779,
              41.729165
            ],
            [
              8.733205,
              41.729335
            ],
            [
              8.740686,
              41.731476
            ],
            [
              8.745185,
              41.73392
            ],
            [
              8.74556,
              41.73407
            ],
            [
              8.746562,
              41.735164
            ],
            [
              8.747049,
              41.735898
            ],
            [
              8.747595,
              41.736823
            ],
            [
              8.747607,
              41.739441
            ],
            [
              8.747071,
              41.740122
            ],
            [
              8.746798,
              41.740404
            ],
            [
              8.745985,
              41.740843
            ],
            [
              8.745586,
              41.74094
            ],
            [
              8.741938,
              41.742411
            ],
            [
              8.740621,
              41.743236
            ],
            [
              8.736533,
              41.745202
            ],
            [
              8.735919,
              41.745414
            ],
            [
              8.73243,
              41.748102
            ],
            [
              8.736256,
              41.755125
            ],
            [
              8.741706,
              41.758319
            ],
            [
              8.74474,
              41.75816
            ],
            [
              8.746756,
              41.75836
            ],
            [
              8.748001,
              41.759411
            ],
            [
              8.749149,
              41.761065
            ],
            [
              8.753948,
              41.763632
            ],
            [
              8.760047,
              41.761754
            ],
            [
              8.759363,
              41.753006
            ],
            [
              8.759027,
              41.752363
            ],
            [
              8.758931,
              41.752018
            ],
            [
              8.75885,
              41.751322
            ],
            [
              8.760752,
              41.749305
            ],
            [
              8.759974,
              41.741978
            ],
            [
              8.759168,
              41.740717
            ],
            [
              8.759604,
              41.73905
            ],
            [
              8.759795,
              41.738844
            ],
            [
              8.761654,
              41.73875
            ],
            [
              8.76244,
              41.738935
            ],
            [
              8.763167,
              41.739152
            ],
            [
              8.765101,
              41.739686
            ],
            [
              8.766068,
              41.740224
            ],
            [
              8.76987,
              41.741804
            ],
            [
              8.770914,
              41.743755
            ],
            [
              8.771638,
              41.745264
            ],
            [
              8.77891,
              41.749664
            ],
            [
              8.779929,
              41.749705
            ],
            [
              8.78117,
              41.749675
            ],
            [
              8.781743,
              41.749752
            ],
            [
              8.782247,
              41.749948
            ],
            [
              8.787351,
              41.749036
            ],
            [
              8.790427,
              41.747444
            ],
            [
              8.787612,
              41.739926
            ],
            [
              8.786206,
              41.739822
            ],
            [
              8.785798,
              41.739863
            ],
            [
              8.785455,
              41.739853
            ],
            [
              8.785332,
              41.739853
            ],
            [
              8.78432,
              41.738467
            ],
            [
              8.783728,
              41.736207
            ],
            [
              8.783402,
              41.734947
            ],
            [
              8.783279,
              41.733762
            ],
            [
              8.783191,
              41.732945
            ],
            [
              8.783174,
              41.732197
            ],
            [
              8.783319,
              41.731728
            ],
            [
              8.783777,
              41.730681
            ],
            [
              8.784374,
              41.730032
            ],
            [
              8.786527,
              41.728883
            ],
            [
              8.789173,
              41.72133
            ],
            [
              8.789174,
              41.720726
            ],
            [
              8.789536,
              41.719843
            ],
            [
              8.78462,
              41.712545
            ],
            [
              8.782898,
              41.712672
            ],
            [
              8.782455,
              41.712741
            ],
            [
              8.781668,
              41.712852
            ],
            [
              8.777778,
              41.714066
            ],
            [
              8.774908,
              41.712256
            ],
            [
              8.774916,
              41.711883
            ],
            [
              8.775258,
              41.711434
            ],
            [
              8.779277,
              41.70943
            ],
            [
              8.779909,
              41.709329
            ],
            [
              8.780418,
              41.709281
            ],
            [
              8.781217,
              41.709205
            ],
            [
              8.786654,
              41.702301
            ],
            [
              8.786546,
              41.701518
            ],
            [
              8.786556,
              41.70146
            ],
            [
              8.786724,
              41.700719
            ],
            [
              8.786817,
              41.700487
            ],
            [
              8.787888,
              41.700326
            ],
            [
              8.789728,
              41.70048
            ],
            [
              8.790304,
              41.700561
            ],
            [
              8.792448,
              41.70458
            ],
            [
              8.79455,
              41.706992
            ],
            [
              8.794569,
              41.707032
            ],
            [
              8.800985,
              41.711727
            ],
            [
              8.805484,
              41.710676
            ],
            [
              8.805532,
              41.710653
            ],
            [
              8.805638,
              41.710604
            ],
            [
              8.806013,
              41.710477
            ],
            [
              8.80624,
              41.7104
            ],
            [
              8.806592,
              41.710281
            ],
            [
              8.811058,
              41.715134
            ],
            [
              8.81856,
              41.713923
            ],
            [
              8.81923,
              41.715235
            ],
            [
              8.819752,
              41.716083
            ],
            [
              8.820724,
              41.717076
            ],
            [
              8.821112,
              41.717961
            ],
            [
              8.82128,
              41.718586
            ],
            [
              8.825261,
              41.722871
            ],
            [
              8.825735,
              41.723003
            ],
            [
              8.826238,
              41.72322
            ],
            [
              8.829595,
              41.723712
            ],
            [
              8.831684,
              41.715272
            ],
            [
              8.831154,
              41.714646
            ],
            [
              8.830886,
              41.713913
            ],
            [
              8.829669,
              41.711398
            ],
            [
              8.828797,
              41.710483
            ],
            [
              8.828337,
              41.709751
            ],
            [
              8.828186,
              41.709113
            ],
            [
              8.828255,
              41.70829
            ],
            [
              8.828491,
              41.707706
            ],
            [
              8.828794,
              41.707254
            ],
            [
              8.83004,
              41.705816
            ],
            [
              8.831334,
              41.704324
            ],
            [
              8.836908,
              41.69907
            ],
            [
              8.837313,
              41.698717
            ],
            [
              8.837955,
              41.698301
            ],
            [
              8.839827,
              41.697388
            ],
            [
              8.848011,
              41.696453
            ],
            [
              8.85597,
              41.697953
            ],
            [
              8.85941,
              41.697754
            ],
            [
              8.865547,
              41.695542
            ],
            [
              8.866183,
              41.695445
            ],
            [
              8.866777,
              41.695405
            ],
            [
              8.873195,
              41.695383
            ],
            [
              8.87569,
              41.69643
            ],
            [
              8.876133,
              41.697185
            ],
            [
              8.873469,
              41.699515
            ],
            [
              8.872214,
              41.70053
            ],
            [
              8.871838,
              41.700813
            ],
            [
              8.871525,
              41.700995
            ],
            [
              8.869159,
              41.701721
            ],
            [
              8.867689,
              41.702474
            ],
            [
              8.862148,
              41.705385
            ],
            [
              8.861009,
              41.706308
            ],
            [
              8.859884,
              41.706457
            ],
            [
              8.858745,
              41.706186
            ],
            [
              8.857377,
              41.705649
            ],
            [
              8.848672,
              41.707109
            ],
            [
              8.847907,
              41.707455
            ],
            [
              8.847345,
              41.707549
            ],
            [
              8.846779,
              41.707568
            ],
            [
              8.846111,
              41.70743
            ],
            [
              8.845838,
              41.707318
            ],
            [
              8.844796,
              41.706148
            ],
            [
              8.84336,
              41.705097
            ],
            [
              8.842523,
              41.704654
            ],
            [
              8.841827,
              41.704369
            ],
            [
              8.837602,
              41.704457
            ],
            [
              8.833991,
              41.711606
            ],
            [
              8.83528,
              41.713223
            ],
            [
              8.835867,
              41.713705
            ],
            [
              8.836994,
              41.714356
            ],
            [
              8.839847,
              41.716552
            ],
            [
              8.846475,
              41.71755
            ],
            [
              8.847161,
              41.717587
            ],
            [
              8.849374,
              41.718957
            ],
            [
              8.855262,
              41.723941
            ],
            [
              8.85583,
              41.724389
            ],
            [
              8.856319,
              41.725439
            ],
            [
              8.859237,
              41.72938
            ],
            [
              8.865223,
              41.729524
            ],
            [
              8.865611,
              41.72943
            ],
            [
              8.871193,
              41.724388
            ],
            [
              8.871672,
              41.724271
            ],
            [
              8.872657,
              41.724022
            ],
            [
              8.873651,
              41.724064
            ],
            [
              8.874254,
              41.724241
            ],
            [
              8.876108,
              41.725289
            ],
            [
              8.883042,
              41.727027
            ],
            [
              8.884307,
              41.727328
            ],
            [
              8.885112,
              41.729448
            ],
            [
              8.88555,
              41.733837
            ],
            [
              8.891203,
              41.73855
            ],
            [
              8.891717,
              41.73871
            ],
            [
              8.892207,
              41.738903
            ],
            [
              8.892739,
              41.73931
            ],
            [
              8.9004,
              41.743327
            ],
            [
              8.901017,
              41.743338
            ],
            [
              8.909063,
              41.740316
            ],
            [
              8.912491,
              41.741556
            ],
            [
              8.914058,
              41.742279
            ],
            [
              8.921547,
              41.74587
            ],
            [
              8.924524,
              41.745586
            ],
            [
              8.924969,
              41.746031
            ],
            [
              8.925718,
              41.748982
            ],
            [
              8.925142,
              41.749293
            ],
            [
              8.924716,
              41.749396
            ],
            [
              8.924238,
              41.749448
            ],
            [
              8.921395,
              41.750409
            ],
            [
              8.920752,
              41.750808
            ],
            [
              8.919988,
              41.750973
            ],
            [
              8.918801,
              41.750989
            ],
            [
              8.91338,
              41.757102
            ],
            [
              8.913295,
              41.7579
            ],
            [
              8.913849,
              41.763577
            ],
            [
              8.914269,
              41.764726
            ],
            [
              8.913769,
              41.766078
            ],
            [
              8.912594,
              41.767782
            ],
            [
              8.911761,
              41.768546
            ],
            [
              8.909817,
              41.773557
            ],
            [
              8.91675,
              41.779261
            ],
            [
              8.917307,
              41.779258
            ],
            [
              8.917937,
              41.779412
            ],
            [
              8.91828,
              41.779579
            ],
            [
              8.919807,
              41.780373
            ],
            [
              8.920369,
              41.780842
            ],
            [
              8.927867,
              41.784616
            ],
            [
              8.932438,
              41.783501
            ],
            [
              8.933059,
              41.78322
            ],
            [
              8.933732,
              41.78314
            ],
            [
              8.934483,
              41.783164
            ],
            [
              8.935221,
              41.783322
            ],
            [
              8.937839,
              41.783578
            ],
            [
              8.938557,
              41.783639
            ],
            [
              8.939243,
              41.783793
            ],
            [
              8.940153,
              41.78401
            ],
            [
              8.940798,
              41.784284
            ],
            [
              8.943727,
              41.784726
            ],
            [
              8.944339,
              41.7848
            ],
            [
              8.945039,
              41.785097
            ],
            [
              8.945642,
              41.78542
            ],
            [
              8.953143,
              41.783703
            ],
            [
              8.95218,
              41.777136
            ],
            [
              8.951878,
              41.776726
            ],
            [
              8.948603,
              41.774569
            ],
            [
              8.94618,
              41.774412
            ],
            [
              8.945051,
              41.773021
            ],
            [
              8.945018,
              41.772961
            ],
            [
              8.940971,
              41.765874
            ],
            [
              8.940059,
              41.765286
            ],
            [
              8.937237,
              41.76345
            ],
            [
              8.936562,
              41.763104
            ],
            [
              8.93539,
              41.762204
            ],
            [
              8.931775,
              41.759831
            ],
            [
              8.931515,
              41.759567
            ],
            [
              8.931256,
              41.759166
            ],
            [
              8.932063,
              41.757498
            ],
            [
              8.932357,
              41.756839
            ],
            [
              8.932674,
              41.756221
            ],
            [
              8.934094,
              41.756951
            ],
            [
              8.935876,
              41.757867
            ],
            [
              8.941941,
              41.759879
            ],
            [
              8.942871,
              41.76014
            ],
            [
              8.945682,
              41.760811
            ],
            [
              8.946425,
              41.760999
            ],
            [
              8.951588,
              41.763218
            ],
            [
              8.953102,
              41.764412
            ],
            [
              8.953344,
              41.765477
            ],
            [
              8.959132,
              41.77223
            ],
            [
              8.9597,
              41.772493
            ],
            [
              8.960269,
              41.773026
            ],
            [
              8.961216,
              41.774668
            ],
            [
              8.961523,
              41.775134
            ],
            [
              8.963863,
              41.777689
            ],
            [
              8.970711,
              41.780472
            ],
            [
              8.978098,
              41.777799
            ],
            [
              8.979339,
              41.777495
            ],
            [
              8.980588,
              41.777973
            ],
            [
              8.988871,
              41.780425
            ],
            [
              8.991326,
              41.780365
            ],
            [
              8.992099,
              41.780387
            ],
            [
              8.999735,
              41.782681
            ],
            [
              9.001028,
              41.783225
            ],
            [
              9.001632,
              41.784183
            ],
            [
              9.002319,
              41.785442
            ],
            [
              9.009465,
              41.790749
            ],
            [
              9.010304,
              41.790969
            ],
            [
              9.010888,
              41.791373
            ],
            [
              9.011434,
              41.791796
            ],
            [
              9.013206,
              41.793513
            ],
            [
              9.012311,
              41.796999
            ],
            [
              9.015778,
              41.803033
            ],
            [
              9.016269,
              41.803362
            ],
            [
              9.021234,
              41.805262
            ],
            [
              9.0237,
              41.808306
            ],
            [
              9.024165,
              41.808964
            ],
            [
              9.024738,
              41.810216
            ],
            [
              9.02474,
              41.810272
            ],
            [
              9.024485,
              41.811305
            ],
            [
              9.02362,
              41.812841
            ],
            [
              9.02335,
              41.813215
            ],
            [
              9.016462,
              41.811907
            ],
            [
              9.015717,
              41.811963
            ],
            [
              9.010546,
              41.811439
            ],
            [
              9.008762,
              41.811302
            ],
            [
              9.005499,
              41.806327
            ],
            [
              8.997732,
              41.805939
            ],
            [
              8.996505,
              41.805779
            ],
            [
              8.995899,
              41.805421
            ],
            [
              8.994235,
              41.80439
            ],
            [
              8.993569,
              41.804045
            ],
            [
              8.989688,
              41.803336
            ],
            [
              8.984529,
              41.808566
            ],
            [
              8.984482,
              41.808732
            ],
            [
              8.983986,
              41.809306
            ],
            [
              8.983448,
              41.809695
            ],
            [
              8.981137,
              41.809454
            ],
            [
              8.979671,
              41.809468
            ],
            [
              8.978958,
              41.809439
            ],
            [
              8.97775,
              41.80861
            ],
            [
              8.97616,
              41.806461
            ],
            [
              8.97557,
              41.805884
            ],
            [
              8.969745,
              41.803552
            ],
            [
              8.96541,
              41.809993
            ],
            [
              8.96538,
              41.810578
            ],
            [
              8.965386,
              41.811014
            ],
            [
              8.965352,
              41.811388
            ],
            [
              8.965362,
              41.816538
            ],
            [
              8.96572,
              41.817944
            ],
            [
              8.965883,
              41.819035
            ],
            [
              8.965881,
              41.819649
            ],
            [
              8.965816,
              41.820081
            ],
            [
              8.965621,
              41.820661
            ],
            [
              8.964817,
              41.823109
            ],
            [
              8.964886,
              41.825046
            ],
            [
              8.973288,
              41.826919
            ],
            [
              8.975996,
              41.827856
            ],
            [
              8.97659,
              41.828184
            ],
            [
              8.977059,
              41.828623
            ],
            [
              8.977586,
              41.829688
            ],
            [
              8.978513,
              41.83215
            ],
            [
              8.981844,
              41.836352
            ],
            [
              8.982698,
              41.837064
            ],
            [
              8.985466,
              41.839241
            ],
            [
              8.992279,
              41.83518
            ],
            [
              8.993049,
              41.832801
            ],
            [
              8.99318,
              41.832189
            ],
            [
              8.994208,
              41.831112
            ],
            [
              8.995385,
              41.83006
            ],
            [
              8.996374,
              41.82961
            ],
            [
              9.00077,
              41.829311
            ],
            [
              9.001426,
              41.829216
            ],
            [
              9.001782,
              41.82922
            ],
            [
              9.002072,
              41.829249
            ],
            [
              9.002007,
              41.831027
            ],
            [
              9.002048,
              41.832406
            ],
            [
              9.009742,
              41.836069
            ],
            [
              9.010668,
              41.835635
            ],
            [
              9.011888,
              41.835465
            ],
            [
              9.012705,
              41.835499
            ],
            [
              9.013583,
              41.835659
            ],
            [
              9.014281,
              41.835787
            ],
            [
              9.014761,
              41.835869
            ],
            [
              9.015364,
              41.83607
            ],
            [
              9.018197,
              41.836919
            ],
            [
              9.021165,
              41.837777
            ],
            [
              9.021734,
              41.837913
            ],
            [
              9.022147,
              41.838092
            ],
            [
              9.030324,
              41.839061
            ],
            [
              9.030606,
              41.839144
            ],
            [
              9.031575,
              41.839475
            ],
            [
              9.032508,
              41.840149
            ],
            [
              9.033359,
              41.841779
            ],
            [
              9.034103,
              41.844779
            ],
            [
              9.034714,
              41.847698
            ],
            [
              9.034351,
              41.84786
            ],
            [
              9.034051,
              41.847987
            ],
            [
              9.033565,
              41.848117
            ],
            [
              9.032817,
              41.84808
            ],
            [
              9.032096,
              41.847767
            ],
            [
              9.025437,
              41.853774
            ],
            [
              9.025736,
              41.854223
            ],
            [
              9.022739,
              41.856217
            ],
            [
              9.01856,
              41.85806
            ],
            [
              9.01685,
              41.863917
            ],
            [
              9.017008,
              41.86768
            ],
            [
              9.022895,
              41.873852
            ],
            [
              9.028123,
              41.87554
            ],
            [
              9.030455,
              41.875525
            ],
            [
              9.031812,
              41.876467
            ],
            [
              9.032298,
              41.879065
            ],
            [
              9.033928,
              41.885669
            ],
            [
              9.039037,
              41.887132
            ],
            [
              9.042487,
              41.885994
            ],
            [
              9.043373,
              41.885493
            ],
            [
              9.043895,
              41.885371
            ],
            [
              9.045138,
              41.885247
            ],
            [
              9.053442,
              41.885823
            ],
            [
              9.055035,
              41.885341
            ],
            [
              9.055513,
              41.885271
            ],
            [
              9.055862,
              41.885281
            ],
            [
              9.056437,
              41.885402
            ],
            [
              9.063194,
              41.886237
            ],
            [
              9.064426,
              41.886411
            ],
            [
              9.06664,
              41.886781
            ],
            [
              9.069455,
              41.887582
            ],
            [
              9.074047,
              41.888785
            ],
            [
              9.074576,
              41.888949
            ],
            [
              9.075119,
              41.889214
            ],
            [
              9.075703,
              41.889602
            ],
            [
              9.073707,
              41.892599
            ],
            [
              9.070531,
              41.893017
            ],
            [
              9.070035,
              41.892999
            ],
            [
              9.064836,
              41.893298
            ],
            [
              9.056012,
              41.894287
            ],
            [
              9.055123,
              41.89557
            ],
            [
              9.050808,
              41.897505
            ],
            [
              9.049351,
              41.89842
            ],
            [
              9.048534,
              41.898367
            ],
            [
              9.047952,
              41.898257
            ],
            [
              9.047121,
              41.897687
            ],
            [
              9.038545,
              41.89656
            ],
            [
              9.036374,
              41.904986
            ],
            [
              9.04021,
              41.909817
            ],
            [
              9.043842,
              41.910027
            ],
            [
              9.044925,
              41.91008
            ],
            [
              9.045424,
              41.910304
            ],
            [
              9.046099,
              41.910882
            ],
            [
              9.04654,
              41.911454
            ],
            [
              9.048182,
              41.913206
            ],
            [
              9.048575,
              41.914002
            ],
            [
              9.049046,
              41.915556
            ],
            [
              9.050769,
              41.920385
            ],
            [
              9.050896,
              41.920824
            ],
            [
              9.051324,
              41.922188
            ],
            [
              9.05134,
              41.922349
            ],
            [
              9.049919,
              41.924165
            ],
            [
              9.04877,
              41.924435
            ],
            [
              9.048457,
              41.924366
            ],
            [
              9.047735,
              41.924115
            ],
            [
              9.046867,
              41.923019
            ],
            [
              9.045487,
              41.919155
            ],
            [
              9.045268,
              41.918589
            ],
            [
              9.03985,
              41.913548
            ],
            [
              9.037926,
              41.913354
            ],
            [
              9.03684,
              41.913358
            ],
            [
              9.035775,
              41.912646
            ],
            [
              9.033118,
              41.910048
            ],
            [
              9.0323,
              41.909211
            ],
            [
              9.02768,
              41.904059
            ],
            [
              9.026811,
              41.903232
            ],
            [
              9.020059,
              41.899583
            ],
            [
              9.013308,
              41.90184
            ],
            [
              9.012618,
              41.902481
            ],
            [
              9.01096,
              41.902657
            ],
            [
              9.010478,
              41.90266
            ],
            [
              9.009096,
              41.902684
            ],
            [
              9.008271,
              41.902466
            ],
            [
              9.007942,
              41.902334
            ],
            [
              9.004059,
              41.900716
            ],
            [
              9.003726,
              41.900312
            ],
            [
              9.001694,
              41.895834
            ],
            [
              9.001264,
              41.895255
            ],
            [
              8.999765,
              41.891415
            ],
            [
              8.995212,
              41.885257
            ],
            [
              8.994576,
              41.884866
            ],
            [
              8.994113,
              41.884235
            ],
            [
              8.988042,
              41.880879
            ],
            [
              8.987397,
              41.880765
            ],
            [
              8.98691,
              41.880532
            ],
            [
              8.982967,
              41.879216
            ],
            [
              8.975511,
              41.882937
            ],
            [
              8.974635,
              41.886158
            ],
            [
              8.974677,
              41.890148
            ],
            [
              8.981436,
              41.893769
            ],
            [
              8.984239,
              41.894923
            ],
            [
              8.984313,
              41.896753
            ],
            [
              8.983948,
              41.898681
            ],
            [
              8.983542,
              41.900092
            ],
            [
              8.983086,
              41.90144
            ],
            [
              8.980923,
              41.901982
            ],
            [
              8.979168,
              41.901864
            ],
            [
              8.977925,
              41.901333
            ],
            [
              8.97541,
              41.899065
            ],
            [
              8.974366,
              41.897906
            ],
            [
              8.97391,
              41.89694
            ],
            [
              8.972689,
              41.894773
            ],
            [
              8.971827,
              41.893472
            ],
            [
              8.970301,
              41.891644
            ],
            [
              8.963906,
              41.886875
            ],
            [
              8.963379,
              41.886635
            ],
            [
              8.95535,
              41.885116
            ],
            [
              8.949698,
              41.889716
            ],
            [
              8.947554,
              41.889477
            ],
            [
              8.941219,
              41.890328
            ],
            [
              8.939626,
              41.890687
            ],
            [
              8.938447,
              41.891179
            ],
            [
              8.935144,
              41.899495
            ],
            [
              8.935933,
              41.900881
            ],
            [
              8.936191,
              41.901607
            ],
            [
              8.936277,
              41.902595
            ],
            [
              8.937488,
              41.910648
            ],
            [
              8.943815,
              41.916672
            ],
            [
              8.944833,
              41.916484
            ],
            [
              8.945308,
              41.916535
            ],
            [
              8.952117,
              41.918956
            ],
            [
              8.95266,
              41.919064
            ],
            [
              8.953118,
              41.919234
            ],
            [
              8.958244,
              41.920849
            ],
            [
              8.958837,
              41.921101
            ],
            [
              8.959665,
              41.92187
            ],
            [
              8.968235,
              41.923358
            ],
            [
              8.970547,
              41.923532
            ],
            [
              8.971289,
              41.92499
            ],
            [
              8.974704,
              41.929495
            ],
            [
              8.975707,
              41.93039
            ],
            [
              8.981337,
              41.933798
            ],
            [
              8.982738,
              41.934348
            ],
            [
              8.985637,
              41.935171
            ],
            [
              8.98645,
              41.935488
            ],
            [
              8.987483,
              41.936769
            ],
            [
              8.989175,
              41.940271
            ],
            [
              8.990661,
              41.943123
            ],
            [
              8.99126,
              41.945373
            ],
            [
              8.996191,
              41.952387
            ],
            [
              8.996541,
              41.9528
            ],
            [
              9.004502,
              41.955952
            ],
            [
              9.006771,
              41.955633
            ],
            [
              9.007795,
              41.955685
            ],
            [
              9.012155,
              41.955892
            ],
            [
              9.014965,
              41.955865
            ],
            [
              9.016193,
              41.956116
            ],
            [
              9.01834,
              41.956881
            ],
            [
              9.019074,
              41.957364
            ],
            [
              9.025851,
              41.960563
            ],
            [
              9.026984,
              41.961692
            ],
            [
              9.028617,
              41.963154
            ],
            [
              9.029504,
              41.964142
            ],
            [
              9.035109,
              41.966942
            ],
            [
              9.035613,
              41.967147
            ],
            [
              9.037543,
              41.967652
            ],
            [
              9.045856,
              41.966228
            ],
            [
              9.043904,
              41.95938
            ],
            [
              9.043775,
              41.959137
            ],
            [
              9.043507,
              41.957946
            ],
            [
              9.043546,
              41.956676
            ],
            [
              9.043985,
              41.955202
            ],
            [
              9.044296,
              41.954651
            ],
            [
              9.045857,
              41.953479
            ],
            [
              9.048086,
              41.953243
            ],
            [
              9.055879,
              41.949244
            ],
            [
              9.057934,
              41.946294
            ],
            [
              9.05888,
              41.945201
            ],
            [
              9.059268,
              41.944812
            ],
            [
              9.059969,
              41.944384
            ],
            [
              9.062089,
              41.943458
            ],
            [
              9.062397,
              41.943744
            ],
            [
              9.062661,
              41.944039
            ],
            [
              9.063072,
              41.9451
            ],
            [
              9.063059,
              41.945387
            ],
            [
              9.062989,
              41.946353
            ],
            [
              9.06217,
              41.947391
            ],
            [
              9.060645,
              41.949479
            ],
            [
              9.065451,
              41.956517
            ],
            [
              9.066288,
              41.956478
            ],
            [
              9.066612,
              41.956531
            ],
            [
              9.066901,
              41.956642
            ],
            [
              9.067824,
              41.956987
            ],
            [
              9.07072,
              41.95785
            ],
            [
              9.071214,
              41.957931
            ],
            [
              9.07338,
              41.958131
            ],
            [
              9.07408,
              41.958444
            ],
            [
              9.081504,
              41.961042
            ],
            [
              9.082239,
              41.961243
            ],
            [
              9.084745,
              41.962664
            ],
            [
              9.084884,
              41.962767
            ],
            [
              9.085571,
              41.963895
            ],
            [
              9.084931,
              41.965735
            ],
            [
              9.084382,
              41.966076
            ],
            [
              9.084068,
              41.966202
            ],
            [
              9.080585,
              41.966544
            ],
            [
              9.079722,
              41.96678
            ],
            [
              9.078803,
              41.966706
            ],
            [
              9.077014,
              41.965987
            ],
            [
              9.07594,
              41.965426
            ],
            [
              9.06861,
              41.967058
            ],
            [
              9.068195,
              41.975788
            ],
            [
              9.073166,
              41.977411
            ],
            [
              9.073964,
              41.977536
            ],
            [
              9.077325,
              41.976943
            ],
            [
              9.077796,
              41.97685
            ],
            [
              9.078423,
              41.976851
            ],
            [
              9.079191,
              41.977091
            ],
            [
              9.080128,
              41.978146
            ],
            [
              9.088005,
              41.981249
            ],
            [
              9.088797,
              41.981045
            ],
            [
              9.090423,
              41.980922
            ],
            [
              9.091021,
              41.980811
            ],
            [
              9.091456,
              41.980819
            ],
            [
              9.092226,
              41.980923
            ],
            [
              9.094119,
              41.981198
            ],
            [
              9.094912,
              41.981216
            ],
            [
              9.095701,
              41.981528
            ],
            [
              9.096336,
              41.982001
            ],
            [
              9.099939,
              41.98538
            ],
            [
              9.097827,
              41.988296
            ],
            [
              9.096972,
              41.987873
            ],
            [
              9.096322,
              41.987479
            ],
            [
              9.095186,
              41.986905
            ],
            [
              9.086691,
              41.986385
            ],
            [
              9.086088,
              41.986434
            ],
            [
              9.085264,
              41.986225
            ],
            [
              9.081075,
              41.985226
            ],
            [
              9.078768,
              41.984352
            ],
            [
              9.078021,
              41.984114
            ],
            [
              9.077517,
              41.983972
            ],
            [
              9.076978,
              41.983672
            ],
            [
              9.071282,
              41.981455
            ],
            [
              9.068823,
              41.980716
            ],
            [
              9.06846,
              41.980606
            ],
            [
              9.067806,
              41.980304
            ],
            [
              9.067507,
              41.980154
            ],
            [
              9.067133,
              41.979937
            ],
            [
              9.06647,
              41.97954
            ],
            [
              9.059347,
              41.978978
            ],
            [
              9.05561,
              41.982196
            ],
            [
              9.05492,
              41.982895
            ],
            [
              9.05112,
              41.990222
            ],
            [
              9.054196,
              41.998247
            ],
            [
              9.055376,
              41.998644
            ],
            [
              9.0558,
              41.998781
            ],
            [
              9.058251,
              42.003399
            ],
            [
              9.058444,
              42.003669
            ],
            [
              9.058209,
              42.004689
            ],
            [
              9.057811,
              42.005435
            ],
            [
              9.057403,
              42.005856
            ],
            [
              9.057095,
              42.006091
            ],
            [
              9.056557,
              42.006405
            ],
            [
              9.055359,
              42.006569
            ],
            [
              9.052744,
              42.006908
            ],
            [
              9.049898,
              42.015251
            ],
            [
              9.050016,
              42.016501
            ],
            [
              9.049535,
              42.017396
            ],
            [
              9.046654,
              42.016914
            ],
            [
              9.042098,
              42.013471
            ],
            [
              9.040815,
              42.012727
            ],
            [
              9.036835,
              42.010766
            ],
            [
              9.035769,
              42.010524
            ],
            [
              9.033693,
              42.010219
            ],
            [
              9.032418,
              42.009681
            ],
            [
              9.032032,
              42.007491
            ],
            [
              9.032443,
              42.005099
            ],
            [
              9.032482,
              42.004847
            ],
            [
              9.032533,
              42.00457
            ],
            [
              9.032698,
              42.003939
            ],
            [
              9.032931,
              41.995014
            ],
            [
              9.031564,
              41.994506
            ],
            [
              9.03092,
              41.994278
            ],
            [
              9.03036,
              41.993939
            ],
            [
              9.026815,
              41.992287
            ],
            [
              9.026065,
              41.991986
            ],
            [
              9.025591,
              41.991642
            ],
            [
              9.025132,
              41.991188
            ],
            [
              9.024748,
              41.990626
            ],
            [
              9.019396,
              41.985472
            ],
            [
              9.018889,
              41.984901
            ],
            [
              9.015195,
              41.981611
            ],
            [
              9.006405,
              41.982347
            ],
            [
              9.005739,
              41.982687
            ],
            [
              9.003786,
              41.980992
            ],
            [
              9.003558,
              41.980459
            ],
            [
              9.003351,
              41.980017
            ],
            [
              9.003329,
              41.979097
            ],
            [
              9.004103,
              41.977196
            ],
            [
              9.00368,
              41.969286
            ],
            [
              9.002933,
              41.968043
            ],
            [
              9.00262,
              41.966928
            ],
            [
              9.002287,
              41.96602
            ],
            [
              9.002105,
              41.965581
            ],
            [
              8.995569,
              41.959537
            ],
            [
              8.995201,
              41.959421
            ],
            [
              8.994357,
              41.95895
            ],
            [
              8.993671,
              41.95864
            ],
            [
              8.991695,
              41.957965
            ],
            [
              8.990391,
              41.957674
            ],
            [
              8.989052,
              41.957181
            ],
            [
              8.983273,
              41.957454
            ],
            [
              8.981728,
              41.957919
            ],
            [
              8.980693,
              41.957506
            ],
            [
              8.977599,
              41.956447
            ],
            [
              8.972577,
              41.963103
            ],
            [
              8.972733,
              41.964057
            ],
            [
              8.972485,
              41.966661
            ],
            [
              8.978738,
              41.972833
            ],
            [
              8.979917,
              41.972666
            ],
            [
              8.980477,
              41.972728
            ],
            [
              8.98139,
              41.972769
            ],
            [
              8.9824,
              41.973129
            ],
            [
              8.982947,
              41.97372
            ],
            [
              8.983296,
              41.974712
            ],
            [
              8.984117,
              41.977643
            ],
            [
              8.982524,
              41.9809
            ],
            [
              8.981374,
              41.979974
            ],
            [
              8.980681,
              41.979238
            ],
            [
              8.97785,
              41.977899
            ],
            [
              8.972556,
              41.985078
            ],
            [
              8.972825,
              41.985788
            ],
            [
              8.972505,
              41.988286
            ],
            [
              8.971118,
              41.988477
            ],
            [
              8.969992,
              41.988593
            ],
            [
              8.961195,
              41.989206
            ],
            [
              8.95953,
              41.988303
            ],
            [
              8.958624,
              41.987587
            ],
            [
              8.958217,
              41.987286
            ],
            [
              8.957425,
              41.985325
            ],
            [
              8.957834,
              41.984326
            ],
            [
              8.958207,
              41.983849
            ],
            [
              8.964767,
              41.98091
            ],
            [
              8.963967,
              41.975997
            ],
            [
              8.963646,
              41.975207
            ],
            [
              8.96227,
              41.972807
            ],
            [
              8.955189,
              41.971472
            ],
            [
              8.954568,
              41.971742
            ],
            [
              8.953974,
              41.971866
            ],
            [
              8.953137,
              41.972115
            ],
            [
              8.952025,
              41.972343
            ],
            [
              8.950004,
              41.972666
            ],
            [
              8.948444,
              41.972736
            ],
            [
              8.947745,
              41.972325
            ],
            [
              8.943168,
              41.968021
            ],
            [
              8.94241,
              41.967335
            ],
            [
              8.935637,
              41.963949
            ],
            [
              8.933303,
              41.961895
            ],
            [
              8.93304,
              41.961582
            ],
            [
              8.929259,
              41.958711
            ],
            [
              8.928654,
              41.958187
            ],
            [
              8.927935,
              41.952414
            ],
            [
              8.923673,
              41.948948
            ],
            [
              8.915376,
              41.948892
            ],
            [
              8.914192,
              41.949862
            ],
            [
              8.912921,
              41.951504
            ],
            [
              8.912454,
              41.951879
            ],
            [
              8.911716,
              41.952157
            ],
            [
              8.906581,
              41.953885
            ],
            [
              8.905678,
              41.95417
            ],
            [
              8.904913,
              41.954461
            ],
            [
              8.90244,
              41.955796
            ],
            [
              8.897692,
              41.961859
            ],
            [
              8.89744,
              41.963547
            ],
            [
              8.89731,
              41.966006
            ],
            [
              8.899676,
              41.974514
            ],
            [
              8.902537,
              41.97555
            ],
            [
              8.90324,
              41.975881
            ],
            [
              8.906972,
              41.976723
            ],
            [
              8.907097,
              41.976739
            ],
            [
              8.915555,
              41.97709
            ],
            [
              8.916066,
              41.977075
            ],
            [
              8.917099,
              41.977434
            ],
            [
              8.917862,
              41.978186
            ],
            [
              8.918355,
              41.978796
            ],
            [
              8.918776,
              41.980083
            ],
            [
              8.919053,
              41.980832
            ],
            [
              8.919113,
              41.981019
            ],
            [
              8.918823,
              41.98201
            ],
            [
              8.91973,
              41.990321
            ],
            [
              8.919706,
              41.990354
            ],
            [
              8.918491,
              41.998461
            ],
            [
              8.921385,
              42.000234
            ],
            [
              8.924217,
              42.004317
            ],
            [
              8.924513,
              42.007721
            ],
            [
              8.926177,
              42.014236
            ],
            [
              8.929867,
              42.019835
            ],
            [
              8.933049,
              42.021434
            ],
            [
              8.933983,
              42.02322
            ],
            [
              8.937197,
              42.027919
            ],
            [
              8.937436,
              42.028296
            ],
            [
              8.93953,
              42.031556
            ],
            [
              8.94108,
              42.033792
            ],
            [
              8.948151,
              42.036459
            ],
            [
              8.948472,
              42.03644
            ],
            [
              8.94988,
              42.03625
            ],
            [
              8.950599,
              42.036276
            ],
            [
              8.95109,
              42.036442
            ],
            [
              8.959846,
              42.037364
            ],
            [
              8.960668,
              42.037508
            ],
            [
              8.961322,
              42.037922
            ],
            [
              8.96175,
              42.038511
            ],
            [
              8.970089,
              42.040307
            ],
            [
              8.971799,
              42.039588
            ],
            [
              8.976796,
              42.037606
            ],
            [
              8.977796,
              42.038251
            ],
            [
              8.978167,
              42.038934
            ],
            [
              8.981101,
              42.043031
            ],
            [
              8.981731,
              42.043685
            ],
            [
              8.984225,
              42.045963
            ],
            [
              8.984466,
              42.046166
            ],
            [
              8.987478,
              42.048514
            ],
            [
              8.994239,
              42.04849
            ],
            [
              8.996851,
              42.051118
            ],
            [
              8.997685,
              42.051816
            ],
            [
              9.000736,
              42.054663
            ],
            [
              9.001153,
              42.055781
            ],
            [
              9.001849,
              42.057816
            ],
            [
              9.005765,
              42.06202
            ],
            [
              9.01114,
              42.061406
            ],
            [
              9.014951,
              42.061458
            ],
            [
              9.015801,
              42.061261
            ],
            [
              9.020596,
              42.054069
            ],
            [
              9.020519,
              42.053193
            ],
            [
              9.020498,
              42.052266
            ],
            [
              9.020831,
              42.051501
            ],
            [
              9.021131,
              42.05086
            ],
            [
              9.021416,
              42.050377
            ],
            [
              9.022091,
              42.04964
            ],
            [
              9.022499,
              42.049299
            ],
            [
              9.023201,
              42.04886
            ],
            [
              9.023819,
              42.048712
            ],
            [
              9.02485,
              42.048519
            ],
            [
              9.025315,
              42.048461
            ],
            [
              9.030028,
              42.045898
            ],
            [
              9.030711,
              42.03743
            ],
            [
              9.029205,
              42.034165
            ],
            [
              9.028684,
              42.032848
            ],
            [
              9.031579,
              42.030709
            ],
            [
              9.032919,
              42.031569
            ],
            [
              9.03416,
              42.032466
            ],
            [
              9.040167,
              42.037182
            ],
            [
              9.048109,
              42.03529
            ],
            [
              9.048728,
              42.035051
            ],
            [
              9.049901,
              42.035167
            ],
            [
              9.050827,
              42.03591
            ],
            [
              9.051093,
              42.036497
            ],
            [
              9.051429,
              42.037237
            ],
            [
              9.051473,
              42.037978
            ],
            [
              9.051354,
              42.038573
            ],
            [
              9.050137,
              42.041504
            ],
            [
              9.048738,
              42.042621
            ],
            [
              9.046933,
              42.043567
            ],
            [
              9.044892,
              42.051232
            ],
            [
              9.046755,
              42.058481
            ],
            [
              9.0494,
              42.064231
            ],
            [
              9.049596,
              42.065262
            ],
            [
              9.049256,
              42.06804
            ],
            [
              9.048214,
              42.07161
            ],
            [
              9.049678,
              42.077941
            ],
            [
              9.053902,
              42.078642
            ],
            [
              9.057148,
              42.076991
            ],
            [
              9.057806,
              42.076475
            ],
            [
              9.066036,
              42.076731
            ],
            [
              9.068686,
              42.080375
            ],
            [
              9.073843,
              42.086744
            ],
            [
              9.077108,
              42.087477
            ],
            [
              9.084093,
              42.09073
            ],
            [
              9.090562,
              42.092738
            ],
            [
              9.096478,
              42.093038
            ],
            [
              9.097911,
              42.093179
            ],
            [
              9.101368,
              42.093754
            ],
            [
              9.10158,
              42.093841
            ],
            [
              9.103368,
              42.095057
            ],
            [
              9.105046,
              42.096252
            ],
            [
              9.106231,
              42.097406
            ],
            [
              9.11097,
              42.104867
            ],
            [
              9.113412,
              42.10695
            ],
            [
              9.116256,
              42.109485
            ],
            [
              9.123503,
              42.113428
            ],
            [
              9.124029,
              42.113666
            ],
            [
              9.124303,
              42.113848
            ],
            [
              9.132412,
              42.11729
            ],
            [
              9.133252,
              42.117449
            ],
            [
              9.133696,
              42.117659
            ],
            [
              9.139053,
              42.121442
            ],
            [
              9.139408,
              42.121807
            ],
            [
              9.14148,
              42.126786
            ],
            [
              9.146313,
              42.133928
            ],
            [
              9.146839,
              42.134103
            ],
            [
              9.147256,
              42.134318
            ],
            [
              9.147925,
              42.134824
            ],
            [
              9.148458,
              42.135928
            ],
            [
              9.148336,
              42.136968
            ],
            [
              9.147707,
              42.137783
            ],
            [
              9.147368,
              42.137988
            ],
            [
              9.147035,
              42.138124
            ],
            [
              9.146747,
              42.138204
            ],
            [
              9.143062,
              42.138496
            ],
            [
              9.142562,
              42.138434
            ],
            [
              9.142151,
              42.138297
            ],
            [
              9.141224,
              42.137672
            ],
            [
              9.140968,
              42.137452
            ],
            [
              9.140679,
              42.137136
            ],
            [
              9.136157,
              42.132703
            ],
            [
              9.133366,
              42.130431
            ],
            [
              9.12727,
              42.126546
            ],
            [
              9.124897,
              42.124141
            ],
            [
              9.12469,
              42.123175
            ],
            [
              9.12151,
              42.116587
            ],
            [
              9.115303,
              42.114382
            ],
            [
              9.110696,
              42.114426
            ],
            [
              9.110038,
              42.114332
            ],
            [
              9.109373,
              42.113975
            ],
            [
              9.108701,
              42.112978
            ],
            [
              9.108637,
              42.112295
            ],
            [
              9.103113,
              42.105861
            ],
            [
              9.102412,
              42.105448
            ],
            [
              9.101942,
              42.104866
            ],
            [
              9.101716,
              42.104208
            ],
            [
              9.096663,
              42.098126
            ],
            [
              9.095157,
              42.097598
            ],
            [
              9.093149,
              42.097289
            ],
            [
              9.087407,
              42.09731
            ],
            [
              9.080348,
              42.09589
            ],
            [
              9.079653,
              42.095781
            ],
            [
              9.078845,
              42.095534
            ],
            [
              9.07556,
              42.094076
            ],
            [
              9.075064,
              42.093776
            ],
            [
              9.06762,
              42.092368
            ],
            [
              9.06545,
              42.093243
            ],
            [
              9.065207,
              42.093219
            ],
            [
              9.064363,
              42.092901
            ],
            [
              9.063712,
              42.092409
            ],
            [
              9.063601,
              42.092314
            ],
            [
              9.063279,
              42.091995
            ],
            [
              9.063144,
              42.090713
            ],
            [
              9.054983,
              42.087368
            ],
            [
              9.05437,
              42.088166
            ],
            [
              9.053877,
              42.088536
            ],
            [
              9.053219,
              42.088834
            ],
            [
              9.05253,
              42.088986
            ],
            [
              9.051947,
              42.089023
            ],
            [
              9.051475,
              42.089006
            ],
            [
              9.050555,
              42.088902
            ],
            [
              9.045408,
              42.08842
            ],
            [
              9.040933,
              42.088081
            ],
            [
              9.040468,
              42.08805
            ],
            [
              9.031839,
              42.088869
            ],
            [
              9.029184,
              42.088629
            ],
            [
              9.027902,
              42.088193
            ],
            [
              9.025335,
              42.087328
            ],
            [
              9.017237,
              42.087948
            ],
            [
              9.016187,
              42.088492
            ],
            [
              9.013292,
              42.088755
            ],
            [
              9.007955,
              42.088473
            ],
            [
              9.004736,
              42.088292
            ],
            [
              9.003317,
              42.08769
            ],
            [
              9.002056,
              42.087204
            ],
            [
              8.99998,
              42.08636
            ],
            [
              8.992698,
              42.088642
            ],
            [
              8.990758,
              42.090601
            ],
            [
              8.985592,
              42.091987
            ],
            [
              8.983226,
              42.092319
            ],
            [
              8.98206,
              42.092444
            ],
            [
              8.9745,
              42.092859
            ],
            [
              8.971612,
              42.094385
            ],
            [
              8.970849,
              42.094433
            ],
            [
              8.968469,
              42.094351
            ],
            [
              8.967804,
              42.090813
            ],
            [
              8.967431,
              42.089486
            ],
            [
              8.966814,
              42.087622
            ],
            [
              8.970037,
              42.079739
            ],
            [
              8.970678,
              42.078387
            ],
            [
              8.970911,
              42.077942
            ],
            [
              8.971212,
              42.069769
            ],
            [
              8.969781,
              42.068172
            ],
            [
              8.962851,
              42.062748
            ],
            [
              8.960014,
              42.062172
            ],
            [
              8.959593,
              42.062143
            ],
            [
              8.958171,
              42.061715
            ],
            [
              8.957562,
              42.061447
            ],
            [
              8.954071,
              42.06015
            ],
            [
              8.952729,
              42.059723
            ],
            [
              8.952333,
              42.059611
            ],
            [
              8.950327,
              42.058923
            ],
            [
              8.949911,
              42.058753
            ],
            [
              8.9494,
              42.058493
            ],
            [
              8.947243,
              42.057051
            ],
            [
              8.945253,
              42.05571
            ],
            [
              8.944988,
              42.055513
            ],
            [
              8.942589,
              42.054039
            ],
            [
              8.940166,
              42.053255
            ],
            [
              8.935312,
              42.05526
            ],
            [
              8.936196,
              42.062781
            ],
            [
              8.936583,
              42.063342
            ],
            [
              8.937459,
              42.064735
            ],
            [
              8.937557,
              42.06557
            ],
            [
              8.937832,
              42.067325
            ],
            [
              8.937706,
              42.068149
            ],
            [
              8.937529,
              42.06957
            ],
            [
              8.937339,
              42.070711
            ],
            [
              8.936624,
              42.072034
            ],
            [
              8.936273,
              42.072111
            ],
            [
              8.935634,
              42.072217
            ],
            [
              8.935192,
              42.072255
            ],
            [
              8.933471,
              42.072517
            ],
            [
              8.932884,
              42.072506
            ],
            [
              8.931982,
              42.072123
            ],
            [
              8.927676,
              42.070306
            ],
            [
              8.922788,
              42.070534
            ],
            [
              8.919779,
              42.070676
            ],
            [
              8.91796,
              42.071452
            ],
            [
              8.917407,
              42.07171
            ],
            [
              8.915102,
              42.079883
            ],
            [
              8.916666,
              42.08102
            ],
            [
              8.917409,
              42.081599
            ],
            [
              8.917777,
              42.082428
            ],
            [
              8.917559,
              42.083667
            ],
            [
              8.917154,
              42.088148
            ],
            [
              8.917121,
              42.088775
            ],
            [
              8.916781,
              42.089657
            ],
            [
              8.916261,
              42.090339
            ],
            [
              8.915955,
              42.096234
            ],
            [
              8.920156,
              42.09899
            ],
            [
              8.920843,
              42.099079
            ],
            [
              8.921521,
              42.099387
            ],
            [
              8.921986,
              42.09976
            ],
            [
              8.929893,
              42.102611
            ],
            [
              8.931049,
              42.102989
            ],
            [
              8.931408,
              42.103266
            ],
            [
              8.931031,
              42.105198
            ],
            [
              8.930859,
              42.105717
            ],
            [
              8.930778,
              42.105911
            ],
            [
              8.928368,
              42.110379
            ],
            [
              8.927692,
              42.110155
            ],
            [
              8.925414,
              42.109083
            ],
            [
              8.924998,
              42.108826
            ],
            [
              8.921492,
              42.105459
            ],
            [
              8.915675,
              42.102998
            ],
            [
              8.915313,
              42.102887
            ],
            [
              8.914902,
              42.102686
            ],
            [
              8.914377,
              42.102266
            ],
            [
              8.913457,
              42.101408
            ],
            [
              8.913032,
              42.1009
            ],
            [
              8.910897,
              42.098071
            ],
            [
              8.908938,
              42.094169
            ],
            [
              8.90278,
              42.090223
            ],
            [
              8.897728,
              42.089674
            ],
            [
              8.897134,
              42.08966
            ],
            [
              8.89631,
              42.089357
            ],
            [
              8.895254,
              42.086775
            ],
            [
              8.895393,
              42.086612
            ],
            [
              8.895821,
              42.086235
            ],
            [
              8.896893,
              42.085868
            ],
            [
              8.902078,
              42.082171
            ],
            [
              8.899166,
              42.075299
            ],
            [
              8.898748,
              42.073832
            ],
            [
              8.899425,
              42.072657
            ],
            [
              8.90341,
              42.069844
            ],
            [
              8.904136,
              42.06966
            ],
            [
              8.906319,
              42.068879
            ],
            [
              8.907096,
              42.068779
            ],
            [
              8.908489,
              42.068798
            ],
            [
              8.916299,
              42.065793
            ],
            [
              8.91684,
              42.065471
            ],
            [
              8.917556,
              42.065282
            ],
            [
              8.917776,
              42.065208
            ],
            [
              8.918221,
              42.065128
            ],
            [
              8.918958,
              42.065191
            ],
            [
              8.920037,
              42.06536
            ],
            [
              8.925384,
              42.058569
            ],
            [
              8.921311,
              42.054921
            ],
            [
              8.920236,
              42.0545
            ],
            [
              8.919628,
              42.054
            ],
            [
              8.919086,
              42.053498
            ],
            [
              8.91868,
              42.052562
            ],
            [
              8.91602,
              42.048771
            ],
            [
              8.910504,
              42.041738
            ],
            [
              8.902933,
              42.040332
            ],
            [
              8.902045,
              42.040321
            ],
            [
              8.900126,
              42.039516
            ],
            [
              8.896663,
              42.038311
            ],
            [
              8.895637,
              42.038026
            ],
            [
              8.895295,
              42.037826
            ],
            [
              8.894596,
              42.028869
            ],
            [
              8.891759,
              42.021978
            ],
            [
              8.889271,
              42.019593
            ],
            [
              8.881429,
              42.016152
            ],
            [
              8.874868,
              42.015914
            ],
            [
              8.873566,
              42.015627
            ],
            [
              8.87196,
              42.01505
            ],
            [
              8.870606,
              42.014451
            ],
            [
              8.869768,
              42.014009
            ],
            [
              8.861358,
              42.015524
            ],
            [
              8.858161,
              42.018719
            ],
            [
              8.855616,
              42.025133
            ],
            [
              8.852554,
              42.026519
            ],
            [
              8.848645,
              42.025279
            ],
            [
              8.844219,
              42.032619
            ],
            [
              8.84498,
              42.037373
            ],
            [
              8.845877,
              42.038931
            ],
            [
              8.845744,
              42.03982
            ],
            [
              8.844482,
              42.04115
            ],
            [
              8.842728,
              42.040149
            ],
            [
              8.842242,
              42.039915
            ],
            [
              8.841353,
              42.039518
            ],
            [
              8.840302,
              42.039119
            ],
            [
              8.839202,
              42.038718
            ],
            [
              8.83234,
              42.043297
            ],
            [
              8.835397,
              42.047035
            ],
            [
              8.836566,
              42.047645
            ],
            [
              8.837859,
              42.049434
            ],
            [
              8.83909,
              42.051724
            ],
            [
              8.840556,
              42.054472
            ],
            [
              8.840584,
              42.054591
            ],
            [
              8.840433,
              42.055525
            ],
            [
              8.83902,
              42.056709
            ],
            [
              8.83746,
              42.057686
            ],
            [
              8.836869,
              42.058098
            ],
            [
              8.833098,
              42.059564
            ],
            [
              8.830769,
              42.067243
            ],
            [
              8.830931,
              42.0684
            ],
            [
              8.830818,
              42.068963
            ],
            [
              8.830385,
              42.070251
            ],
            [
              8.829737,
              42.070786
            ],
            [
              8.828526,
              42.071934
            ],
            [
              8.827616,
              42.072036
            ],
            [
              8.825111,
              42.071942
            ],
            [
              8.824481,
              42.071922
            ],
            [
              8.822557,
              42.071513
            ],
            [
              8.820609,
              42.071194
            ],
            [
              8.819662,
              42.071117
            ],
            [
              8.817714,
              42.071024
            ],
            [
              8.816314,
              42.070773
            ],
            [
              8.808196,
              42.07409
            ],
            [
              8.806868,
              42.075284
            ],
            [
              8.80624,
              42.075902
            ],
            [
              8.805101,
              42.077096
            ],
            [
              8.804542,
              42.077637
            ],
            [
              8.804146,
              42.086126
            ],
            [
              8.805862,
              42.087573
            ],
            [
              8.806724,
              42.088015
            ],
            [
              8.807496,
              42.088497
            ],
            [
              8.809057,
              42.08916
            ],
            [
              8.809976,
              42.089462
            ],
            [
              8.813601,
              42.090889
            ],
            [
              8.815481,
              42.091201
            ],
            [
              8.816024,
              42.09132
            ],
            [
              8.817818,
              42.092099
            ],
            [
              8.818776,
              42.092833
            ],
            [
              8.821843,
              42.095376
            ],
            [
              8.825046,
              42.099122
            ],
            [
              8.830924,
              42.105851
            ],
            [
              8.832193,
              42.105296
            ],
            [
              8.832763,
              42.105196
            ],
            [
              8.837387,
              42.10221
            ],
            [
              8.837873,
              42.101747
            ],
            [
              8.839182,
              42.101391
            ],
            [
              8.842862,
              42.093482
            ],
            [
              8.842712,
              42.092595
            ],
            [
              8.843281,
              42.091374
            ],
            [
              8.84492,
              42.090827
            ],
            [
              8.845422,
              42.090943
            ],
            [
              8.845825,
              42.09112
            ],
            [
              8.852291,
              42.092937
            ],
            [
              8.852438,
              42.093017
            ],
            [
              8.853396,
              42.093533
            ],
            [
              8.854174,
              42.094358
            ],
            [
              8.854279,
              42.094583
            ],
            [
              8.852291,
              42.096614
            ],
            [
              8.850572,
              42.103431
            ],
            [
              8.84663,
              42.108276
            ],
            [
              8.845955,
              42.108703
            ],
            [
              8.845277,
              42.108928
            ],
            [
              8.844418,
              42.109197
            ],
            [
              8.843633,
              42.109346
            ],
            [
              8.838937,
              42.110301
            ],
            [
              8.838437,
              42.110425
            ],
            [
              8.837994,
              42.110454
            ],
            [
              8.8311,
              42.111655
            ],
            [
              8.830596,
              42.111761
            ],
            [
              8.829498,
              42.111779
            ],
            [
              8.826724,
              42.111977
            ],
            [
              8.826313,
              42.112051
            ],
            [
              8.824325,
              42.112664
            ],
            [
              8.824042,
              42.112772
            ],
            [
              8.82362,
              42.112878
            ],
            [
              8.817255,
              42.118028
            ],
            [
              8.814891,
              42.124503
            ],
            [
              8.819555,
              42.12771
            ],
            [
              8.820234,
              42.1277
            ],
            [
              8.821239,
              42.127778
            ],
            [
              8.822147,
              42.128213
            ],
            [
              8.822543,
              42.128688
            ],
            [
              8.822755,
              42.130042
            ],
            [
              8.822106,
              42.131074
            ],
            [
              8.818839,
              42.135188
            ],
            [
              8.818475,
              42.135441
            ],
            [
              8.818104,
              42.135624
            ],
            [
              8.817601,
              42.135776
            ],
            [
              8.817054,
              42.135808
            ],
            [
              8.815108,
              42.135758
            ],
            [
              8.814477,
              42.135787
            ],
            [
              8.813942,
              42.135766
            ],
            [
              8.813497,
              42.135661
            ],
            [
              8.812716,
              42.135467
            ],
            [
              8.811864,
              42.135204
            ],
            [
              8.806123,
              42.134559
            ],
            [
              8.805997,
              42.134562
            ],
            [
              8.802494,
              42.133732
            ],
            [
              8.802546,
              42.133513
            ],
            [
              8.802894,
              42.132528
            ],
            [
              8.803211,
              42.131935
            ],
            [
              8.80373,
              42.131207
            ],
            [
              8.804297,
              42.130522
            ],
            [
              8.804799,
              42.130167
            ],
            [
              8.805335,
              42.129985
            ],
            [
              8.808203,
              42.121563
            ],
            [
              8.807772,
              42.120826
            ],
            [
              8.807029,
              42.119496
            ],
            [
              8.806737,
              42.119051
            ],
            [
              8.80653,
              42.11828
            ],
            [
              8.801553,
              42.111259
            ],
            [
              8.795907,
              42.109466
            ],
            [
              8.793596,
              42.109195
            ],
            [
              8.792842,
              42.108558
            ],
            [
              8.792485,
              42.107986
            ],
            [
              8.791811,
              42.10712
            ],
            [
              8.791619,
              42.105561
            ],
            [
              8.78992,
              42.097805
            ],
            [
              8.788492,
              42.096922
            ],
            [
              8.791232,
              42.094391
            ],
            [
              8.792088,
              42.091047
            ],
            [
              8.791216,
              42.085734
            ],
            [
              8.783361,
              42.086465
            ],
            [
              8.782547,
              42.087246
            ],
            [
              8.782133,
              42.087613
            ],
            [
              8.781406,
              42.088442
            ],
            [
              8.776788,
              42.092834
            ],
            [
              8.776476,
              42.094297
            ],
            [
              8.776185,
              42.095473
            ],
            [
              8.775598,
              42.098467
            ],
            [
              8.775602,
              42.099193
            ],
            [
              8.773112,
              42.100716
            ],
            [
              8.773958,
              42.109587
            ],
            [
              8.775244,
              42.10994
            ],
            [
              8.776128,
              42.110127
            ],
            [
              8.77721,
              42.110215
            ],
            [
              8.777435,
              42.11027
            ],
            [
              8.778252,
              42.110485
            ],
            [
              8.779268,
              42.111049
            ],
            [
              8.779829,
              42.111722
            ],
            [
              8.78004,
              42.112273
            ],
            [
              8.778265,
              42.11494
            ],
            [
              8.777947,
              42.114829
            ],
            [
              8.775091,
              42.113905
            ],
            [
              8.774191,
              42.113603
            ],
            [
              8.77252,
              42.113072
            ],
            [
              8.77098,
              42.112855
            ],
            [
              8.770328,
              42.112707
            ],
            [
              8.769935,
              42.112527
            ],
            [
              8.769589,
              42.112313
            ],
            [
              8.769442,
              42.112194
            ],
            [
              8.768707,
              42.111686
            ],
            [
              8.768073,
              42.110976
            ],
            [
              8.767093,
              42.109451
            ],
            [
              8.766451,
              42.108568
            ],
            [
              8.766184,
              42.10745
            ],
            [
              8.766266,
              42.10676
            ],
            [
              8.766447,
              42.105136
            ],
            [
              8.766222,
              42.102645
            ],
            [
              8.759199,
              42.098509
            ],
            [
              8.758218,
              42.098381
            ],
            [
              8.749902,
              42.098826
            ],
            [
              8.748504,
              42.098099
            ],
            [
              8.745075,
              42.096873
            ],
            [
              8.737874,
              42.091514
            ],
            [
              8.737285,
              42.091364
            ],
            [
              8.736548,
              42.090999
            ],
            [
              8.7352,
              42.090567
            ],
            [
              8.733216,
              42.08977
            ],
            [
              8.726492,
              42.0956
            ],
            [
              8.726475,
              42.096462
            ],
            [
              8.72681,
              42.09834
            ],
            [
              8.727221,
              42.10164
            ],
            [
              8.727653,
              42.10277
            ],
            [
              8.727817,
              42.103228
            ],
            [
              8.728273,
              42.104782
            ],
            [
              8.731448,
              42.10941
            ],
            [
              8.731771,
              42.109675
            ],
            [
              8.732323,
              42.110386
            ],
            [
              8.735055,
              42.114237
            ],
            [
              8.7355,
              42.115284
            ],
            [
              8.73722,
              42.118063
            ],
            [
              8.744459,
              42.117323
            ],
            [
              8.746367,
              42.115476
            ],
            [
              8.754088,
              42.114899
            ],
            [
              8.757249,
              42.114316
            ],
            [
              8.757598,
              42.115244
            ],
            [
              8.757957,
              42.116161
            ],
            [
              8.758212,
              42.11665
            ],
            [
              8.758345,
              42.116946
            ],
            [
              8.758924,
              42.117898
            ],
            [
              8.759118,
              42.118846
            ],
            [
              8.760193,
              42.121239
            ],
            [
              8.760784,
              42.12198
            ],
            [
              8.760983,
              42.122482
            ],
            [
              8.76103,
              42.123284
            ],
            [
              8.760766,
              42.124038
            ],
            [
              8.76045,
              42.124465
            ],
            [
              8.759735,
              42.124983
            ],
            [
              8.758564,
              42.125418
            ],
            [
              8.758041,
              42.125628
            ],
            [
              8.752705,
              42.129486
            ],
            [
              8.749185,
              42.131519
            ],
            [
              8.747546,
              42.137191
            ],
            [
              8.747496,
              42.137998
            ],
            [
              8.746395,
              42.139275
            ],
            [
              8.744376,
              42.141151
            ],
            [
              8.746946,
              42.149167
            ],
            [
              8.747968,
              42.149469
            ],
            [
              8.748336,
              42.149596
            ],
            [
              8.752201,
              42.149978
            ],
            [
              8.753731,
              42.14959
            ],
            [
              8.754298,
              42.149459
            ],
            [
              8.754961,
              42.149474
            ],
            [
              8.755651,
              42.149695
            ],
            [
              8.757635,
              42.150335
            ],
            [
              8.758393,
              42.15087
            ],
            [
              8.761119,
              42.153109
            ],
            [
              8.762235,
              42.153642
            ],
            [
              8.765775,
              42.154299
            ],
            [
              8.770767,
              42.150182
            ],
            [
              8.771621,
              42.149511
            ],
            [
              8.77277,
              42.148538
            ],
            [
              8.773995,
              42.148568
            ],
            [
              8.778071,
              42.148362
            ],
            [
              8.779333,
              42.149176
            ],
            [
              8.779536,
              42.149615
            ],
            [
              8.779674,
              42.150803
            ],
            [
              8.779835,
              42.151568
            ],
            [
              8.783552,
              42.158982
            ],
            [
              8.786656,
              42.160097
            ],
            [
              8.793131,
              42.159002
            ],
            [
              8.79567,
              42.156952
            ],
            [
              8.802049,
              42.150638
            ],
            [
              8.802618,
              42.15041
            ],
            [
              8.803081,
              42.150332
            ],
            [
              8.80357,
              42.15034
            ],
            [
              8.805095,
              42.150689
            ],
            [
              8.805577,
              42.150881
            ],
            [
              8.806047,
              42.151222
            ],
            [
              8.806606,
              42.151982
            ],
            [
              8.807074,
              42.152697
            ],
            [
              8.807398,
              42.153353
            ],
            [
              8.808275,
              42.155007
            ],
            [
              8.808604,
              42.155853
            ],
            [
              8.809085,
              42.157492
            ],
            [
              8.81287,
              42.165487
            ],
            [
              8.813363,
              42.165719
            ],
            [
              8.813753,
              42.166005
            ],
            [
              8.816285,
              42.16805
            ],
            [
              8.816524,
              42.16826
            ],
            [
              8.815275,
              42.171636
            ],
            [
              8.811534,
              42.174631
            ],
            [
              8.809047,
              42.174073
            ],
            [
              8.80836,
              42.173917
            ],
            [
              8.801616,
              42.175926
            ],
            [
              8.80188,
              42.184337
            ],
            [
              8.803453,
              42.185561
            ],
            [
              8.805505,
              42.18676
            ],
            [
              8.806027,
              42.18709
            ],
            [
              8.807342,
              42.188007
            ],
            [
              8.807897,
              42.188832
            ],
            [
              8.808176,
              42.189732
            ],
            [
              8.808142,
              42.19038
            ],
            [
              8.8074,
              42.191606
            ],
            [
              8.807136,
              42.191611
            ],
            [
              8.806626,
              42.191587
            ],
            [
              8.80463,
              42.191051
            ],
            [
              8.801822,
              42.189426
            ],
            [
              8.801002,
              42.188836
            ],
            [
              8.795339,
              42.185081
            ],
            [
              8.794201,
              42.183786
            ],
            [
              8.788081,
              42.179621
            ],
            [
              8.785046,
              42.181321
            ],
            [
              8.785007,
              42.181331
            ],
            [
              8.784931,
              42.181331
            ],
            [
              8.782713,
              42.18087
            ],
            [
              8.782214,
              42.180756
            ],
            [
              8.777431,
              42.17954
            ],
            [
              8.777027,
              42.17937
            ],
            [
              8.776651,
              42.179172
            ],
            [
              8.77816,
              42.175904
            ],
            [
              8.779617,
              42.167582
            ],
            [
              8.779305,
              42.166788
            ],
            [
              8.779343,
              42.165976
            ],
            [
              8.771645,
              42.161726
            ],
            [
              8.771007,
              42.161952
            ],
            [
              8.768819,
              42.162402
            ],
            [
              8.768259,
              42.162526
            ],
            [
              8.765912,
              42.163256
            ],
            [
              8.765369,
              42.163528
            ],
            [
              8.764863,
              42.16365
            ],
            [
              8.763179,
              42.163688
            ],
            [
              8.760764,
              42.163349
            ],
            [
              8.755619,
              42.163613
            ],
            [
              8.754189,
              42.163345
            ],
            [
              8.753307,
              42.163103
            ],
            [
              8.75168,
              42.162698
            ],
            [
              8.750418,
              42.159204
            ],
            [
              8.750092,
              42.158114
            ],
            [
              8.747653,
              42.154212
            ],
            [
              8.741208,
              42.15362
            ],
            [
              8.740405,
              42.15391
            ],
            [
              8.739398,
              42.154111
            ],
            [
              8.738808,
              42.154255
            ],
            [
              8.738377,
              42.154277
            ],
            [
              8.736317,
              42.154336
            ],
            [
              8.735565,
              42.15441
            ],
            [
              8.734973,
              42.154283
            ],
            [
              8.728619,
              42.15319
            ],
            [
              8.728114,
              42.153135
            ],
            [
              8.727464,
              42.152924
            ],
            [
              8.727109,
              42.15276
            ],
            [
              8.726791,
              42.152573
            ],
            [
              8.724687,
              42.151187
            ],
            [
              8.724326,
              42.15095
            ],
            [
              8.724028,
              42.15071
            ],
            [
              8.723724,
              42.150387
            ],
            [
              8.720484,
              42.147654
            ],
            [
              8.714896,
              42.147382
            ],
            [
              8.713913,
              42.146939
            ],
            [
              8.709033,
              42.143256
            ],
            [
              8.706094,
              42.142373
            ],
            [
              8.70557,
              42.142299
            ],
            [
              8.697285,
              42.144591
            ],
            [
              8.696908,
              42.144727
            ],
            [
              8.696055,
              42.145032
            ],
            [
              8.695081,
              42.145418
            ],
            [
              8.693902,
              42.145663
            ],
            [
              8.693377,
              42.145747
            ],
            [
              8.692654,
              42.145685
            ],
            [
              8.691408,
              42.145511
            ],
            [
              8.689175,
              42.145018
            ],
            [
              8.688504,
              42.144975
            ],
            [
              8.682205,
              42.148533
            ],
            [
              8.681623,
              42.151807
            ],
            [
              8.681061,
              42.153931
            ],
            [
              8.680468,
              42.154306
            ],
            [
              8.679703,
              42.154448
            ],
            [
              8.678618,
              42.154531
            ],
            [
              8.67769,
              42.154421
            ],
            [
              8.677207,
              42.154169
            ],
            [
              8.676243,
              42.153667
            ],
            [
              8.671355,
              42.15137
            ],
            [
              8.669732,
              42.150528
            ],
            [
              8.66153,
              42.148954
            ],
            [
              8.660195,
              42.149321
            ],
            [
              8.659455,
              42.149572
            ],
            [
              8.65873,
              42.149665
            ],
            [
              8.655703,
              42.149585
            ],
            [
              8.65501,
              42.149534
            ],
            [
              8.648251,
              42.148826
            ],
            [
              8.645642,
              42.146345
            ],
            [
              8.646018,
              42.14595
            ],
            [
              8.64636,
              42.145641
            ],
            [
              8.647193,
              42.145065
            ],
            [
              8.647426,
              42.144897
            ],
            [
              8.648012,
              42.144588
            ],
            [
              8.648546,
              42.144411
            ],
            [
              8.649488,
              42.144126
            ],
            [
              8.650241,
              42.143986
            ],
            [
              8.652238,
              42.135244
            ],
            [
              8.65205,
              42.135129
            ],
            [
              8.651075,
              42.134626
            ],
            [
              8.646466,
              42.129455
            ],
            [
              8.639495,
              42.12673
            ],
            [
              8.637525,
              42.1264
            ],
            [
              8.629189,
              42.129234
            ],
            [
              8.622026,
              42.133483
            ],
            [
              8.621715,
              42.134961
            ],
            [
              8.621685,
              42.135425
            ],
            [
              8.621562,
              42.136677
            ],
            [
              8.621477,
              42.13749
            ],
            [
              8.621127,
              42.13838
            ],
            [
              8.620794,
              42.138798
            ],
            [
              8.618481,
              42.140273
            ],
            [
              8.615674,
              42.142457
            ],
            [
              8.615543,
              42.142304
            ],
            [
              8.614699,
              42.14141
            ],
            [
              8.611898,
              42.139609
            ],
            [
              8.605747,
              42.140121
            ],
            [
              8.603363,
              42.141709
            ],
            [
              8.599831,
              42.14218
            ],
            [
              8.595284,
              42.13938
            ],
            [
              8.592856,
              42.137593
            ],
            [
              8.592701,
              42.137472
            ],
            [
              8.591934,
              42.135665
            ]
          ]
        ],
        "type": "Polygon"
      }
    },
    {
      "type": "Feature",
      "properties": {
        "group_index": 0,
        "value": 3600.0,
        "center": [
          4.858355405740117,
          45.75935258786905
        ],
        "station_name": "Bureau LYON",
        "station_type": "Bureau",
        "territoire": "Est du Sud",
        "duration_minutes": 60,
        "station_lat": 45.7593019,
        "station_lon": 4.857728199999999,
        "color": "#006837"
      },
      "geometry": {
        "coordinates": [
          [
            [
              4.083092,
              45.84405
            ],
            [
              4.084084,
              45.843537
            ],
            [
              4.084816,
              45.843136
            ],
            [
              4.086253,
              45.842304
            ],
            [
              4.087807,
              45.841324
            ],
            [
              4.094158,
              45.835895
            ],
            [
              4.09581,
              45.834038
            ],
            [
              4.097494,
              45.832147
            ],
            [
              4.098622,
              45.830951
            ],
            [
              4.09925,
              45.830321
            ],
            [
              4.099867,
              45.829724
            ],
            [
              4.10108,
              45.828616
            ],
            [
              4.10223,
              45.827617
            ],
            [
              4.103944,
              45.826182
            ],
            [
              4.105954,
              45.824499
            ],
            [
              4.106966,
              45.823598
            ],
            [
              4.111464,
              45.816804
            ],
            [
              4.11167,
              45.816341
            ],
            [
              4.111963,
              45.815881
            ],
            [
              4.112427,
              45.815353
            ],
            [
              4.117867,
              45.808689
            ],
            [
              4.118677,
              45.807461
            ],
            [
              4.119443,
              45.806395
            ],
            [
              4.12006,
              45.805588
            ],
            [
              4.120858,
              45.804624
            ],
            [
              4.121835,
              45.803534
            ],
            [
              4.12299,
              45.802342
            ],
            [
              4.124279,
              45.801104
            ],
            [
              4.126336,
              45.799205
            ],
            [
              4.128362,
              45.797334
            ],
            [
              4.132948,
              45.792371
            ],
            [
              4.134647,
              45.790162
            ],
            [
              4.136346,
              45.787953
            ],
            [
              4.1392,
              45.790148
            ],
            [
              4.1375,
              45.792357
            ],
            [
              4.135801,
              45.794566
            ],
            [
              4.134398,
              45.796261
            ],
            [
              4.133812,
              45.796923
            ],
            [
              4.133198,
              45.797597
            ],
            [
              4.132072,
              45.798752
            ],
            [
              4.130866,
              45.799921
            ],
            [
              4.128779,
              45.801849
            ],
            [
              4.126722,
              45.803749
            ],
            [
              4.125484,
              45.804939
            ],
            [
              4.124421,
              45.806038
            ],
            [
              4.123541,
              45.807024
            ],
            [
              4.122836,
              45.80788
            ],
            [
              4.122305,
              45.808579
            ],
            [
              4.121604,
              45.809558
            ],
            [
              4.120872,
              45.81067
            ],
            [
              4.11917,
              45.813502
            ],
            [
              4.122782,
              45.821288
            ],
            [
              4.12379,
              45.821526
            ],
            [
              4.123919,
              45.821551
            ],
            [
              4.12471,
              45.821703
            ],
            [
              4.12555,
              45.821841
            ],
            [
              4.126893,
              45.822034
            ],
            [
              4.129744,
              45.822433
            ],
            [
              4.132603,
              45.822832
            ],
            [
              4.135511,
              45.823241
            ],
            [
              4.138418,
              45.82365
            ],
            [
              4.138923,
              45.823737
            ],
            [
              4.140167,
              45.823991
            ],
            [
              4.140897,
              45.824164
            ],
            [
              4.14236,
              45.824586
            ],
            [
              4.143925,
              45.825146
            ],
            [
              4.145057,
              45.825627
            ],
            [
              4.145729,
              45.825949
            ],
            [
              4.149091,
              45.827703
            ],
            [
              4.152401,
              45.829432
            ],
            [
              4.159852,
              45.827963
            ],
            [
              4.160036,
              45.827877
            ],
            [
              4.160853,
              45.827697
            ],
            [
              4.161658,
              45.827532
            ],
            [
              4.167573,
              45.825399
            ],
            [
              4.173831,
              45.823158
            ],
            [
              4.178014,
              45.821293
            ],
            [
              4.179983,
              45.821361
            ],
            [
              4.18211,
              45.824265
            ],
            [
              4.17947,
              45.82777
            ],
            [
              4.176576,
              45.829341
            ],
            [
              4.179394,
              45.83771
            ],
            [
              4.180546,
              45.837833
            ],
            [
              4.181913,
              45.837918
            ],
            [
              4.183119,
              45.837957
            ],
            [
              4.184355,
              45.837951
            ],
            [
              4.185334,
              45.837908
            ],
            [
              4.186964,
              45.837814
            ],
            [
              4.190169,
              45.837577
            ],
            [
              4.191491,
              45.837507
            ],
            [
              4.192617,
              45.837464
            ],
            [
              4.194033,
              45.837463
            ],
            [
              4.194873,
              45.837491
            ],
            [
              4.196274,
              45.837587
            ],
            [
              4.197708,
              45.83776
            ],
            [
              4.199787,
              45.838122
            ],
            [
              4.201256,
              45.838448
            ],
            [
              4.201746,
              45.838561
            ],
            [
              4.202875,
              45.83887
            ],
            [
              4.203908,
              45.839205
            ],
            [
              4.204735,
              45.839501
            ],
            [
              4.206188,
              45.840101
            ],
            [
              4.207439,
              45.840684
            ],
            [
              4.208376,
              45.841176
            ],
            [
              4.209384,
              45.841745
            ],
            [
              4.215465,
              45.845022
            ],
            [
              4.217498,
              45.845861
            ],
            [
              4.224021,
              45.848198
            ],
            [
              4.226243,
              45.850413
            ],
            [
              4.231439,
              45.85523
            ],
            [
              4.232273,
              45.855849
            ],
            [
              4.232943,
              45.856435
            ],
            [
              4.23373,
              45.857269
            ],
            [
              4.234086,
              45.857694
            ],
            [
              4.234405,
              45.858139
            ],
            [
              4.235244,
              45.859532
            ],
            [
              4.242273,
              45.862715
            ],
            [
              4.243703,
              45.862513
            ],
            [
              4.245107,
              45.86234
            ],
            [
              4.245525,
              45.862309
            ],
            [
              4.24623,
              45.862276
            ],
            [
              4.249396,
              45.862158
            ],
            [
              4.251142,
              45.861915
            ],
            [
              4.25204,
              45.861813
            ],
            [
              4.252526,
              45.861778
            ],
            [
              4.253537,
              45.861732
            ],
            [
              4.254558,
              45.861746
            ],
            [
              4.255356,
              45.861795
            ],
            [
              4.256119,
              45.861876
            ],
            [
              4.256841,
              45.86198
            ],
            [
              4.257594,
              45.862113
            ],
            [
              4.258348,
              45.862291
            ],
            [
              4.25911,
              45.8625
            ],
            [
              4.260128,
              45.862845
            ],
            [
              4.26088,
              45.863154
            ],
            [
              4.261655,
              45.8635
            ],
            [
              4.261992,
              45.863669
            ],
            [
              4.263391,
              45.864302
            ],
            [
              4.264324,
              45.864756
            ],
            [
              4.272837,
              45.867188
            ],
            [
              4.275476,
              45.867216
            ],
            [
              4.27746,
              45.867242
            ],
            [
              4.279538,
              45.867271
            ],
            [
              4.282112,
              45.867443
            ],
            [
              4.283087,
              45.867593
            ],
            [
              4.284579,
              45.867967
            ],
            [
              4.286384,
              45.868576
            ],
            [
              4.287069,
              45.868776
            ],
            [
              4.287787,
              45.868953
            ],
            [
              4.288458,
              45.869086
            ],
            [
              4.289171,
              45.869188
            ],
            [
              4.289864,
              45.869267
            ],
            [
              4.29059,
              45.869306
            ],
            [
              4.291375,
              45.869307
            ],
            [
              4.292076,
              45.86929
            ],
            [
              4.29313,
              45.869181
            ],
            [
              4.294089,
              45.86903
            ],
            [
              4.295062,
              45.868822
            ],
            [
              4.296006,
              45.868551
            ],
            [
              4.296836,
              45.868234
            ],
            [
              4.298391,
              45.867434
            ],
            [
              4.29905,
              45.867032
            ],
            [
              4.300477,
              45.866058
            ],
            [
              4.300173,
              45.857364
            ],
            [
              4.298125,
              45.854701
            ],
            [
              4.296765,
              45.848493
            ],
            [
              4.294924,
              45.845332
            ],
            [
              4.296397,
              45.842047
            ],
            [
              4.297092,
              45.842358
            ],
            [
              4.297594,
              45.842642
            ],
            [
              4.299297,
              45.843537
            ],
            [
              4.299555,
              45.843826
            ],
            [
              4.301671,
              45.846578
            ],
            [
              4.30783,
              45.847448
            ],
            [
              4.308306,
              45.847526
            ],
            [
              4.315999,
              45.843232
            ],
            [
              4.31628,
              45.842677
            ],
            [
              4.316754,
              45.842108
            ],
            [
              4.320721,
              45.836473
            ],
            [
              4.321496,
              45.833061
            ],
            [
              4.322255,
              45.832002
            ],
            [
              4.324036,
              45.830052
            ],
            [
              4.326663,
              45.82759
            ],
            [
              4.329905,
              45.827811
            ],
            [
              4.330791,
              45.829137
            ],
            [
              4.331089,
              45.829673
            ],
            [
              4.331239,
              45.830157
            ],
            [
              4.331316,
              45.83106
            ],
            [
              4.331256,
              45.831642
            ],
            [
              4.333089,
              45.838194
            ],
            [
              4.336547,
              45.839195
            ],
            [
              4.342369,
              45.836445
            ],
            [
              4.342761,
              45.835918
            ],
            [
              4.343951,
              45.834891
            ],
            [
              4.348131,
              45.829416
            ],
            [
              4.35323,
              45.829044
            ],
            [
              4.354384,
              45.8298
            ],
            [
              4.357794,
              45.830955
            ],
            [
              4.364706,
              45.82811
            ],
            [
              4.366383,
              45.824956
            ],
            [
              4.366246,
              45.817409
            ],
            [
              4.364277,
              45.814395
            ],
            [
              4.365204,
              45.813757
            ],
            [
              4.367185,
              45.809337
            ],
            [
              4.362306,
              45.8051
            ],
            [
              4.361928,
              45.803539
            ],
            [
              4.359957,
              45.796005
            ],
            [
              4.359757,
              45.79523
            ],
            [
              4.36152,
              45.792762
            ],
            [
              4.36228,
              45.793129
            ],
            [
              4.364175,
              45.793999
            ],
            [
              4.364462,
              45.794151
            ],
            [
              4.364807,
              45.794384
            ],
            [
              4.371835,
              45.797511
            ],
            [
              4.371885,
              45.797517
            ],
            [
              4.373678,
              45.798235
            ],
            [
              4.380437,
              45.800424
            ],
            [
              4.384664,
              45.798318
            ],
            [
              4.388292,
              45.790623
            ],
            [
              4.387799,
              45.789631
            ],
            [
              4.386063,
              45.785364
            ],
            [
              4.386431,
              45.784178
            ],
            [
              4.386831,
              45.783153
            ],
            [
              4.387224,
              45.782751
            ],
            [
              4.387581,
              45.782481
            ],
            [
              4.387907,
              45.782271
            ],
            [
              4.389271,
              45.782042
            ],
            [
              4.390783,
              45.782932
            ],
            [
              4.391446,
              45.78491
            ],
            [
              4.391343,
              45.786197
            ],
            [
              4.391923,
              45.78941
            ],
            [
              4.398477,
              45.793764
            ],
            [
              4.399924,
              45.793631
            ],
            [
              4.401329,
              45.793263
            ],
            [
              4.402354,
              45.793048
            ],
            [
              4.402786,
              45.793015
            ],
            [
              4.403281,
              45.793023
            ],
            [
              4.403693,
              45.793079
            ],
            [
              4.403924,
              45.793127
            ],
            [
              4.41189,
              45.79306
            ],
            [
              4.412269,
              45.792981
            ],
            [
              4.412825,
              45.792961
            ],
            [
              4.414618,
              45.792998
            ],
            [
              4.414783,
              45.79301
            ],
            [
              4.423373,
              45.794909
            ],
            [
              4.425142,
              45.793883
            ],
            [
              4.425396,
              45.793871
            ],
            [
              4.426241,
              45.793847
            ],
            [
              4.430582,
              45.792645
            ],
            [
              4.430956,
              45.792501
            ],
            [
              4.43261,
              45.791973
            ],
            [
              4.436661,
              45.786711
            ],
            [
              4.434909,
              45.782676
            ],
            [
              4.434512,
              45.78219
            ],
            [
              4.437892,
              45.777277
            ],
            [
              4.438196,
              45.776813
            ],
            [
              4.438581,
              45.776448
            ],
            [
              4.439119,
              45.77614
            ],
            [
              4.439277,
              45.776096
            ],
            [
              4.442288,
              45.777282
            ],
            [
              4.445257,
              45.780054
            ],
            [
              4.445221,
              45.780404
            ],
            [
              4.445784,
              45.784399
            ],
            [
              4.451786,
              45.787743
            ],
            [
              4.453414,
              45.787581
            ],
            [
              4.459258,
              45.784211
            ],
            [
              4.459651,
              45.783856
            ],
            [
              4.460176,
              45.7835
            ],
            [
              4.460355,
              45.783536
            ],
            [
              4.461345,
              45.783813
            ],
            [
              4.468524,
              45.783925
            ],
            [
              4.471623,
              45.782094
            ],
            [
              4.47254,
              45.782716
            ],
            [
              4.473355,
              45.783277
            ],
            [
              4.479216,
              45.785149
            ],
            [
              4.483205,
              45.784151
            ],
            [
              4.486446,
              45.783851
            ],
            [
              4.48712,
              45.783722
            ],
            [
              4.487743,
              45.783731
            ],
            [
              4.488146,
              45.783805
            ],
            [
              4.490303,
              45.784102
            ],
            [
              4.494436,
              45.782636
            ],
            [
              4.496145,
              45.77513
            ],
            [
              4.492545,
              45.768682
            ],
            [
              4.492107,
              45.768403
            ],
            [
              4.491011,
              45.767715
            ],
            [
              4.488808,
              45.762054
            ],
            [
              4.483057,
              45.762552
            ],
            [
              4.479474,
              45.762907
            ],
            [
              4.479363,
              45.762145
            ],
            [
              4.479294,
              45.761313
            ],
            [
              4.479388,
              45.760812
            ],
            [
              4.479681,
              45.760165
            ],
            [
              4.480899,
              45.75503
            ],
            [
              4.473307,
              45.750529
            ],
            [
              4.472776,
              45.75084
            ],
            [
              4.472333,
              45.751024
            ],
            [
              4.471959,
              45.751135
            ],
            [
              4.47141,
              45.751242
            ],
            [
              4.470901,
              45.751282
            ],
            [
              4.470433,
              45.751273
            ],
            [
              4.46993,
              45.751215
            ],
            [
              4.469694,
              45.751166
            ],
            [
              4.470428,
              45.747641
            ],
            [
              4.473668,
              45.744343
            ],
            [
              4.474251,
              45.743751
            ],
            [
              4.474852,
              45.743333
            ],
            [
              4.477256,
              45.741679
            ],
            [
              4.47816,
              45.741054
            ],
            [
              4.480096,
              45.73974
            ],
            [
              4.480445,
              45.739552
            ],
            [
              4.482196,
              45.738517
            ],
            [
              4.486391,
              45.733832
            ],
            [
              4.487656,
              45.725232
            ],
            [
              4.486059,
              45.721567
            ],
            [
              4.481639,
              45.718248
            ],
            [
              4.473898,
              45.715233
            ],
            [
              4.470428,
              45.713293
            ],
            [
              4.471658,
              45.70991
            ],
            [
              4.473516,
              45.710585
            ],
            [
              4.475614,
              45.711263
            ],
            [
              4.478643,
              45.711999
            ],
            [
              4.485064,
              45.710803
            ],
            [
              4.486486,
              45.710027
            ],
            [
              4.487187,
              45.709721
            ],
            [
              4.488748,
              45.709315
            ],
            [
              4.489656,
              45.712798
            ],
            [
              4.492203,
              45.72057
            ],
            [
              4.494937,
              45.72183
            ],
            [
              4.495552,
              45.722622
            ],
            [
              4.4967,
              45.724066
            ],
            [
              4.49711,
              45.724591
            ],
            [
              4.504451,
              45.728978
            ],
            [
              4.505391,
              45.729153
            ],
            [
              4.50667,
              45.729841
            ],
            [
              4.510038,
              45.731196
            ],
            [
              4.510522,
              45.731375
            ],
            [
              4.51136,
              45.732058
            ],
            [
              4.511767,
              45.732857
            ],
            [
              4.515605,
              45.737746
            ],
            [
              4.522402,
              45.736358
            ],
            [
              4.523486,
              45.729378
            ],
            [
              4.523599,
              45.727021
            ],
            [
              4.523576,
              45.726489
            ],
            [
              4.52363,
              45.725862
            ],
            [
              4.523865,
              45.725127
            ],
            [
              4.524123,
              45.72468
            ],
            [
              4.525344,
              45.722676
            ],
            [
              4.525437,
              45.715601
            ],
            [
              4.522274,
              45.711475
            ],
            [
              4.519674,
              45.708984
            ],
            [
              4.519212,
              45.705191
            ],
            [
              4.520411,
              45.703706
            ],
            [
              4.520582,
              45.703659
            ],
            [
              4.521108,
              45.703578
            ],
            [
              4.523076,
              45.703038
            ],
            [
              4.525555,
              45.701127
            ],
            [
              4.52446,
              45.693721
            ],
            [
              4.520318,
              45.69357
            ],
            [
              4.520013,
              45.69369
            ],
            [
              4.515622,
              45.69194
            ],
            [
              4.513298,
              45.692235
            ],
            [
              4.512843,
              45.692358
            ],
            [
              4.511861,
              45.69256
            ],
            [
              4.511626,
              45.692578
            ],
            [
              4.509028,
              45.691578
            ],
            [
              4.505743,
              45.685298
            ],
            [
              4.506441,
              45.681766
            ],
            [
              4.511082,
              45.678141
            ],
            [
              4.514251,
              45.676432
            ],
            [
              4.517078,
              45.678016
            ],
            [
              4.525178,
              45.676856
            ],
            [
              4.528379,
              45.672084
            ],
            [
              4.523999,
              45.666829
            ],
            [
              4.52294,
              45.666647
            ],
            [
              4.520894,
              45.666508
            ],
            [
              4.520503,
              45.666516
            ],
            [
              4.518405,
              45.666658
            ],
            [
              4.517416,
              45.663196
            ],
            [
              4.517573,
              45.654301
            ],
            [
              4.517862,
              45.649445
            ],
            [
              4.512097,
              45.646545
            ],
            [
              4.510813,
              45.64615
            ],
            [
              4.508413,
              45.644268
            ],
            [
              4.507898,
              45.643876
            ],
            [
              4.507524,
              45.643348
            ],
            [
              4.507291,
              45.642572
            ],
            [
              4.507301,
              45.641981
            ],
            [
              4.50739,
              45.639582
            ],
            [
              4.50877,
              45.63749
            ],
            [
              4.516428,
              45.634691
            ],
            [
              4.522979,
              45.629749
            ],
            [
              4.523143,
              45.629583
            ],
            [
              4.525589,
              45.626329
            ],
            [
              4.526554,
              45.626096
            ],
            [
              4.527369,
              45.625829
            ],
            [
              4.528117,
              45.625631
            ],
            [
              4.528779,
              45.625477
            ],
            [
              4.529255,
              45.625424
            ],
            [
              4.529687,
              45.625436
            ],
            [
              4.530196,
              45.625504
            ],
            [
              4.530671,
              45.625615
            ],
            [
              4.535653,
              45.625517
            ],
            [
              4.53751,
              45.624707
            ],
            [
              4.538156,
              45.624419
            ],
            [
              4.538796,
              45.624252
            ],
            [
              4.539211,
              45.624198
            ],
            [
              4.5397,
              45.624199
            ],
            [
              4.545634,
              45.61902
            ],
            [
              4.545091,
              45.615299
            ],
            [
              4.542811,
              45.612145
            ],
            [
              4.541947,
              45.61152
            ],
            [
              4.542656,
              45.609999
            ],
            [
              4.540655,
              45.604285
            ],
            [
              4.533677,
              45.605971
            ],
            [
              4.531346,
              45.608715
            ],
            [
              4.52599,
              45.6081
            ],
            [
              4.521502,
              45.606166
            ],
            [
              4.521391,
              45.606037
            ],
            [
              4.520346,
              45.604737
            ],
            [
              4.520323,
              45.603806
            ],
            [
              4.520281,
              45.601545
            ],
            [
              4.520774,
              45.600902
            ],
            [
              4.521005,
              45.600787
            ],
            [
              4.522711,
              45.601112
            ],
            [
              4.524424,
              45.601087
            ],
            [
              4.530111,
              45.595736
            ],
            [
              4.53051,
              45.592657
            ],
            [
              4.535591,
              45.585346
            ],
            [
              4.535794,
              45.582269
            ],
            [
              4.536951,
              45.581871
            ],
            [
              4.540533,
              45.58151
            ],
            [
              4.54521,
              45.580648
            ],
            [
              4.549628,
              45.57933
            ],
            [
              4.553052,
              45.572964
            ],
            [
              4.552099,
              45.567119
            ],
            [
              4.550332,
              45.56329
            ],
            [
              4.548565,
              45.560154
            ],
            [
              4.540406,
              45.560985
            ],
            [
              4.539749,
              45.563138
            ],
            [
              4.539234,
              45.563651
            ],
            [
              4.538315,
              45.564329
            ],
            [
              4.53798,
              45.564517
            ],
            [
              4.536737,
              45.564994
            ],
            [
              4.534682,
              45.565161
            ],
            [
              4.526578,
              45.561602
            ],
            [
              4.525918,
              45.561876
            ],
            [
              4.523248,
              45.56295
            ],
            [
              4.522392,
              45.563341
            ],
            [
              4.520452,
              45.563984
            ],
            [
              4.520063,
              45.564098
            ],
            [
              4.519058,
              45.564312
            ],
            [
              4.518478,
              45.564277
            ],
            [
              4.51762,
              45.563879
            ],
            [
              4.515547,
              45.56223
            ],
            [
              4.514216,
              45.561019
            ],
            [
              4.511501,
              45.558028
            ],
            [
              4.51094,
              45.554472
            ],
            [
              4.509358,
              45.547717
            ],
            [
              4.507292,
              45.544879
            ],
            [
              4.503602,
              45.540589
            ],
            [
              4.5017,
              45.537533
            ],
            [
              4.50009,
              45.530613
            ],
            [
              4.492851,
              45.532769
            ],
            [
              4.492576,
              45.533213
            ],
            [
              4.492181,
              45.533678
            ],
            [
              4.491555,
              45.534138
            ],
            [
              4.490534,
              45.534662
            ],
            [
              4.490036,
              45.534926
            ],
            [
              4.489686,
              45.535046
            ],
            [
              4.488423,
              45.535529
            ],
            [
              4.487867,
              45.535637
            ],
            [
              4.485486,
              45.535547
            ],
            [
              4.485384,
              45.535394
            ],
            [
              4.485112,
              45.534761
            ],
            [
              4.485181,
              45.533535
            ],
            [
              4.485676,
              45.532804
            ],
            [
              4.48809,
              45.524349
            ],
            [
              4.488021,
              45.523565
            ],
            [
              4.489333,
              45.520718
            ],
            [
              4.489506,
              45.520159
            ],
            [
              4.489689,
              45.519652
            ],
            [
              4.49029,
              45.518885
            ],
            [
              4.491112,
              45.51841
            ],
            [
              4.491975,
              45.517859
            ],
            [
              4.492575,
              45.517406
            ],
            [
              4.493072,
              45.517219
            ],
            [
              4.493597,
              45.508237
            ],
            [
              4.490243,
              45.50693
            ],
            [
              4.483298,
              45.50802
            ],
            [
              4.48104,
              45.508278
            ],
            [
              4.479346,
              45.508805
            ],
            [
              4.478875,
              45.508936
            ],
            [
              4.477992,
              45.509062
            ],
            [
              4.477521,
              45.50906
            ],
            [
              4.477149,
              45.509017
            ],
            [
              4.476343,
              45.506719
            ],
            [
              4.475396,
              45.504211
            ],
            [
              4.471902,
              45.496646
            ],
            [
              4.47152,
              45.49607
            ],
            [
              4.471316,
              45.495727
            ],
            [
              4.471151,
              45.495317
            ],
            [
              4.471074,
              45.494489
            ],
            [
              4.471259,
              45.493822
            ],
            [
              4.471629,
              45.493263
            ],
            [
              4.472554,
              45.491211
            ],
            [
              4.473063,
              45.485241
            ],
            [
              4.465465,
              45.48051
            ],
            [
              4.464767,
              45.481216
            ],
            [
              4.464206,
              45.481665
            ],
            [
              4.462525,
              45.484535
            ],
            [
              4.459617,
              45.485642
            ],
            [
              4.459394,
              45.485672
            ],
            [
              4.459044,
              45.485642
            ],
            [
              4.458498,
              45.485489
            ],
            [
              4.451413,
              45.482314
            ],
            [
              4.449962,
              45.480904
            ],
            [
              4.449944,
              45.48082
            ],
            [
              4.450841,
              45.47876
            ],
            [
              4.453587,
              45.470935
            ],
            [
              4.454841,
              45.469161
            ],
            [
              4.451019,
              45.461287
            ],
            [
              4.450086,
              45.461055
            ],
            [
              4.449561,
              45.460843
            ],
            [
              4.445581,
              45.458945
            ],
            [
              4.444521,
              45.458468
            ],
            [
              4.444274,
              45.457966
            ],
            [
              4.442576,
              45.45534
            ],
            [
              4.435866,
              45.449429
            ],
            [
              4.434147,
              45.449213
            ],
            [
              4.433113,
              45.448795
            ],
            [
              4.424695,
              45.449588
            ],
            [
              4.422778,
              45.450887
            ],
            [
              4.418688,
              45.455608
            ],
            [
              4.4184,
              45.459197
            ],
            [
              4.411647,
              45.461151
            ],
            [
              4.408593,
              45.462979
            ],
            [
              4.400276,
              45.465425
            ],
            [
              4.398196,
              45.462487
            ],
            [
              4.398548,
              45.462237
            ],
            [
              4.401349,
              45.460262
            ],
            [
              4.406421,
              45.454573
            ],
            [
              4.407771,
              45.451309
            ],
            [
              4.407853,
              45.451253
            ],
            [
              4.408043,
              45.45118
            ],
            [
              4.409093,
              45.450626
            ],
            [
              4.406564,
              45.442151
            ],
            [
              4.404689,
              45.440983
            ],
            [
              4.403329,
              45.439315
            ],
            [
              4.403386,
              45.439052
            ],
            [
              4.404758,
              45.430162
            ],
            [
              4.404585,
              45.426567
            ],
            [
              4.410022,
              45.419687
            ],
            [
              4.410737,
              45.419174
            ],
            [
              4.411633,
              45.418988
            ],
            [
              4.411683,
              45.41903
            ],
            [
              4.412334,
              45.419935
            ],
            [
              4.412347,
              45.419954
            ],
            [
              4.415339,
              45.423501
            ],
            [
              4.416589,
              45.425385
            ],
            [
              4.417212,
              45.42645
            ],
            [
              4.423256,
              45.430796
            ],
            [
              4.428949,
              45.429491
            ],
            [
              4.433539,
              45.424955
            ],
            [
              4.434225,
              45.424047
            ],
            [
              4.434538,
              45.423703
            ],
            [
              4.438052,
              45.421348
            ],
            [
              4.441226,
              45.423047
            ],
            [
              4.44672,
              45.428348
            ],
            [
              4.452065,
              45.430798
            ],
            [
              4.457117,
              45.433095
            ],
            [
              4.459492,
              45.435475
            ],
            [
              4.467434,
              45.437962
            ],
            [
              4.470952,
              45.438016
            ],
            [
              4.474666,
              45.438172
            ],
            [
              4.474726,
              45.438171
            ],
            [
              4.477537,
              45.438699
            ],
            [
              4.478589,
              45.438908
            ],
            [
              4.479045,
              45.439053
            ],
            [
              4.483041,
              45.441158
            ],
            [
              4.489015,
              45.446359
            ],
            [
              4.497953,
              45.447352
            ],
            [
              4.504794,
              45.444009
            ],
            [
              4.509324,
              45.437366
            ],
            [
              4.509669,
              45.436228
            ],
            [
              4.510517,
              45.436166
            ],
            [
              4.513115,
              45.437272
            ],
            [
              4.51277,
              45.43841
            ],
            [
              4.512035,
              45.440139
            ],
            [
              4.509995,
              45.445726
            ],
            [
              4.512266,
              45.45166
            ],
            [
              4.517979,
              45.454526
            ],
            [
              4.525777,
              45.454441
            ],
            [
              4.52641,
              45.454226
            ],
            [
              4.526908,
              45.454036
            ],
            [
              4.534892,
              45.45147
            ],
            [
              4.535487,
              45.451004
            ],
            [
              4.535991,
              45.450768
            ],
            [
              4.536089,
              45.450751
            ],
            [
              4.537158,
              45.450894
            ],
            [
              4.543533,
              45.451849
            ],
            [
              4.547996,
              45.451033
            ],
            [
              4.55047,
              45.453649
            ],
            [
              4.552017,
              45.459256
            ],
            [
              4.560151,
              45.460591
            ],
            [
              4.566453,
              45.456516
            ],
            [
              4.566507,
              45.452917
            ],
            [
              4.567752,
              45.452935
            ],
            [
              4.572563,
              45.445462
            ],
            [
              4.572423,
              45.444791
            ],
            [
              4.572273,
              45.438134
            ],
            [
              4.572183,
              45.437663
            ],
            [
              4.572194,
              45.437021
            ],
            [
              4.572587,
              45.432753
            ],
            [
              4.57279,
              45.431996
            ],
            [
              4.574875,
              45.430335
            ],
            [
              4.576792,
              45.429167
            ],
            [
              4.578554,
              45.428114
            ],
            [
              4.578923,
              45.427912
            ],
            [
              4.581322,
              45.426749
            ],
            [
              4.585123,
              45.427887
            ],
            [
              4.584646,
              45.431455
            ],
            [
              4.591654,
              45.43667
            ],
            [
              4.591806,
              45.436733
            ],
            [
              4.592451,
              45.437175
            ],
            [
              4.598597,
              45.440183
            ],
            [
              4.601076,
              45.440879
            ],
            [
              4.601784,
              45.444409
            ],
            [
              4.607871,
              45.448808
            ],
            [
              4.609318,
              45.448994
            ],
            [
              4.61001,
              45.449332
            ],
            [
              4.610771,
              45.449792
            ],
            [
              4.611038,
              45.450584
            ],
            [
              4.611064,
              45.451512
            ],
            [
              4.610301,
              45.452987
            ],
            [
              4.60967,
              45.453219
            ],
            [
              4.605672,
              45.452952
            ],
            [
              4.604956,
              45.452982
            ],
            [
              4.600076,
              45.453877
            ],
            [
              4.59952,
              45.454141
            ],
            [
              4.595002,
              45.461893
            ],
            [
              4.590447,
              45.4681
            ],
            [
              4.592184,
              45.475199
            ],
            [
              4.592461,
              45.475849
            ],
            [
              4.589721,
              45.477289
            ],
            [
              4.587909,
              45.478798
            ],
            [
              4.584847,
              45.485146
            ],
            [
              4.59073,
              45.4916
            ],
            [
              4.595685,
              45.488246
            ],
            [
              4.596231,
              45.487249
            ],
            [
              4.597805,
              45.484759
            ],
            [
              4.598083,
              45.484332
            ],
            [
              4.598576,
              45.483823
            ],
            [
              4.599277,
              45.482924
            ],
            [
              4.599728,
              45.482608
            ],
            [
              4.601762,
              45.475924
            ],
            [
              4.601605,
              45.475181
            ],
            [
              4.603827,
              45.473244
            ],
            [
              4.605834,
              45.471284
            ],
            [
              4.60913,
              45.471436
            ],
            [
              4.611792,
              45.472872
            ],
            [
              4.612655,
              45.473197
            ],
            [
              4.611385,
              45.476566
            ],
            [
              4.610453,
              45.477457
            ],
            [
              4.609481,
              45.478731
            ],
            [
              4.608605,
              45.479847
            ],
            [
              4.608248,
              45.480562
            ],
            [
              4.607712,
              45.481109
            ],
            [
              4.606869,
              45.482078
            ],
            [
              4.606173,
              45.483023
            ],
            [
              4.605859,
              45.483532
            ],
            [
              4.604712,
              45.484444
            ],
            [
              4.603815,
              45.484903
            ],
            [
              4.600941,
              45.492171
            ],
            [
              4.60157,
              45.49365
            ],
            [
              4.601548,
              45.495028
            ],
            [
              4.602112,
              45.499844
            ],
            [
              4.610642,
              45.499437
            ],
            [
              4.61302,
              45.498119
            ],
            [
              4.615236,
              45.49033
            ],
            [
              4.615214,
              45.487955
            ],
            [
              4.615311,
              45.486304
            ],
            [
              4.616006,
              45.48522
            ],
            [
              4.616795,
              45.484334
            ],
            [
              4.618843,
              45.483004
            ],
            [
              4.625546,
              45.480364
            ],
            [
              4.625764,
              45.480377
            ],
            [
              4.629328,
              45.480207
            ],
            [
              4.63231,
              45.479241
            ],
            [
              4.636551,
              45.47459
            ],
            [
              4.636994,
              45.473442
            ],
            [
              4.637362,
              45.472461
            ],
            [
              4.638203,
              45.472507
            ],
            [
              4.638418,
              45.472548
            ],
            [
              4.644419,
              45.47273
            ],
            [
              4.646184,
              45.473883
            ],
            [
              4.650439,
              45.474855
            ],
            [
              4.654345,
              45.468477
            ],
            [
              4.655353,
              45.465957
            ],
            [
              4.658921,
              45.466438
            ],
            [
              4.661734,
              45.46728
            ],
            [
              4.662319,
              45.467693
            ],
            [
              4.662918,
              45.468239
            ],
            [
              4.663275,
              45.469595
            ],
            [
              4.663474,
              45.470431
            ],
            [
              4.662777,
              45.470816
            ],
            [
              4.662369,
              45.471078
            ],
            [
              4.661975,
              45.471284
            ],
            [
              4.661663,
              45.471394
            ],
            [
              4.657469,
              45.474902
            ],
            [
              4.657358,
              45.478765
            ],
            [
              4.663305,
              45.482186
            ],
            [
              4.664315,
              45.482003
            ],
            [
              4.665455,
              45.481753
            ],
            [
              4.666088,
              45.481668
            ],
            [
              4.666717,
              45.481646
            ],
            [
              4.668221,
              45.481506
            ],
            [
              4.670869,
              45.481058
            ],
            [
              4.676475,
              45.477926
            ],
            [
              4.677659,
              45.477089
            ],
            [
              4.678678,
              45.477125
            ],
            [
              4.683492,
              45.476286
            ],
            [
              4.685217,
              45.477485
            ],
            [
              4.686166,
              45.477891
            ],
            [
              4.687368,
              45.478944
            ],
            [
              4.695164,
              45.477382
            ],
            [
              4.695802,
              45.475088
            ],
            [
              4.695984,
              45.473877
            ],
            [
              4.696025,
              45.466038
            ],
            [
              4.693284,
              45.464778
            ],
            [
              4.69018,
              45.457914
            ],
            [
              4.688812,
              45.455711
            ],
            [
              4.688776,
              45.455284
            ],
            [
              4.688788,
              45.455173
            ],
            [
              4.690645,
              45.453445
            ],
            [
              4.692781,
              45.453396
            ],
            [
              4.697643,
              45.446058
            ],
            [
              4.697431,
              45.445467
            ],
            [
              4.697424,
              45.444681
            ],
            [
              4.699291,
              45.443058
            ],
            [
              4.704164,
              45.442862
            ],
            [
              4.708195,
              45.435679
            ],
            [
              4.704983,
              45.43153
            ],
            [
              4.700912,
              45.428719
            ],
            [
              4.70119,
              45.42513
            ],
            [
              4.707262,
              45.424602
            ],
            [
              4.709131,
              45.427078
            ],
            [
              4.716405,
              45.427305
            ],
            [
              4.720425,
              45.422692
            ],
            [
              4.723519,
              45.420137
            ],
            [
              4.726084,
              45.413993
            ],
            [
              4.72743,
              45.411869
            ],
            [
              4.729992,
              45.411002
            ],
            [
              4.735675,
              45.407034
            ],
            [
              4.739273,
              45.406937
            ],
            [
              4.747886,
              45.407292
            ],
            [
              4.755757,
              45.405557
            ],
            [
              4.756464,
              45.400435
            ],
            [
              4.75645,
              45.40038
            ],
            [
              4.759623,
              45.398807
            ],
            [
              4.761732,
              45.398706
            ],
            [
              4.762859,
              45.398803
            ],
            [
              4.769744,
              45.393662
            ],
            [
              4.772426,
              45.391261
            ],
            [
              4.773008,
              45.390609
            ],
            [
              4.773761,
              45.389496
            ],
            [
              4.775678,
              45.387088
            ],
            [
              4.776371,
              45.385646
            ],
            [
              4.777219,
              45.383392
            ],
            [
              4.777428,
              45.382503
            ],
            [
              4.777632,
              45.381356
            ],
            [
              4.778376,
              45.380748
            ],
            [
              4.780187,
              45.373326
            ],
            [
              4.774092,
              45.371147
            ],
            [
              4.769247,
              45.371462
            ],
            [
              4.766019,
              45.374039
            ],
            [
              4.765514,
              45.374669
            ],
            [
              4.76406,
              45.376694
            ],
            [
              4.763625,
              45.377352
            ],
            [
              4.763248,
              45.377972
            ],
            [
              4.760173,
              45.376099
            ],
            [
              4.751638,
              45.373955
            ],
            [
              4.750429,
              45.373293
            ],
            [
              4.748637,
              45.371967
            ],
            [
              4.74937,
              45.3647
            ],
            [
              4.749369,
              45.364606
            ],
            [
              4.749956,
              45.362127
            ],
            [
              4.746771,
              45.35377
            ],
            [
              4.745465,
              45.350728
            ],
            [
              4.744727,
              45.348522
            ],
            [
              4.743332,
              45.345203
            ],
            [
              4.739883,
              45.340792
            ],
            [
              4.732201,
              45.340097
            ],
            [
              4.731787,
              45.340237
            ],
            [
              4.729659,
              45.336614
            ],
            [
              4.727768,
              45.333313
            ],
            [
              4.727646,
              45.332583
            ],
            [
              4.728203,
              45.331397
            ],
            [
              4.728829,
              45.329873
            ],
            [
              4.729295,
              45.329676
            ],
            [
              4.730847,
              45.320848
            ],
            [
              4.72662,
              45.319289
            ],
            [
              4.725817,
              45.319205
            ],
            [
              4.724967,
              45.319126
            ],
            [
              4.724014,
              45.317848
            ],
            [
              4.72396,
              45.317669
            ],
            [
              4.724149,
              45.312584
            ],
            [
              4.722397,
              45.304642
            ],
            [
              4.723084,
              45.301108
            ],
            [
              4.723845,
              45.299495
            ],
            [
              4.724933,
              45.297639
            ],
            [
              4.726537,
              45.293884
            ],
            [
              4.727139,
              45.289511
            ],
            [
              4.724066,
              45.284128
            ],
            [
              4.723925,
              45.28393
            ],
            [
              4.723536,
              45.282311
            ],
            [
              4.724832,
              45.280345
            ],
            [
              4.724946,
              45.28028
            ],
            [
              4.726502,
              45.280515
            ],
            [
              4.728856,
              45.281535
            ],
            [
              4.729524,
              45.281865
            ],
            [
              4.73734,
              45.285276
            ],
            [
              4.739018,
              45.286233
            ],
            [
              4.742012,
              45.291585
            ],
            [
              4.746317,
              45.298168
            ],
            [
              4.753649,
              45.300043
            ],
            [
              4.757229,
              45.300422
            ],
            [
              4.760284,
              45.302478
            ],
            [
              4.768308,
              45.302825
            ],
            [
              4.770498,
              45.299446
            ],
            [
              4.770508,
              45.299418
            ],
            [
              4.771166,
              45.298721
            ],
            [
              4.77121,
              45.29868
            ],
            [
              4.772154,
              45.298222
            ],
            [
              4.772285,
              45.298236
            ],
            [
              4.773734,
              45.298446
            ],
            [
              4.774484,
              45.298766
            ],
            [
              4.774947,
              45.299195
            ],
            [
              4.775217,
              45.299597
            ],
            [
              4.779078,
              45.303064
            ],
            [
              4.785847,
              45.301854
            ],
            [
              4.787239,
              45.29694
            ],
            [
              4.788504,
              45.292533
            ],
            [
              4.790574,
              45.289762
            ],
            [
              4.792605,
              45.287021
            ],
            [
              4.792862,
              45.28661
            ],
            [
              4.793167,
              45.286231
            ],
            [
              4.797987,
              45.281613
            ],
            [
              4.799778,
              45.2802
            ],
            [
              4.799835,
              45.280201
            ],
            [
              4.801558,
              45.282071
            ],
            [
              4.810015,
              45.281136
            ],
            [
              4.81031,
              45.279627
            ],
            [
              4.810313,
              45.279497
            ],
            [
              4.810353,
              45.279109
            ],
            [
              4.812051,
              45.274055
            ],
            [
              4.810205,
              45.269865
            ],
            [
              4.810165,
              45.26908
            ],
            [
              4.810229,
              45.26852
            ],
            [
              4.815036,
              45.263764
            ],
            [
              4.812757,
              45.255579
            ],
            [
              4.812077,
              45.255028
            ],
            [
              4.811415,
              45.254427
            ],
            [
              4.809651,
              45.252547
            ],
            [
              4.803863,
              45.246519
            ],
            [
              4.802581,
              45.24489
            ],
            [
              4.801948,
              45.2439
            ],
            [
              4.8021,
              45.242034
            ],
            [
              4.803153,
              45.24033
            ],
            [
              4.805291,
              45.239417
            ],
            [
              4.805461,
              45.239413
            ],
            [
              4.808073,
              45.239024
            ],
            [
              4.808366,
              45.238994
            ],
            [
              4.814073,
              45.238005
            ],
            [
              4.816278,
              45.233723
            ],
            [
              4.815856,
              45.230148
            ],
            [
              4.815922,
              45.229136
            ],
            [
              4.819471,
              45.228529
            ],
            [
              4.820567,
              45.229327
            ],
            [
              4.821865,
              45.230473
            ],
            [
              4.821976,
              45.230672
            ],
            [
              4.823628,
              45.233468
            ],
            [
              4.830285,
              45.23873
            ],
            [
              4.831251,
              45.239058
            ],
            [
              4.834257,
              45.240238
            ],
            [
              4.835583,
              45.240445
            ],
            [
              4.836186,
              45.240578
            ],
            [
              4.842376,
              45.239244
            ],
            [
              4.844455,
              45.236923
            ],
            [
              4.845773,
              45.234402
            ],
            [
              4.847127,
              45.231817
            ],
            [
              4.847518,
              45.231142
            ],
            [
              4.847937,
              45.230499
            ],
            [
              4.848421,
              45.22983
            ],
            [
              4.848903,
              45.229237
            ],
            [
              4.849397,
              45.228683
            ],
            [
              4.849889,
              45.228183
            ],
            [
              4.850667,
              45.227473
            ],
            [
              4.852396,
              45.226046
            ],
            [
              4.853036,
              45.225482
            ],
            [
              4.854152,
              45.224394
            ],
            [
              4.858326,
              45.21783
            ],
            [
              4.859114,
              45.215716
            ],
            [
              4.859603,
              45.214479
            ],
            [
              4.860073,
              45.213494
            ],
            [
              4.860344,
              45.213033
            ],
            [
              4.860689,
              45.212516
            ],
            [
              4.861106,
              45.211959
            ],
            [
              4.861525,
              45.211474
            ],
            [
              4.861985,
              45.211009
            ],
            [
              4.862731,
              45.210341
            ],
            [
              4.863279,
              45.209915
            ],
            [
              4.863888,
              45.209488
            ],
            [
              4.864598,
              45.209055
            ],
            [
              4.865456,
              45.208596
            ],
            [
              4.866022,
              45.20833
            ],
            [
              4.866627,
              45.208075
            ],
            [
              4.867509,
              45.207749
            ],
            [
              4.868802,
              45.207329
            ],
            [
              4.869684,
              45.207041
            ],
            [
              4.870542,
              45.206694
            ],
            [
              4.870996,
              45.206486
            ],
            [
              4.871484,
              45.206233
            ],
            [
              4.871935,
              45.205967
            ],
            [
              4.872242,
              45.205769
            ],
            [
              4.874317,
              45.197257
            ],
            [
              4.874054,
              45.196372
            ],
            [
              4.873936,
              45.195801
            ],
            [
              4.873852,
              45.195135
            ],
            [
              4.873828,
              45.194087
            ],
            [
              4.873884,
              45.193433
            ],
            [
              4.87398,
              45.19285
            ],
            [
              4.874226,
              45.191876
            ],
            [
              4.874379,
              45.191435
            ],
            [
              4.874565,
              45.190985
            ],
            [
              4.874892,
              45.190324
            ],
            [
              4.875234,
              45.189744
            ],
            [
              4.875739,
              45.189026
            ],
            [
              4.876177,
              45.188489
            ],
            [
              4.880626,
              45.181536
            ],
            [
              4.880884,
              45.180768
            ],
            [
              4.881184,
              45.180082
            ],
            [
              4.881481,
              45.179534
            ],
            [
              4.882023,
              45.1787
            ],
            [
              4.882371,
              45.17824
            ],
            [
              4.88335,
              45.177084
            ],
            [
              4.88415,
              45.176182
            ],
            [
              4.884711,
              45.175492
            ],
            [
              4.887224,
              45.167667
            ],
            [
              4.887008,
              45.163734
            ],
            [
              4.886785,
              45.159572
            ],
            [
              4.886586,
              45.156183
            ],
            [
              4.885523,
              45.150397
            ],
            [
              4.886516,
              45.146498
            ],
            [
              4.886705,
              45.145768
            ],
            [
              4.886922,
              45.145101
            ],
            [
              4.887351,
              45.144062
            ],
            [
              4.887672,
              45.143417
            ],
            [
              4.888124,
              45.142628
            ],
            [
              4.891902,
              45.134467
            ],
            [
              4.892692,
              45.132067
            ],
            [
              4.893482,
              45.129667
            ],
            [
              4.89442,
              45.122526
            ],
            [
              4.897934,
              45.121745
            ],
            [
              4.898125,
              45.122605
            ],
            [
              4.898255,
              45.123539
            ],
            [
              4.898313,
              45.124502
            ],
            [
              4.898283,
              45.125439
            ],
            [
              4.898219,
              45.126088
            ],
            [
              4.898128,
              45.126671
            ],
            [
              4.897942,
              45.127527
            ],
            [
              4.897708,
              45.128338
            ],
            [
              4.896901,
              45.130792
            ],
            [
              4.896112,
              45.133192
            ],
            [
              4.895322,
              45.135592
            ],
            [
              4.894532,
              45.137992
            ],
            [
              4.893981,
              45.13955
            ],
            [
              4.893451,
              45.140771
            ],
            [
              4.892816,
              45.141972
            ],
            [
              4.891153,
              45.144573
            ],
            [
              4.889983,
              45.152148
            ],
            [
              4.890082,
              45.154075
            ],
            [
              4.890181,
              45.155998
            ],
            [
              4.890379,
              45.159362
            ],
            [
              4.890603,
              45.163537
            ],
            [
              4.890819,
              45.167469
            ],
            [
              4.890842,
              45.168222
            ],
            [
              4.890821,
              45.169186
            ],
            [
              4.890695,
              45.17044
            ],
            [
              4.890513,
              45.171461
            ],
            [
              4.890262,
              45.172464
            ],
            [
              4.890092,
              45.173004
            ],
            [
              4.889815,
              45.173751
            ],
            [
              4.88956,
              45.174349
            ],
            [
              4.889337,
              45.174826
            ],
            [
              4.888942,
              45.175575
            ],
            [
              4.888589,
              45.176189
            ],
            [
              4.888206,
              45.176785
            ],
            [
              4.887648,
              45.177574
            ],
            [
              4.883527,
              45.184732
            ],
            [
              4.883236,
              45.185457
            ],
            [
              4.882949,
              45.186033
            ],
            [
              4.882687,
              45.186489
            ],
            [
              4.882127,
              45.187305
            ],
            [
              4.881584,
              45.187976
            ],
            [
              4.880617,
              45.189001
            ],
            [
              4.878812,
              45.190941
            ],
            [
              4.878497,
              45.197901
            ],
            [
              4.878732,
              45.198653
            ],
            [
              4.878869,
              45.199266
            ],
            [
              4.878966,
              45.199913
            ],
            [
              4.879006,
              45.200832
            ],
            [
              4.878986,
              45.201362
            ],
            [
              4.878929,
              45.201923
            ],
            [
              4.878738,
              45.202847
            ],
            [
              4.878575,
              45.203397
            ],
            [
              4.878381,
              45.203915
            ],
            [
              4.878139,
              45.204452
            ],
            [
              4.877876,
              45.20496
            ],
            [
              4.87753,
              45.205526
            ],
            [
              4.876946,
              45.206323
            ],
            [
              4.876441,
              45.206903
            ],
            [
              4.87591,
              45.207434
            ],
            [
              4.875501,
              45.207805
            ],
            [
              4.875116,
              45.208122
            ],
            [
              4.874374,
              45.20867
            ],
            [
              4.873906,
              45.208979
            ],
            [
              4.873322,
              45.209328
            ],
            [
              4.872669,
              45.209674
            ],
            [
              4.872056,
              45.20996
            ],
            [
              4.871042,
              45.210376
            ],
            [
              4.869931,
              45.210747
            ],
            [
              4.86863,
              45.21117
            ],
            [
              4.862466,
              45.21703
            ],
            [
              4.861699,
              45.219087
            ],
            [
              4.861243,
              45.220195
            ],
            [
              4.860781,
              45.221185
            ],
            [
              4.860363,
              45.221984
            ],
            [
              4.859888,
              45.222818
            ],
            [
              4.859451,
              45.223528
            ],
            [
              4.858883,
              45.22434
            ],
            [
              4.858086,
              45.225378
            ],
            [
              4.857422,
              45.226156
            ],
            [
              4.8568,
              45.226833
            ],
            [
              4.856162,
              45.227484
            ],
            [
              4.855499,
              45.228108
            ],
            [
              4.854778,
              45.228745
            ],
            [
              4.85296,
              45.230248
            ],
            [
              4.850247,
              45.233612
            ],
            [
              4.848964,
              45.23607
            ],
            [
              4.847645,
              45.238591
            ],
            [
              4.848554,
              45.246675
            ],
            [
              4.849163,
              45.248897
            ],
            [
              4.848736,
              45.249584
            ],
            [
              4.848549,
              45.249704
            ],
            [
              4.846506,
              45.251326
            ],
            [
              4.846279,
              45.257716
            ],
            [
              4.851869,
              45.259862
            ],
            [
              4.85215,
              45.259947
            ],
            [
              4.853034,
              45.262249
            ],
            [
              4.853323,
              45.263213
            ],
            [
              4.859967,
              45.268018
            ],
            [
              4.862892,
              45.268168
            ],
            [
              4.863097,
              45.268209
            ],
            [
              4.863704,
              45.268667
            ],
            [
              4.864154,
              45.269001
            ],
            [
              4.864789,
              45.269586
            ],
            [
              4.863956,
              45.270942
            ],
            [
              4.862348,
              45.272232
            ],
            [
              4.860925,
              45.272478
            ],
            [
              4.860421,
              45.272474
            ],
            [
              4.854547,
              45.275554
            ],
            [
              4.855949,
              45.282605
            ],
            [
              4.856945,
              45.284601
            ],
            [
              4.859695,
              45.287173
            ],
            [
              4.861513,
              45.288522
            ],
            [
              4.86154,
              45.288559
            ],
            [
              4.861542,
              45.288568
            ],
            [
              4.864999,
              45.295329
            ],
            [
              4.868374,
              45.295779
            ],
            [
              4.868452,
              45.296109
            ],
            [
              4.868412,
              45.29654
            ],
            [
              4.869123,
              45.301921
            ],
            [
              4.874705,
              45.304727
            ],
            [
              4.88041,
              45.307004
            ],
            [
              4.880045,
              45.310585
            ],
            [
              4.886814,
              45.315788
            ],
            [
              4.887505,
              45.315649
            ],
            [
              4.888909,
              45.317098
            ],
            [
              4.895179,
              45.323353
            ],
            [
              4.902279,
              45.323129
            ],
            [
              4.904243,
              45.32227
            ],
            [
              4.904843,
              45.322306
            ],
            [
              4.912501,
              45.322129
            ],
            [
              4.915418,
              45.324238
            ],
            [
              4.915003,
              45.324812
            ],
            [
              4.918547,
              45.332928
            ],
            [
              4.919359,
              45.333021
            ],
            [
              4.920244,
              45.333048
            ],
            [
              4.921059,
              45.333141
            ],
            [
              4.920649,
              45.336718
            ],
            [
              4.91691,
              45.336752
            ],
            [
              4.90917,
              45.338457
            ],
            [
              4.901792,
              45.337103
            ],
            [
              4.898235,
              45.337654
            ],
            [
              4.891726,
              45.339322
            ],
            [
              4.892539,
              45.348027
            ],
            [
              4.892169,
              45.349528
            ],
            [
              4.891744,
              45.351538
            ],
            [
              4.887859,
              45.351478
            ],
            [
              4.883088,
              45.351816
            ],
            [
              4.880996,
              45.351976
            ],
            [
              4.87246,
              45.352036
            ],
            [
              4.872197,
              45.351999
            ],
            [
              4.871756,
              45.351904
            ],
            [
              4.86785,
              45.351768
            ],
            [
              4.862894,
              45.356764
            ],
            [
              4.863204,
              45.360899
            ],
            [
              4.863231,
              45.365018
            ],
            [
              4.862655,
              45.365491
            ],
            [
              4.861094,
              45.366805
            ],
            [
              4.859456,
              45.368234
            ],
            [
              4.857989,
              45.369358
            ],
            [
              4.855799,
              45.366501
            ],
            [
              4.848068,
              45.362789
            ],
            [
              4.845985,
              45.365725
            ],
            [
              4.845051,
              45.365062
            ],
            [
              4.843686,
              45.364269
            ],
            [
              4.834964,
              45.364792
            ],
            [
              4.828753,
              45.36819
            ],
            [
              4.828377,
              45.368814
            ],
            [
              4.826262,
              45.369879
            ],
            [
              4.824309,
              45.372
            ],
            [
              4.825356,
              45.378701
            ],
            [
              4.831578,
              45.379815
            ],
            [
              4.832016,
              45.379838
            ],
            [
              4.838088,
              45.376612
            ],
            [
              4.839856,
              45.376782
            ],
            [
              4.839902,
              45.376787
            ],
            [
              4.840634,
              45.376876
            ],
            [
              4.846005,
              45.377071
            ],
            [
              4.846632,
              45.376763
            ],
            [
              4.848712,
              45.37583
            ],
            [
              4.852073,
              45.377218
            ],
            [
              4.854443,
              45.382888
            ],
            [
              4.857265,
              45.387218
            ],
            [
              4.863742,
              45.386955
            ],
            [
              4.866254,
              45.386246
            ],
            [
              4.866301,
              45.386276
            ],
            [
              4.873012,
              45.390408
            ],
            [
              4.873493,
              45.390578
            ],
            [
              4.873831,
              45.390735
            ],
            [
              4.880235,
              45.393033
            ],
            [
              4.88271,
              45.395647
            ],
            [
              4.887094,
              45.40255
            ],
            [
              4.887531,
              45.403604
            ],
            [
              4.892028,
              45.408752
            ],
            [
              4.89638,
              45.411208
            ],
            [
              4.902958,
              45.409783
            ],
            [
              4.906637,
              45.410172
            ],
            [
              4.907415,
              45.410405
            ],
            [
              4.915039,
              45.41351
            ],
            [
              4.914584,
              45.417081
            ],
            [
              4.920113,
              45.423026
            ],
            [
              4.925993,
              45.422528
            ],
            [
              4.932973,
              45.423816
            ],
            [
              4.935552,
              45.422268
            ],
            [
              4.936258,
              45.422343
            ],
            [
              4.938619,
              45.42272
            ],
            [
              4.944089,
              45.415843
            ],
            [
              4.943495,
              45.414569
            ],
            [
              4.943778,
              45.41348
            ],
            [
              4.944031,
              45.410443
            ],
            [
              4.946744,
              45.408948
            ],
            [
              4.947367,
              45.409091
            ],
            [
              4.948259,
              45.409699
            ],
            [
              4.94877,
              45.410187
            ],
            [
              4.955146,
              45.415492
            ],
            [
              4.960858,
              45.417239
            ],
            [
              4.9624,
              45.417482
            ],
            [
              4.967367,
              45.417535
            ],
            [
              4.967861,
              45.41756
            ],
            [
              4.96768,
              45.421155
            ],
            [
              4.970513,
              45.427103
            ],
            [
              4.97227,
              45.428619
            ],
            [
              4.97982,
              45.427567
            ],
            [
              4.981604,
              45.428542
            ],
            [
              4.990337,
              45.427195
            ],
            [
              4.992546,
              45.430037
            ],
            [
              4.990976,
              45.432229
            ],
            [
              4.990884,
              45.432486
            ],
            [
              4.990478,
              45.436345
            ],
            [
              4.998058,
              45.439944
            ],
            [
              4.99979,
              45.438063
            ],
            [
              4.999941,
              45.437776
            ],
            [
              5.000212,
              45.437397
            ],
            [
              5.00208,
              45.431214
            ],
            [
              5.002141,
              45.429445
            ],
            [
              5.00208,
              45.428605
            ],
            [
              5.002127,
              45.427821
            ],
            [
              5.002376,
              45.427063
            ],
            [
              5.002993,
              45.426086
            ],
            [
              5.0035,
              45.42561
            ],
            [
              5.003825,
              45.425426
            ],
            [
              5.006101,
              45.424564
            ],
            [
              5.007487,
              45.416525
            ],
            [
              5.007464,
              45.412925
            ],
            [
              5.014921,
              45.411237
            ],
            [
              5.0186,
              45.410765
            ],
            [
              5.018672,
              45.411317
            ],
            [
              5.018693,
              45.411862
            ],
            [
              5.018678,
              45.412335
            ],
            [
              5.018608,
              45.412984
            ],
            [
              5.01847,
              45.413689
            ],
            [
              5.018036,
              45.415564
            ],
            [
              5.019656,
              45.424239
            ],
            [
              5.020111,
              45.42507
            ],
            [
              5.020734,
              45.426241
            ],
            [
              5.020785,
              45.426598
            ],
            [
              5.023309,
              45.433825
            ],
            [
              5.027339,
              45.438467
            ],
            [
              5.03178,
              45.438816
            ],
            [
              5.032831,
              45.438635
            ],
            [
              5.033131,
              45.438574
            ],
            [
              5.034123,
              45.438314
            ],
            [
              5.039506,
              45.439708
            ],
            [
              5.044215,
              45.439685
            ],
            [
              5.044544,
              45.44327
            ],
            [
              5.042531,
              45.443455
            ],
            [
              5.041454,
              45.443481
            ],
            [
              5.040517,
              45.44364
            ],
            [
              5.035601,
              45.444086
            ],
            [
              5.029702,
              45.446661
            ],
            [
              5.0248,
              45.447793
            ],
            [
              5.02196,
              45.449834
            ],
            [
              5.024354,
              45.457068
            ],
            [
              5.025644,
              45.457602
            ],
            [
              5.032736,
              45.457325
            ],
            [
              5.033347,
              45.456826
            ],
            [
              5.033964,
              45.456427
            ],
            [
              5.040955,
              45.45764
            ],
            [
              5.043024,
              45.457017
            ],
            [
              5.043732,
              45.457168
            ],
            [
              5.047414,
              45.458768
            ],
            [
              5.051761,
              45.458958
            ],
            [
              5.05571,
              45.458844
            ],
            [
              5.059132,
              45.458563
            ],
            [
              5.059747,
              45.459174
            ],
            [
              5.064559,
              45.463119
            ],
            [
              5.072093,
              45.465259
            ],
            [
              5.074873,
              45.464741
            ],
            [
              5.076283,
              45.464273
            ],
            [
              5.077006,
              45.464287
            ],
            [
              5.080013,
              45.465155
            ],
            [
              5.07983,
              45.46875
            ],
            [
              5.079103,
              45.468713
            ],
            [
              5.076914,
              45.468765
            ],
            [
              5.074595,
              45.468815
            ],
            [
              5.071946,
              45.469284
            ],
            [
              5.071701,
              45.469333
            ],
            [
              5.070809,
              45.469617
            ],
            [
              5.063441,
              45.474173
            ],
            [
              5.068047,
              45.480301
            ],
            [
              5.070207,
              45.480607
            ],
            [
              5.072173,
              45.480417
            ],
            [
              5.075795,
              45.479001
            ],
            [
              5.076008,
              45.478958
            ],
            [
              5.078467,
              45.478348
            ],
            [
              5.079594,
              45.478328
            ],
            [
              5.080277,
              45.478518
            ],
            [
              5.081281,
              45.478753
            ],
            [
              5.082483,
              45.478995
            ],
            [
              5.083139,
              45.479032
            ],
            [
              5.085835,
              45.479434
            ],
            [
              5.085982,
              45.483031
            ],
            [
              5.089398,
              45.486518
            ],
            [
              5.095204,
              45.483929
            ],
            [
              5.098373,
              45.478803
            ],
            [
              5.098265,
              45.476961
            ],
            [
              5.099044,
              45.476115
            ],
            [
              5.099527,
              45.475848
            ],
            [
              5.101249,
              45.475416
            ],
            [
              5.103583,
              45.476147
            ],
            [
              5.106278,
              45.477609
            ],
            [
              5.111441,
              45.483331
            ],
            [
              5.113024,
              45.483651
            ],
            [
              5.120513,
              45.484267
            ],
            [
              5.122611,
              45.484078
            ],
            [
              5.122775,
              45.484228
            ],
            [
              5.128713,
              45.48539
            ],
            [
              5.131929,
              45.482267
            ],
            [
              5.134676,
              45.480596
            ],
            [
              5.142218,
              45.479408
            ],
            [
              5.145092,
              45.473996
            ],
            [
              5.145216,
              45.472814
            ],
            [
              5.145224,
              45.472249
            ],
            [
              5.148824,
              45.472304
            ],
            [
              5.151245,
              45.476256
            ],
            [
              5.156943,
              45.479043
            ],
            [
              5.163401,
              45.484983
            ],
            [
              5.165792,
              45.48508
            ],
            [
              5.172577,
              45.488433
            ],
            [
              5.180226,
              45.485919
            ],
            [
              5.183121,
              45.485232
            ],
            [
              5.185715,
              45.484792
            ],
            [
              5.191312,
              45.487422
            ],
            [
              5.194463,
              45.487716
            ],
            [
              5.202325,
              45.484739
            ],
            [
              5.204279,
              45.484491
            ],
            [
              5.204595,
              45.484483
            ],
            [
              5.206223,
              45.484542
            ],
            [
              5.207833,
              45.485612
            ],
            [
              5.20817,
              45.485825
            ],
            [
              5.208174,
              45.485841
            ],
            [
              5.20678,
              45.488098
            ],
            [
              5.20672,
              45.488108
            ],
            [
              5.202911,
              45.489583
            ],
            [
              5.201392,
              45.491127
            ],
            [
              5.203451,
              45.49968
            ],
            [
              5.209952,
              45.50142
            ],
            [
              5.210404,
              45.501306
            ],
            [
              5.215591,
              45.494139
            ],
            [
              5.217098,
              45.491987
            ],
            [
              5.217893,
              45.491371
            ],
            [
              5.221988,
              45.487803
            ],
            [
              5.230296,
              45.485093
            ],
            [
              5.23243,
              45.485973
            ],
            [
              5.23819,
              45.487261
            ],
            [
              5.243443,
              45.484726
            ],
            [
              5.248025,
              45.4831
            ],
            [
              5.248979,
              45.482656
            ],
            [
              5.24944,
              45.482471
            ],
            [
              5.249993,
              45.48328
            ],
            [
              5.250174,
              45.483882
            ],
            [
              5.252784,
              45.487889
            ],
            [
              5.253169,
              45.488338
            ],
            [
              5.253477,
              45.489101
            ],
            [
              5.253856,
              45.49063
            ],
            [
              5.254002,
              45.491503
            ],
            [
              5.253982,
              45.492395
            ],
            [
              5.25401,
              45.492939
            ],
            [
              5.254097,
              45.493578
            ],
            [
              5.254167,
              45.493899
            ],
            [
              5.256254,
              45.498066
            ],
            [
              5.257129,
              45.49868
            ],
            [
              5.265037,
              45.494857
            ],
            [
              5.264923,
              45.49417
            ],
            [
              5.264368,
              45.491738
            ],
            [
              5.264202,
              45.490864
            ],
            [
              5.264286,
              45.489954
            ],
            [
              5.264553,
              45.489034
            ],
            [
              5.265133,
              45.486697
            ],
            [
              5.266716,
              45.486697
            ],
            [
              5.268291,
              45.48665
            ],
            [
              5.268958,
              45.486647
            ],
            [
              5.272295,
              45.489471
            ],
            [
              5.272833,
              45.489948
            ],
            [
              5.273448,
              45.491705
            ],
            [
              5.28078,
              45.493177
            ],
            [
              5.281329,
              45.486637
            ],
            [
              5.280452,
              45.483146
            ],
            [
              5.280732,
              45.481821
            ],
            [
              5.280872,
              45.479571
            ],
            [
              5.280305,
              45.477131
            ],
            [
              5.280528,
              45.473538
            ],
            [
              5.282041,
              45.468191
            ],
            [
              5.282374,
              45.46591
            ],
            [
              5.282601,
              45.462597
            ],
            [
              5.282878,
              45.462373
            ],
            [
              5.283332,
              45.462065
            ],
            [
              5.284268,
              45.461612
            ],
            [
              5.288976,
              45.454028
            ],
            [
              5.289083,
              45.453479
            ],
            [
              5.293341,
              45.452054
            ],
            [
              5.293676,
              45.452194
            ],
            [
              5.294628,
              45.452877
            ],
            [
              5.297353,
              45.45523
            ],
            [
              5.299894,
              45.459115
            ],
            [
              5.305539,
              45.462709
            ],
            [
              5.306037,
              45.462905
            ],
            [
              5.306643,
              45.463267
            ],
            [
              5.307368,
              45.46384
            ],
            [
              5.307716,
              45.464199
            ],
            [
              5.308191,
              45.464836
            ],
            [
              5.308466,
              45.465352
            ],
            [
              5.308789,
              45.466182
            ],
            [
              5.308954,
              45.468733
            ],
            [
              5.311561,
              45.476295
            ],
            [
              5.313838,
              45.479083
            ],
            [
              5.315248,
              45.48114
            ],
            [
              5.315142,
              45.484738
            ],
            [
              5.323073,
              45.486084
            ],
            [
              5.323677,
              45.485598
            ],
            [
              5.324429,
              45.485274
            ],
            [
              5.32631,
              45.48446
            ],
            [
              5.328992,
              45.486861
            ],
            [
              5.335445,
              45.48826
            ],
            [
              5.335922,
              45.488198
            ],
            [
              5.340156,
              45.489052
            ],
            [
              5.342067,
              45.489419
            ],
            [
              5.343783,
              45.489678
            ],
            [
              5.344522,
              45.489877
            ],
            [
              5.352851,
              45.487409
            ],
            [
              5.355486,
              45.483269
            ],
            [
              5.356883,
              45.482055
            ],
            [
              5.360285,
              45.480968
            ],
            [
              5.36139,
              45.473467
            ],
            [
              5.361795,
              45.470464
            ],
            [
              5.362328,
              45.470325
            ],
            [
              5.362407,
              45.47032
            ],
            [
              5.363255,
              45.470388
            ],
            [
              5.363512,
              45.470544
            ],
            [
              5.364727,
              45.471833
            ],
            [
              5.366531,
              45.474199
            ],
            [
              5.366855,
              45.47459
            ],
            [
              5.367482,
              45.475736
            ],
            [
              5.368347,
              45.477024
            ],
            [
              5.368897,
              45.478254
            ],
            [
              5.37335,
              45.481868
            ],
            [
              5.377535,
              45.481308
            ],
            [
              5.380448,
              45.479194
            ],
            [
              5.386792,
              45.474519
            ],
            [
              5.389981,
              45.472848
            ],
            [
              5.398259,
              45.471034
            ],
            [
              5.399246,
              45.468692
            ],
            [
              5.399594,
              45.466692
            ],
            [
              5.399573,
              45.464752
            ],
            [
              5.399619,
              45.464175
            ],
            [
              5.399697,
              45.463569
            ],
            [
              5.399036,
              45.457517
            ],
            [
              5.398845,
              45.456495
            ],
            [
              5.398767,
              45.455597
            ],
            [
              5.397969,
              45.451603
            ],
            [
              5.397744,
              45.450909
            ],
            [
              5.397614,
              45.450378
            ],
            [
              5.397501,
              45.449559
            ],
            [
              5.397499,
              45.448803
            ],
            [
              5.39757,
              45.448154
            ],
            [
              5.397684,
              45.447637
            ],
            [
              5.397947,
              45.44685
            ],
            [
              5.398252,
              45.446212
            ],
            [
              5.399024,
              45.44505
            ],
            [
              5.399695,
              45.44434
            ],
            [
              5.40033,
              45.443793
            ],
            [
              5.401585,
              45.442944
            ],
            [
              5.404746,
              45.441059
            ],
            [
              5.406893,
              45.439566
            ],
            [
              5.407665,
              45.439089
            ],
            [
              5.408463,
              45.438654
            ],
            [
              5.409373,
              45.438208
            ],
            [
              5.410283,
              45.437817
            ],
            [
              5.411498,
              45.437346
            ],
            [
              5.414045,
              45.436432
            ],
            [
              5.420241,
              45.432833
            ],
            [
              5.423245,
              45.430067
            ],
            [
              5.424332,
              45.429176
            ],
            [
              5.425478,
              45.428344
            ],
            [
              5.42624,
              45.427839
            ],
            [
              5.427105,
              45.427315
            ],
            [
              5.428606,
              45.426477
            ],
            [
              5.429651,
              45.425975
            ],
            [
              5.430668,
              45.425558
            ],
            [
              5.431544,
              45.425213
            ],
            [
              5.433288,
              45.424601
            ],
            [
              5.434922,
              45.424115
            ],
            [
              5.435973,
              45.423853
            ],
            [
              5.437758,
              45.423484
            ],
            [
              5.43945,
              45.423254
            ],
            [
              5.441096,
              45.422829
            ],
            [
              5.441842,
              45.422676
            ],
            [
              5.442586,
              45.422484
            ],
            [
              5.443284,
              45.422272
            ],
            [
              5.443989,
              45.422025
            ],
            [
              5.445137,
              45.421557
            ],
            [
              5.445635,
              45.421324
            ],
            [
              5.446775,
              45.420757
            ],
            [
              5.44834,
              45.419827
            ],
            [
              5.450023,
              45.418714
            ],
            [
              5.45076,
              45.418277
            ],
            [
              5.451573,
              45.417852
            ],
            [
              5.452176,
              45.417574
            ],
            [
              5.45442,
              45.416592
            ],
            [
              5.455333,
              45.416119
            ],
            [
              5.455787,
              45.415848
            ],
            [
              5.456232,
              45.415551
            ],
            [
              5.457033,
              45.414908
            ],
            [
              5.457603,
              45.414393
            ],
            [
              5.458284,
              45.413757
            ],
            [
              5.455231,
              45.405343
            ],
            [
              5.452254,
              45.403758
            ],
            [
              5.449767,
              45.403108
            ],
            [
              5.445629,
              45.400713
            ],
            [
              5.441936,
              45.398853
            ],
            [
              5.440872,
              45.39691
            ],
            [
              5.440894,
              45.396682
            ],
            [
              5.442074,
              45.395256
            ],
            [
              5.449326,
              45.39265
            ],
            [
              5.449413,
              45.392651
            ],
            [
              5.450921,
              45.393079
            ],
            [
              5.455334,
              45.392528
            ],
            [
              5.454772,
              45.384626
            ],
            [
              5.451934,
              45.378224
            ],
            [
              5.445555,
              45.371896
            ],
            [
              5.444186,
              45.371575
            ],
            [
              5.442525,
              45.371217
            ],
            [
              5.440122,
              45.370736
            ],
            [
              5.437233,
              45.370157
            ],
            [
              5.430531,
              45.373493
            ],
            [
              5.430163,
              45.37399
            ],
            [
              5.424377,
              45.375199
            ],
            [
              5.420747,
              45.378775
            ],
            [
              5.417904,
              45.380983
            ],
            [
              5.411749,
              45.380843
            ],
            [
              5.4115,
              45.380459
            ],
            [
              5.402565,
              45.380631
            ],
            [
              5.393941,
              45.381918
            ],
            [
              5.387352,
              45.37978
            ],
            [
              5.384577,
              45.38149
            ],
            [
              5.38266,
              45.384537
            ],
            [
              5.374823,
              45.385994
            ],
            [
              5.372637,
              45.387075
            ],
            [
              5.371041,
              45.383848
            ],
            [
              5.377238,
              45.378595
            ],
            [
              5.377634,
              45.378089
            ],
            [
              5.377997,
              45.377719
            ],
            [
              5.378926,
              45.377417
            ],
            [
              5.385747,
              45.376557
            ],
            [
              5.388611,
              45.375132
            ],
            [
              5.393238,
              45.370377
            ],
            [
              5.388055,
              45.363466
            ],
            [
              5.385038,
              45.363163
            ],
            [
              5.3821,
              45.362819
            ],
            [
              5.379726,
              45.362507
            ],
            [
              5.376327,
              45.361996
            ],
            [
              5.372869,
              45.361419
            ],
            [
              5.370565,
              45.36099
            ],
            [
              5.367349,
              45.360338
            ],
            [
              5.363301,
              45.359475
            ],
            [
              5.359253,
              45.358613
            ],
            [
              5.355204,
              45.357751
            ],
            [
              5.351182,
              45.356893
            ],
            [
              5.350332,
              45.356725
            ],
            [
              5.349377,
              45.356558
            ],
            [
              5.348221,
              45.356398
            ],
            [
              5.347218,
              45.356291
            ],
            [
              5.34638,
              45.356225
            ],
            [
              5.345254,
              45.356169
            ],
            [
              5.344377,
              45.356149
            ],
            [
              5.343177,
              45.356163
            ],
            [
              5.343135,
              45.352563
            ],
            [
              5.344335,
              45.352549
            ],
            [
              5.345334,
              45.35257
            ],
            [
              5.346558,
              45.35263
            ],
            [
              5.347495,
              45.352702
            ],
            [
              5.348601,
              45.352818
            ],
            [
              5.349867,
              45.352991
            ],
            [
              5.350948,
              45.353178
            ],
            [
              5.351881,
              45.353362
            ],
            [
              5.355954,
              45.35423
            ],
            [
              5.360003,
              45.355092
            ],
            [
              5.364051,
              45.355954
            ],
            [
              5.368099,
              45.356817
            ],
            [
              5.37128,
              45.357461
            ],
            [
              5.373528,
              45.35788
            ],
            [
              5.37692,
              45.358445
            ],
            [
              5.380261,
              45.358947
            ],
            [
              5.382569,
              45.359249
            ],
            [
              5.385457,
              45.359587
            ],
            [
              5.388415,
              45.359884
            ],
            [
              5.390502,
              45.360062
            ],
            [
              5.393579,
              45.36028
            ],
            [
              5.395425,
              45.360385
            ],
            [
              5.39804,
              45.360502
            ],
            [
              5.405088,
              45.356962
            ],
            [
              5.407801,
              45.358844
            ],
            [
              5.40834,
              45.359182
            ],
            [
              5.409259,
              45.359786
            ],
            [
              5.410617,
              45.360566
            ],
            [
              5.411126,
              45.360833
            ],
            [
              5.419644,
              45.358878
            ],
            [
              5.42238,
              45.356538
            ],
            [
              5.422465,
              45.350299
            ],
            [
              5.425523,
              45.348399
            ],
            [
              5.425939,
              45.349068
            ],
            [
              5.426408,
              45.349731
            ],
            [
              5.427306,
              45.3511
            ],
            [
              5.427535,
              45.351581
            ],
            [
              5.430132,
              45.354812
            ],
            [
              5.431705,
              45.356229
            ],
            [
              5.439481,
              45.354637
            ],
            [
              5.444401,
              45.352129
            ],
            [
              5.447683,
              45.352048
            ],
            [
              5.447539,
              45.343086
            ],
            [
              5.447252,
              45.339497
            ],
            [
              5.44833,
              45.339411
            ],
            [
              5.44947,
              45.339456
            ],
            [
              5.450022,
              45.339486
            ],
            [
              5.452023,
              45.339641
            ],
            [
              5.45398,
              45.339793
            ],
            [
              5.461608,
              45.339631
            ],
            [
              5.466651,
              45.341263
            ],
            [
              5.472522,
              45.340604
            ],
            [
              5.472645,
              45.340582
            ],
            [
              5.475487,
              45.341334
            ],
            [
              5.481481,
              45.342344
            ],
            [
              5.486083,
              45.344953
            ],
            [
              5.490847,
              45.34591
            ],
            [
              5.49413,
              45.346136
            ],
            [
              5.494803,
              45.346234
            ],
            [
              5.498562,
              45.348416
            ],
            [
              5.499187,
              45.348739
            ],
            [
              5.504215,
              45.351218
            ],
            [
              5.505775,
              45.355107
            ],
            [
              5.512956,
              45.360471
            ],
            [
              5.515094,
              45.358613
            ],
            [
              5.516348,
              45.357626
            ],
            [
              5.51744,
              45.356844
            ],
            [
              5.518525,
              45.35614
            ],
            [
              5.519414,
              45.355616
            ],
            [
              5.5199,
              45.35535
            ],
            [
              5.520738,
              45.354924
            ],
            [
              5.522073,
              45.354329
            ],
            [
              5.522948,
              45.353989
            ],
            [
              5.523435,
              45.353819
            ],
            [
              5.524559,
              45.353466
            ],
            [
              5.525811,
              45.353129
            ],
            [
              5.526566,
              45.352959
            ],
            [
              5.527741,
              45.352737
            ],
            [
              5.528799,
              45.352581
            ],
            [
              5.530602,
              45.352369
            ],
            [
              5.532354,
              45.352164
            ],
            [
              5.540315,
              45.349416
            ],
            [
              5.541575,
              45.348794
            ],
            [
              5.542698,
              45.348267
            ],
            [
              5.543664,
              45.347844
            ],
            [
              5.544547,
              45.347482
            ],
            [
              5.546131,
              45.346882
            ],
            [
              5.547729,
              45.34634
            ],
            [
              5.548584,
              45.346076
            ],
            [
              5.549464,
              45.345819
            ],
            [
              5.551061,
              45.345399
            ],
            [
              5.553052,
              45.344952
            ],
            [
              5.560774,
              45.342739
            ],
            [
              5.561493,
              45.342637
            ],
            [
              5.568905,
              45.34115
            ],
            [
              5.571164,
              45.340152
            ],
            [
              5.576456,
              45.336674
            ],
            [
              5.57725,
              45.336115
            ],
            [
              5.578013,
              45.335653
            ],
            [
              5.578962,
              45.335168
            ],
            [
              5.582041,
              45.333772
            ],
            [
              5.583512,
              45.33306
            ],
            [
              5.584669,
              45.332444
            ],
            [
              5.58603,
              45.331661
            ],
            [
              5.587642,
              45.330618
            ],
            [
              5.589503,
              45.329327
            ],
            [
              5.591397,
              45.328014
            ],
            [
              5.592317,
              45.327407
            ],
            [
              5.596689,
              45.320308
            ],
            [
              5.597391,
              45.319061
            ],
            [
              5.598225,
              45.318427
            ],
            [
              5.601375,
              45.318121
            ],
            [
              5.607202,
              45.317868
            ],
            [
              5.609986,
              45.315414
            ],
            [
              5.611001,
              45.314432
            ],
            [
              5.611578,
              45.313844
            ],
            [
              5.612996,
              45.312342
            ],
            [
              5.61385,
              45.31138
            ],
            [
              5.614614,
              45.310476
            ],
            [
              5.617363,
              45.312801
            ],
            [
              5.616599,
              45.313704
            ],
            [
              5.61569,
              45.31473
            ],
            [
              5.614196,
              45.316315
            ],
            [
              5.61357,
              45.316953
            ],
            [
              5.612491,
              45.318
            ],
            [
              5.609518,
              45.320624
            ],
            [
              5.60824,
              45.321643
            ],
            [
              5.60712,
              45.322487
            ],
            [
              5.605442,
              45.323677
            ],
            [
              5.604455,
              45.324337
            ],
            [
              5.602943,
              45.3253
            ],
            [
              5.600864,
              45.326542
            ],
            [
              5.599623,
              45.327257
            ],
            [
              5.596304,
              45.329159
            ],
            [
              5.595707,
              45.329521
            ],
            [
              5.594243,
              45.330448
            ],
            [
              5.593382,
              45.331017
            ],
            [
              5.591555,
              45.332285
            ],
            [
              5.589694,
              45.333576
            ],
            [
              5.587986,
              45.334683
            ],
            [
              5.586469,
              45.335562
            ],
            [
              5.585206,
              45.336237
            ],
            [
              5.583612,
              45.337011
            ],
            [
              5.580449,
              45.338446
            ],
            [
              5.578542,
              45.339608
            ],
            [
              5.576355,
              45.341373
            ],
            [
              5.575564,
              45.341934
            ],
            [
              5.574658,
              45.350811
            ],
            [
              5.575147,
              45.352091
            ],
            [
              5.574607,
              45.353297
            ],
            [
              5.571106,
              45.357191
            ],
            [
              5.567507,
              45.357112
            ],
            [
              5.563736,
              45.350811
            ],
            [
              5.555239,
              45.348199
            ],
            [
              5.553726,
              45.348488
            ],
            [
              5.551851,
              45.348911
            ],
            [
              5.550382,
              45.3493
            ],
            [
              5.549597,
              45.34953
            ],
            [
              5.548794,
              45.349779
            ],
            [
              5.547286,
              45.350291
            ],
            [
              5.545826,
              45.350847
            ],
            [
              5.545031,
              45.351174
            ],
            [
              5.544146,
              45.351563
            ],
            [
              5.543105,
              45.352053
            ],
            [
              5.54191,
              45.352643
            ],
            [
              5.539302,
              45.353989
            ],
            [
              5.538337,
              45.354414
            ],
            [
              5.537821,
              45.354614
            ],
            [
              5.536915,
              45.354914
            ],
            [
              5.53609,
              45.355146
            ],
            [
              5.535661,
              45.355249
            ],
            [
              5.535263,
              45.355338
            ],
            [
              5.53433,
              45.355512
            ],
            [
              5.532876,
              45.355726
            ],
            [
              5.531022,
              45.355945
            ],
            [
              5.529219,
              45.356156
            ],
            [
              5.528269,
              45.356298
            ],
            [
              5.527237,
              45.356495
            ],
            [
              5.519402,
              45.359862
            ],
            [
              5.518448,
              45.36055
            ],
            [
              5.517324,
              45.361439
            ],
            [
              5.51532,
              45.363187
            ],
            [
              5.514566,
              45.363811
            ],
            [
              5.514065,
              45.364197
            ],
            [
              5.513149,
              45.364841
            ],
            [
              5.512308,
              45.365362
            ],
            [
              5.511906,
              45.365599
            ],
            [
              5.510728,
              45.366213
            ],
            [
              5.509657,
              45.366696
            ],
            [
              5.508354,
              45.367207
            ],
            [
              5.50464,
              45.36943
            ],
            [
              5.498523,
              45.375452
            ],
            [
              5.499341,
              45.38185
            ],
            [
              5.506205,
              45.387661
            ],
            [
              5.507473,
              45.387649
            ],
            [
              5.507679,
              45.387729
            ],
            [
              5.509195,
              45.389113
            ],
            [
              5.509195,
              45.392713
            ],
            [
              5.504863,
              45.400422
            ],
            [
              5.503532,
              45.400831
            ],
            [
              5.503369,
              45.400867
            ],
            [
              5.498434,
              45.400674
            ],
            [
              5.492516,
              45.401663
            ],
            [
              5.491598,
              45.401746
            ],
            [
              5.490217,
              45.40183
            ],
            [
              5.487226,
              45.401701
            ],
            [
              5.483586,
              45.401203
            ],
            [
              5.482606,
              45.401188
            ],
            [
              5.477639,
              45.401904
            ],
            [
              5.476102,
              45.401768
            ],
            [
              5.471664,
              45.401185
            ],
            [
              5.466654,
              45.407163
            ],
            [
              5.466615,
              45.407633
            ],
            [
              5.466408,
              45.409122
            ],
            [
              5.466289,
              45.409687
            ],
            [
              5.466942,
              45.418054
            ],
            [
              5.465849,
              45.421484
            ],
            [
              5.464773,
              45.421965
            ],
            [
              5.461553,
              45.423575
            ],
            [
              5.45429,
              45.420971
            ],
            [
              5.452307,
              45.422811
            ],
            [
              5.452068,
              45.422929
            ],
            [
              5.451637,
              45.423082
            ],
            [
              5.446619,
              45.424999
            ],
            [
              5.445737,
              45.425507
            ],
            [
              5.44528,
              45.425746
            ],
            [
              5.444775,
              45.425957
            ],
            [
              5.441847,
              45.426439
            ],
            [
              5.440133,
              45.426789
            ],
            [
              5.437496,
              45.427295
            ],
            [
              5.435939,
              45.427674
            ],
            [
              5.432112,
              45.428963
            ],
            [
              5.425353,
              45.433189
            ],
            [
              5.422702,
              45.435631
            ],
            [
              5.421588,
              45.436554
            ],
            [
              5.420629,
              45.43727
            ],
            [
              5.419682,
              45.43789
            ],
            [
              5.418858,
              45.438367
            ],
            [
              5.418132,
              45.438752
            ],
            [
              5.417314,
              45.439144
            ],
            [
              5.416407,
              45.439536
            ],
            [
              5.415358,
              45.439941
            ],
            [
              5.41349,
              45.440636
            ],
            [
              5.411702,
              45.441298
            ],
            [
              5.410907,
              45.441637
            ],
            [
              5.409531,
              45.442342
            ],
            [
              5.40898,
              45.442671
            ],
            [
              5.406846,
              45.444181
            ],
            [
              5.405644,
              45.444945
            ],
            [
              5.402199,
              45.453065
            ],
            [
              5.402297,
              45.453789
            ],
            [
              5.40233,
              45.454276
            ],
            [
              5.403373,
              45.45889
            ],
            [
              5.403564,
              45.459512
            ],
            [
              5.403685,
              45.460084
            ],
            [
              5.403752,
              45.460611
            ],
            [
              5.403761,
              45.461207
            ],
            [
              5.403725,
              45.461698
            ],
            [
              5.403636,
              45.462283
            ],
            [
              5.404057,
              45.47082
            ],
            [
              5.404002,
              45.472877
            ],
            [
              5.405347,
              45.477745
            ],
            [
              5.409977,
              45.479631
            ],
            [
              5.414227,
              45.483084
            ],
            [
              5.414323,
              45.486881
            ],
            [
              5.422049,
              45.490931
            ],
            [
              5.426477,
              45.486422
            ],
            [
              5.427046,
              45.48621
            ],
            [
              5.430921,
              45.487365
            ],
            [
              5.43715,
              45.489806
            ],
            [
              5.438147,
              45.490367
            ],
            [
              5.446572,
              45.49251
            ],
            [
              5.454008,
              45.488595
            ],
            [
              5.454323,
              45.488422
            ],
            [
              5.454562,
              45.488462
            ],
            [
              5.456051,
              45.48881
            ],
            [
              5.463236,
              45.486906
            ],
            [
              5.465248,
              45.483921
            ],
            [
              5.471232,
              45.479362
            ],
            [
              5.479245,
              45.479456
            ],
            [
              5.480026,
              45.479806
            ],
            [
              5.480675,
              45.480663
            ],
            [
              5.480687,
              45.481932
            ],
            [
              5.480676,
              45.483598
            ],
            [
              5.481335,
              45.487726
            ],
            [
              5.487212,
              45.490283
            ],
            [
              5.48912,
              45.491039
            ],
            [
              5.49095,
              45.491529
            ],
            [
              5.494349,
              45.496675
            ],
            [
              5.4997,
              45.49641
            ],
            [
              5.502819,
              45.491649
            ],
            [
              5.504754,
              45.49053
            ],
            [
              5.506335,
              45.490167
            ],
            [
              5.506847,
              45.49029
            ],
            [
              5.513275,
              45.495044
            ],
            [
              5.520761,
              45.493009
            ],
            [
              5.52153,
              45.491018
            ],
            [
              5.521958,
              45.48683
            ],
            [
              5.524125,
              45.485016
            ],
            [
              5.524267,
              45.485053
            ],
            [
              5.525428,
              45.48587
            ],
            [
              5.52712,
              45.487455
            ],
            [
              5.534331,
              45.489254
            ],
            [
              5.534841,
              45.489346
            ],
            [
              5.53905,
              45.496035
            ],
            [
              5.543532,
              45.498355
            ],
            [
              5.545178,
              45.501191
            ],
            [
              5.545216,
              45.503132
            ],
            [
              5.546181,
              45.507006
            ],
            [
              5.554081,
              45.507936
            ],
            [
              5.554478,
              45.507963
            ],
            [
              5.561812,
              45.506829
            ],
            [
              5.56224,
              45.50666
            ],
            [
              5.569237,
              45.502332
            ],
            [
              5.569995,
              45.501956
            ],
            [
              5.571917,
              45.502085
            ],
            [
              5.572306,
              45.502477
            ],
            [
              5.572503,
              45.502699
            ],
            [
              5.572893,
              45.504092
            ],
            [
              5.572434,
              45.505108
            ],
            [
              5.571997,
              45.506136
            ],
            [
              5.571693,
              45.514312
            ],
            [
              5.574825,
              45.51658
            ],
            [
              5.577752,
              45.520266
            ],
            [
              5.582673,
              45.522838
            ],
            [
              5.590513,
              45.524823
            ],
            [
              5.592286,
              45.524014
            ],
            [
              5.593958,
              45.525411
            ],
            [
              5.594985,
              45.526397
            ],
            [
              5.594911,
              45.527187
            ],
            [
              5.594911,
              45.527188
            ],
            [
              5.596323,
              45.534006
            ],
            [
              5.599245,
              45.535402
            ],
            [
              5.605197,
              45.535795
            ],
            [
              5.608301,
              45.533362
            ],
            [
              5.609387,
              45.531747
            ],
            [
              5.611956,
              45.53051
            ],
            [
              5.616993,
              45.536842
            ],
            [
              5.623875,
              45.539655
            ],
            [
              5.624309,
              45.539667
            ],
            [
              5.632392,
              45.536537
            ],
            [
              5.632972,
              45.535611
            ],
            [
              5.636022,
              45.537524
            ],
            [
              5.640927,
              45.54215
            ],
            [
              5.648218,
              45.539369
            ],
            [
              5.6522,
              45.538882
            ],
            [
              5.658459,
              45.538862
            ],
            [
              5.664078,
              45.539283
            ],
            [
              5.664894,
              45.539425
            ],
            [
              5.66653,
              45.539711
            ],
            [
              5.667725,
              45.542236
            ],
            [
              5.675875,
              45.545627
            ],
            [
              5.679685,
              45.542692
            ],
            [
              5.683277,
              45.542446
            ],
            [
              5.683412,
              45.544428
            ],
            [
              5.68339,
              45.54498
            ],
            [
              5.683249,
              45.54562
            ],
            [
              5.688294,
              45.552632
            ],
            [
              5.689588,
              45.553882
            ],
            [
              5.689704,
              45.554214
            ],
            [
              5.695021,
              45.55909
            ],
            [
              5.697807,
              45.559161
            ],
            [
              5.699056,
              45.559156
            ],
            [
              5.700297,
              45.55908
            ],
            [
              5.701018,
              45.559018
            ],
            [
              5.7023,
              45.558857
            ],
            [
              5.703364,
              45.558666
            ],
            [
              5.703863,
              45.558568
            ],
            [
              5.704901,
              45.558316
            ],
            [
              5.705433,
              45.558175
            ],
            [
              5.705997,
              45.558006
            ],
            [
              5.707428,
              45.557516
            ],
            [
              5.708923,
              45.556961
            ],
            [
              5.709844,
              45.556639
            ],
            [
              5.710772,
              45.556365
            ],
            [
              5.711689,
              45.556148
            ],
            [
              5.712527,
              45.555979
            ],
            [
              5.713411,
              45.555857
            ],
            [
              5.714606,
              45.555746
            ],
            [
              5.718796,
              45.555255
            ],
            [
              5.721971,
              45.555207
            ],
            [
              5.722804,
              45.555349
            ],
            [
              5.731666,
              45.555565
            ],
            [
              5.735907,
              45.55475
            ],
            [
              5.740148,
              45.553935
            ],
            [
              5.744388,
              45.55312
            ],
            [
              5.748651,
              45.552301
            ],
            [
              5.749569,
              45.55214
            ],
            [
              5.750508,
              45.552047
            ],
            [
              5.751019,
              45.552041
            ],
            [
              5.751611,
              45.552041
            ],
            [
              5.75238,
              45.552074
            ],
            [
              5.753345,
              45.552192
            ],
            [
              5.753996,
              45.552319
            ],
            [
              5.754751,
              45.552519
            ],
            [
              5.755241,
              45.552696
            ],
            [
              5.755701,
              45.552882
            ],
            [
              5.756478,
              45.553265
            ],
            [
              5.756958,
              45.553558
            ],
            [
              5.757457,
              45.553909
            ],
            [
              5.757955,
              45.55433
            ],
            [
              5.758384,
              45.554771
            ],
            [
              5.758968,
              45.555507
            ],
            [
              5.766099,
              45.560757
            ],
            [
              5.767284,
              45.560951
            ],
            [
              5.767987,
              45.561022
            ],
            [
              5.768729,
              45.561079
            ],
            [
              5.770339,
              45.561166
            ],
            [
              5.772958,
              45.561333
            ],
            [
              5.774605,
              45.561465
            ],
            [
              5.776632,
              45.561678
            ],
            [
              5.777786,
              45.56183
            ],
            [
              5.779151,
              45.56204
            ],
            [
              5.780668,
              45.562302
            ],
            [
              5.782394,
              45.562657
            ],
            [
              5.783674,
              45.562947
            ],
            [
              5.78501,
              45.563283
            ],
            [
              5.78653,
              45.563721
            ],
            [
              5.787277,
              45.563975
            ],
            [
              5.789337,
              45.564879
            ],
            [
              5.78981,
              45.56515
            ],
            [
              5.7906,
              45.565691
            ],
            [
              5.791032,
              45.566039
            ],
            [
              5.791535,
              45.566499
            ],
            [
              5.791985,
              45.566995
            ],
            [
              5.792489,
              45.567691
            ],
            [
              5.7934,
              45.57016
            ],
            [
              5.793441,
              45.570578
            ],
            [
              5.797381,
              45.576715
            ],
            [
              5.800362,
              45.577498
            ],
            [
              5.801101,
              45.577601
            ],
            [
              5.802108,
              45.577703
            ],
            [
              5.801745,
              45.581285
            ],
            [
              5.800738,
              45.581183
            ],
            [
              5.799872,
              45.581065
            ],
            [
              5.796637,
              45.580266
            ],
            [
              5.795872,
              45.580071
            ],
            [
              5.791716,
              45.577738
            ],
            [
              5.791251,
              45.577234
            ],
            [
              5.790933,
              45.576838
            ],
            [
              5.79039,
              45.575938
            ],
            [
              5.79011,
              45.575325
            ],
            [
              5.78995,
              45.574877
            ],
            [
              5.789761,
              45.574043
            ],
            [
              5.789687,
              45.573369
            ],
            [
              5.784017,
              45.566743
            ],
            [
              5.782799,
              45.566439
            ],
            [
              5.7816,
              45.566168
            ],
            [
              5.779942,
              45.565828
            ],
            [
              5.778542,
              45.565588
            ],
            [
              5.77724,
              45.565388
            ],
            [
              5.776162,
              45.565247
            ],
            [
              5.77423,
              45.565045
            ],
            [
              5.772673,
              45.564922
            ],
            [
              5.770111,
              45.564759
            ],
            [
              5.768537,
              45.564674
            ],
            [
              5.767713,
              45.564612
            ],
            [
              5.766924,
              45.564533
            ],
            [
              5.765906,
              45.564388
            ],
            [
              5.76538,
              45.564284
            ],
            [
              5.764352,
              45.564031
            ],
            [
              5.763331,
              45.56371
            ],
            [
              5.762858,
              45.563531
            ],
            [
              5.761703,
              45.563035
            ],
            [
              5.761132,
              45.562743
            ],
            [
              5.760604,
              45.562442
            ],
            [
              5.759897,
              45.561974
            ],
            [
              5.759195,
              45.561438
            ],
            [
              5.75874,
              45.561057
            ],
            [
              5.758256,
              45.56058
            ],
            [
              5.757781,
              45.560044
            ],
            [
              5.757323,
              45.559465
            ],
            [
              5.749287,
              45.555844
            ],
            [
              5.745068,
              45.556655
            ],
            [
              5.740827,
              45.55747
            ],
            [
              5.736586,
              45.558285
            ],
            [
              5.732345,
              45.5591
            ],
            [
              5.730185,
              45.55951
            ],
            [
              5.728941,
              45.559724
            ],
            [
              5.728423,
              45.559794
            ],
            [
              5.727898,
              45.559844
            ],
            [
              5.727301,
              45.559864
            ],
            [
              5.72682,
              45.559857
            ],
            [
              5.72619,
              45.559808
            ],
            [
              5.72554,
              45.55973
            ],
            [
              5.724939,
              45.559617
            ],
            [
              5.724296,
              45.559465
            ],
            [
              5.717443,
              45.559148
            ],
            [
              5.716917,
              45.559214
            ],
            [
              5.714817,
              45.55934
            ],
            [
              5.713746,
              45.559441
            ],
            [
              5.712412,
              45.559674
            ],
            [
              5.711605,
              45.559867
            ],
            [
              5.710871,
              45.560089
            ],
            [
              5.710119,
              45.560356
            ],
            [
              5.708683,
              45.56089
            ],
            [
              5.707164,
              45.561412
            ],
            [
              5.70241,
              45.568614
            ],
            [
              5.702716,
              45.57188
            ],
            [
              5.702202,
              45.573695
            ],
            [
              5.702034,
              45.574008
            ],
            [
              5.7006,
              45.574793
            ],
            [
              5.697658,
              45.574974
            ],
            [
              5.691676,
              45.577414
            ],
            [
              5.68681,
              45.582217
            ],
            [
              5.679487,
              45.585592
            ],
            [
              5.677998,
              45.587487
            ],
            [
              5.673533,
              45.588897
            ],
            [
              5.670373,
              45.589602
            ],
            [
              5.664305,
              45.592291
            ],
            [
              5.656733,
              45.593221
            ],
            [
              5.652813,
              45.594015
            ],
            [
              5.652135,
              45.594155
            ],
            [
              5.651246,
              45.594145
            ],
            [
              5.643866,
              45.598549
            ],
            [
              5.643373,
              45.603947
            ],
            [
              5.641156,
              45.606406
            ],
            [
              5.632979,
              45.607293
            ],
            [
              5.632232,
              45.607353
            ],
            [
              5.632137,
              45.607341
            ],
            [
              5.624322,
              45.604826
            ],
            [
              5.621415,
              45.60943
            ],
            [
              5.620236,
              45.611021
            ],
            [
              5.61968,
              45.611628
            ],
            [
              5.617885,
              45.613818
            ],
            [
              5.61737,
              45.614367
            ],
            [
              5.615267,
              45.622521
            ],
            [
              5.6156,
              45.62362
            ],
            [
              5.615511,
              45.624669
            ],
            [
              5.613667,
              45.62577
            ],
            [
              5.612958,
              45.625698
            ],
            [
              5.60519,
              45.623153
            ],
            [
              5.602094,
              45.622668
            ],
            [
              5.601291,
              45.619159
            ],
            [
              5.604504,
              45.613834
            ],
            [
              5.599433,
              45.60667
            ],
            [
              5.597595,
              45.607304
            ],
            [
              5.594679,
              45.607469
            ],
            [
              5.589256,
              45.605194
            ],
            [
              5.585147,
              45.61122
            ],
            [
              5.58191,
              45.612794
            ],
            [
              5.578715,
              45.611295
            ],
            [
              5.572531,
              45.606533
            ],
            [
              5.56975,
              45.606878
            ],
            [
              5.568375,
              45.607043
            ],
            [
              5.5654,
              45.607548
            ],
            [
              5.563855,
              45.607787
            ],
            [
              5.55656,
              45.605403
            ],
            [
              5.553893,
              45.609194
            ],
            [
              5.548764,
              45.612968
            ],
            [
              5.548109,
              45.613488
            ],
            [
              5.547616,
              45.613883
            ],
            [
              5.545112,
              45.614736
            ],
            [
              5.542264,
              45.621383
            ],
            [
              5.541857,
              45.623277
            ],
            [
              5.540005,
              45.624693
            ],
            [
              5.539769,
              45.624657
            ],
            [
              5.539657,
              45.624624
            ],
            [
              5.538262,
              45.623088
            ],
            [
              5.531554,
              45.618217
            ],
            [
              5.524999,
              45.616833
            ],
            [
              5.518926,
              45.620108
            ],
            [
              5.515424,
              45.620655
            ],
            [
              5.514239,
              45.620595
            ],
            [
              5.508476,
              45.620715
            ],
            [
              5.505901,
              45.624739
            ],
            [
              5.503116,
              45.629295
            ],
            [
              5.501125,
              45.629409
            ],
            [
              5.500623,
              45.629418
            ],
            [
              5.500014,
              45.62934
            ],
            [
              5.4949,
              45.628849
            ],
            [
              5.489073,
              45.629365
            ],
            [
              5.486659,
              45.633041
            ],
            [
              5.483677,
              45.639133
            ],
            [
              5.483335,
              45.639858
            ],
            [
              5.481154,
              45.642722
            ],
            [
              5.473036,
              45.642845
            ],
            [
              5.469919,
              45.644511
            ],
            [
              5.469159,
              45.644896
            ],
            [
              5.468514,
              45.645085
            ],
            [
              5.46772,
              45.644709
            ],
            [
              5.467172,
              45.644234
            ],
            [
              5.467049,
              45.644073
            ],
            [
              5.466626,
              45.643058
            ],
            [
              5.46254,
              45.63563
            ],
            [
              5.461347,
              45.63537
            ],
            [
              5.460802,
              45.635176
            ],
            [
              5.460237,
              45.634839
            ],
            [
              5.459673,
              45.634501
            ],
            [
              5.459787,
              45.63384
            ],
            [
              5.460664,
              45.63104
            ],
            [
              5.455578,
              45.625787
            ],
            [
              5.451409,
              45.627821
            ],
            [
              5.448682,
              45.626814
            ],
            [
              5.448077,
              45.626712
            ],
            [
              5.447587,
              45.626603
            ],
            [
              5.443385,
              45.625382
            ],
            [
              5.441267,
              45.625256
            ],
            [
              5.44031,
              45.625231
            ],
            [
              5.438549,
              45.625221
            ],
            [
              5.437828,
              45.625183
            ],
            [
              5.435721,
              45.625005
            ],
            [
              5.434255,
              45.624787
            ],
            [
              5.429747,
              45.63247
            ],
            [
              5.435798,
              45.637753
            ],
            [
              5.439565,
              45.639714
            ],
            [
              5.439814,
              45.639764
            ],
            [
              5.445078,
              45.646192
            ],
            [
              5.446941,
              45.648491
            ],
            [
              5.448376,
              45.649625
            ],
            [
              5.448755,
              45.650111
            ],
            [
              5.44893,
              45.650407
            ],
            [
              5.445835,
              45.652244
            ],
            [
              5.438445,
              45.651605
            ],
            [
              5.436072,
              45.650204
            ],
            [
              5.428003,
              45.649176
            ],
            [
              5.427025,
              45.649585
            ],
            [
              5.426266,
              45.649997
            ],
            [
              5.425594,
              45.650301
            ],
            [
              5.425283,
              45.650431
            ],
            [
              5.424213,
              45.650963
            ],
            [
              5.423713,
              45.651262
            ],
            [
              5.422918,
              45.651576
            ],
            [
              5.421094,
              45.652202
            ],
            [
              5.420794,
              45.652299
            ],
            [
              5.412703,
              45.651524
            ],
            [
              5.412263,
              45.658135
            ],
            [
              5.412842,
              45.659126
            ],
            [
              5.412882,
              45.659262
            ],
            [
              5.419263,
              45.66468
            ],
            [
              5.419756,
              45.664752
            ],
            [
              5.420161,
              45.664845
            ],
            [
              5.420599,
              45.664998
            ],
            [
              5.421181,
              45.665281
            ],
            [
              5.42603,
              45.666365
            ],
            [
              5.426607,
              45.66639
            ],
            [
              5.430073,
              45.666051
            ],
            [
              5.430701,
              45.666058
            ],
            [
              5.431473,
              45.666281
            ],
            [
              5.431944,
              45.666582
            ],
            [
              5.432071,
              45.666693
            ],
            [
              5.432358,
              45.668403
            ],
            [
              5.432282,
              45.668579
            ],
            [
              5.430285,
              45.669645
            ],
            [
              5.427694,
              45.678076
            ],
            [
              5.427884,
              45.678585
            ],
            [
              5.424812,
              45.680462
            ],
            [
              5.426167,
              45.687897
            ],
            [
              5.427944,
              45.691028
            ],
            [
              5.425509,
              45.69241
            ],
            [
              5.424983,
              45.692691
            ],
            [
              5.42446,
              45.692925
            ],
            [
              5.423957,
              45.6931
            ],
            [
              5.42344,
              45.693236
            ],
            [
              5.422953,
              45.693329
            ],
            [
              5.422441,
              45.693388
            ],
            [
              5.421971,
              45.693402
            ],
            [
              5.421522,
              45.693386
            ],
            [
              5.414458,
              45.696075
            ],
            [
              5.412273,
              45.698418
            ],
            [
              5.41186,
              45.706711
            ],
            [
              5.410699,
              45.712847
            ],
            [
              5.4053,
              45.719025
            ],
            [
              5.407265,
              45.722041
            ],
            [
              5.407982,
              45.725453
            ],
            [
              5.406508,
              45.727659
            ],
            [
              5.405253,
              45.7278
            ],
            [
              5.401047,
              45.726618
            ],
            [
              5.400628,
              45.725423
            ],
            [
              5.400584,
              45.725286
            ],
            [
              5.398516,
              45.720428
            ],
            [
              5.3941,
              45.717319
            ],
            [
              5.39109,
              45.715631
            ],
            [
              5.383411,
              45.712244
            ],
            [
              5.381201,
              45.71212
            ],
            [
              5.376064,
              45.718898
            ],
            [
              5.37275,
              45.720303
            ],
            [
              5.371887,
              45.718672
            ],
            [
              5.370829,
              45.717087
            ],
            [
              5.369347,
              45.714639
            ],
            [
              5.368459,
              45.713625
            ],
            [
              5.359724,
              45.714492
            ],
            [
              5.35897,
              45.718012
            ],
            [
              5.356756,
              45.717537
            ],
            [
              5.356191,
              45.717388
            ],
            [
              5.355304,
              45.717009
            ],
            [
              5.353336,
              45.715952
            ],
            [
              5.348621,
              45.715234
            ],
            [
              5.345497,
              45.713444
            ],
            [
              5.338951,
              45.71448
            ],
            [
              5.336453,
              45.718462
            ],
            [
              5.335628,
              45.723243
            ],
            [
              5.340746,
              45.729747
            ],
            [
              5.340884,
              45.731771
            ],
            [
              5.340897,
              45.732842
            ],
            [
              5.34041,
              45.733706
            ],
            [
              5.337556,
              45.73809
            ],
            [
              5.343237,
              45.743722
            ],
            [
              5.343617,
              45.743684
            ],
            [
              5.345606,
              45.743155
            ],
            [
              5.347272,
              45.746346
            ],
            [
              5.345788,
              45.748441
            ],
            [
              5.341149,
              45.750738
            ],
            [
              5.335377,
              45.756654
            ],
            [
              5.331775,
              45.761324
            ],
            [
              5.329929,
              45.763346
            ],
            [
              5.329402,
              45.764031
            ],
            [
              5.323521,
              45.76583
            ],
            [
              5.321917,
              45.769168
            ],
            [
              5.327935,
              45.775604
            ],
            [
              5.328424,
              45.775534
            ],
            [
              5.328856,
              45.775521
            ],
            [
              5.329333,
              45.775547
            ],
            [
              5.329582,
              45.775586
            ],
            [
              5.330332,
              45.77567
            ],
            [
              5.336741,
              45.770406
            ],
            [
              5.338587,
              45.767316
            ],
            [
              5.340913,
              45.768705
            ],
            [
              5.345073,
              45.769775
            ],
            [
              5.348368,
              45.77142
            ],
            [
              5.350152,
              45.772676
            ],
            [
              5.355319,
              45.777825
            ],
            [
              5.357369,
              45.781798
            ],
            [
              5.361217,
              45.784218
            ],
            [
              5.369247,
              45.78083
            ],
            [
              5.369372,
              45.780652
            ],
            [
              5.369853,
              45.779938
            ],
            [
              5.371128,
              45.777901
            ],
            [
              5.371691,
              45.776914
            ],
            [
              5.373325,
              45.77187
            ],
            [
              5.374547,
              45.770452
            ],
            [
              5.375501,
              45.769387
            ],
            [
              5.37573,
              45.769315
            ],
            [
              5.383993,
              45.767021
            ],
            [
              5.385913,
              45.770067
            ],
            [
              5.390965,
              45.775443
            ],
            [
              5.396284,
              45.772341
            ],
            [
              5.397298,
              45.768887
            ],
            [
              5.40023,
              45.764789
            ],
            [
              5.401513,
              45.76006
            ],
            [
              5.405024,
              45.759267
            ],
            [
              5.40637,
              45.76163
            ],
            [
              5.406915,
              45.763412
            ],
            [
              5.406946,
              45.763699
            ],
            [
              5.406832,
              45.764108
            ],
            [
              5.406201,
              45.765226
            ],
            [
              5.403539,
              45.769812
            ],
            [
              5.40492,
              45.774529
            ],
            [
              5.407759,
              45.776743
            ],
            [
              5.410057,
              45.780691
            ],
            [
              5.416877,
              45.785353
            ],
            [
              5.419523,
              45.787794
            ],
            [
              5.428203,
              45.787246
            ],
            [
              5.428967,
              45.786223
            ],
            [
              5.429756,
              45.785396
            ],
            [
              5.431112,
              45.784273
            ],
            [
              5.43495,
              45.777556
            ],
            [
              5.435574,
              45.774011
            ],
            [
              5.440834,
              45.772575
            ],
            [
              5.441173,
              45.772612
            ],
            [
              5.442772,
              45.773849
            ],
            [
              5.450122,
              45.775945
            ],
            [
              5.452509,
              45.778172
            ],
            [
              5.452449,
              45.781757
            ],
            [
              5.452424,
              45.781848
            ],
            [
              5.452251,
              45.782207
            ],
            [
              5.452032,
              45.782563
            ],
            [
              5.451527,
              45.783074
            ],
            [
              5.449515,
              45.783844
            ],
            [
              5.446069,
              45.785516
            ],
            [
              5.439911,
              45.790664
            ],
            [
              5.436721,
              45.79155
            ],
            [
              5.430345,
              45.796061
            ],
            [
              5.424817,
              45.798196
            ],
            [
              5.422798,
              45.800634
            ],
            [
              5.419063,
              45.802026
            ],
            [
              5.418266,
              45.80249
            ],
            [
              5.417979,
              45.802626
            ],
            [
              5.414335,
              45.806143
            ],
            [
              5.414243,
              45.806347
            ],
            [
              5.414063,
              45.806592
            ],
            [
              5.410632,
              45.812685
            ],
            [
              5.41736,
              45.816429
            ],
            [
              5.419223,
              45.816414
            ],
            [
              5.424352,
              45.814376
            ],
            [
              5.427305,
              45.812317
            ],
            [
              5.434194,
              45.809251
            ],
            [
              5.434194,
              45.805651
            ],
            [
              5.43925,
              45.803541
            ],
            [
              5.440579,
              45.800195
            ],
            [
              5.446501,
              45.799328
            ],
            [
              5.447964,
              45.797676
            ],
            [
              5.454029,
              45.792071
            ],
            [
              5.459003,
              45.790958
            ],
            [
              5.460255,
              45.790418
            ],
            [
              5.461832,
              45.789759
            ],
            [
              5.462152,
              45.789847
            ],
            [
              5.464689,
              45.79044
            ],
            [
              5.466715,
              45.791492
            ],
            [
              5.467795,
              45.792283
            ],
            [
              5.467833,
              45.792343
            ],
            [
              5.466671,
              45.794921
            ],
            [
              5.466518,
              45.795106
            ],
            [
              5.465822,
              45.795985
            ],
            [
              5.465303,
              45.796531
            ],
            [
              5.464802,
              45.796913
            ],
            [
              5.458954,
              45.800899
            ],
            [
              5.462311,
              45.808887
            ],
            [
              5.463075,
              45.809194
            ],
            [
              5.463745,
              45.809624
            ],
            [
              5.464154,
              45.810017
            ],
            [
              5.466117,
              45.811482
            ],
            [
              5.466621,
              45.812055
            ],
            [
              5.467252,
              45.812742
            ],
            [
              5.467841,
              45.813551
            ],
            [
              5.468082,
              45.814682
            ],
            [
              5.469909,
              45.820888
            ],
            [
              5.473155,
              45.824784
            ],
            [
              5.475482,
              45.826657
            ],
            [
              5.475531,
              45.82673
            ],
            [
              5.475673,
              45.826986
            ],
            [
              5.475679,
              45.826997
            ],
            [
              5.474287,
              45.829522
            ],
            [
              5.473603,
              45.829722
            ],
            [
              5.473585,
              45.829723
            ],
            [
              5.472358,
              45.829317
            ],
            [
              5.467855,
              45.827454
            ],
            [
              5.465984,
              45.824628
            ],
            [
              5.465504,
              45.824071
            ],
            [
              5.464501,
              45.82204
            ],
            [
              5.464072,
              45.821425
            ],
            [
              5.463852,
              45.820739
            ],
            [
              5.463846,
              45.819071
            ],
            [
              5.463599,
              45.817654
            ],
            [
              5.462119,
              45.814239
            ],
            [
              5.46159,
              45.813501
            ],
            [
              5.460829,
              45.812767
            ],
            [
              5.452691,
              45.814929
            ],
            [
              5.451983,
              45.821919
            ],
            [
              5.451624,
              45.822585
            ],
            [
              5.451405,
              45.822902
            ],
            [
              5.451156,
              45.823216
            ],
            [
              5.449849,
              45.82491
            ],
            [
              5.449141,
              45.826058
            ],
            [
              5.442576,
              45.831142
            ],
            [
              5.441123,
              45.833906
            ],
            [
              5.440975,
              45.83427
            ],
            [
              5.439569,
              45.841936
            ],
            [
              5.439825,
              45.843303
            ],
            [
              5.441983,
              45.848688
            ],
            [
              5.44473,
              45.853666
            ],
            [
              5.445102,
              45.855765
            ],
            [
              5.45023,
              45.862989
            ],
            [
              5.451671,
              45.862654
            ],
            [
              5.456166,
              45.859683
            ],
            [
              5.456506,
              45.859299
            ],
            [
              5.456827,
              45.859029
            ],
            [
              5.457207,
              45.858772
            ],
            [
              5.457949,
              45.858407
            ],
            [
              5.458778,
              45.858319
            ],
            [
              5.459578,
              45.858585
            ],
            [
              5.465874,
              45.852582
            ],
            [
              5.466107,
              45.852117
            ],
            [
              5.46727,
              45.851178
            ],
            [
              5.471728,
              45.847868
            ],
            [
              5.47385,
              45.845238
            ],
            [
              5.475675,
              45.841511
            ],
            [
              5.476371,
              45.840025
            ],
            [
              5.477012,
              45.838712
            ],
            [
              5.478311,
              45.837916
            ],
            [
              5.478614,
              45.837763
            ],
            [
              5.480318,
              45.840136
            ],
            [
              5.480236,
              45.840977
            ],
            [
              5.478526,
              45.846068
            ],
            [
              5.479358,
              45.850012
            ],
            [
              5.479487,
              45.85031
            ],
            [
              5.479544,
              45.851404
            ],
            [
              5.484397,
              45.857095
            ],
            [
              5.488931,
              45.854813
            ],
            [
              5.489639,
              45.854266
            ],
            [
              5.490357,
              45.853925
            ],
            [
              5.490974,
              45.853747
            ],
            [
              5.491408,
              45.853666
            ],
            [
              5.493533,
              45.853141
            ],
            [
              5.494483,
              45.852792
            ],
            [
              5.495172,
              45.852498
            ],
            [
              5.495686,
              45.852384
            ],
            [
              5.496452,
              45.852322
            ],
            [
              5.499218,
              45.853968
            ],
            [
              5.499172,
              45.854125
            ],
            [
              5.498857,
              45.854792
            ],
            [
              5.498593,
              45.855168
            ],
            [
              5.497882,
              45.855698
            ],
            [
              5.497336,
              45.855877
            ],
            [
              5.489913,
              45.860452
            ],
            [
              5.48823,
              45.861026
            ],
            [
              5.487399,
              45.861197
            ],
            [
              5.480046,
              45.865106
            ],
            [
              5.479234,
              45.870958
            ],
            [
              5.479226,
              45.871209
            ],
            [
              5.477558,
              45.87212
            ],
            [
              5.476523,
              45.872545
            ],
            [
              5.472856,
              45.870733
            ],
            [
              5.467733,
              45.870137
            ],
            [
              5.464761,
              45.870638
            ],
            [
              5.464179,
              45.870739
            ],
            [
              5.456704,
              45.873933
            ],
            [
              5.453606,
              45.87268
            ],
            [
              5.447033,
              45.868642
            ],
            [
              5.441375,
              45.872699
            ],
            [
              5.440165,
              45.87609
            ],
            [
              5.440138,
              45.876139
            ],
            [
              5.438631,
              45.877036
            ],
            [
              5.434668,
              45.883479
            ],
            [
              5.436343,
              45.886666
            ],
            [
              5.434873,
              45.893229
            ],
            [
              5.44037,
              45.899643
            ],
            [
              5.442018,
              45.902843
            ],
            [
              5.440155,
              45.904173
            ],
            [
              5.439553,
              45.904741
            ],
            [
              5.43893,
              45.905114
            ],
            [
              5.435807,
              45.90679
            ],
            [
              5.435178,
              45.907326
            ],
            [
              5.433708,
              45.908141
            ],
            [
              5.432336,
              45.908979
            ],
            [
              5.428024,
              45.911148
            ],
            [
              5.425859,
              45.915551
            ],
            [
              5.424695,
              45.917977
            ],
            [
              5.420524,
              45.924018
            ],
            [
              5.428863,
              45.926344
            ],
            [
              5.42979,
              45.9256
            ],
            [
              5.430661,
              45.92542
            ],
            [
              5.432355,
              45.924783
            ],
            [
              5.432928,
              45.924666
            ],
            [
              5.433983,
              45.924374
            ],
            [
              5.435049,
              45.92405
            ],
            [
              5.439094,
              45.921093
            ],
            [
              5.439943,
              45.920097
            ],
            [
              5.440794,
              45.919521
            ],
            [
              5.441626,
              45.919143
            ],
            [
              5.44229,
              45.918975
            ],
            [
              5.446764,
              45.91691
            ],
            [
              5.447834,
              45.915746
            ],
            [
              5.448627,
              45.915321
            ],
            [
              5.450705,
              45.913834
            ],
            [
              5.452569,
              45.910339
            ],
            [
              5.452666,
              45.909921
            ],
            [
              5.452848,
              45.909446
            ],
            [
              5.453086,
              45.90903
            ],
            [
              5.453828,
              45.908006
            ],
            [
              5.455313,
              45.903206
            ],
            [
              5.455594,
              45.902607
            ],
            [
              5.456514,
              45.900183
            ],
            [
              5.456661,
              45.899352
            ],
            [
              5.456859,
              45.898765
            ],
            [
              5.457288,
              45.89794
            ],
            [
              5.457801,
              45.897246
            ],
            [
              5.458348,
              45.896738
            ],
            [
              5.459035,
              45.896238
            ],
            [
              5.459377,
              45.896054
            ],
            [
              5.461083,
              45.899224
            ],
            [
              5.465242,
              45.90549
            ],
            [
              5.465732,
              45.906266
            ],
            [
              5.466074,
              45.906815
            ],
            [
              5.467665,
              45.913897
            ],
            [
              5.466329,
              45.916006
            ],
            [
              5.465945,
              45.916145
            ],
            [
              5.465331,
              45.916311
            ],
            [
              5.464226,
              45.916596
            ],
            [
              5.462628,
              45.917148
            ],
            [
              5.455761,
              45.921591
            ],
            [
              5.454726,
              45.921797
            ],
            [
              5.451669,
              45.921348
            ],
            [
              5.445769,
              45.922228
            ],
            [
              5.439456,
              45.927138
            ],
            [
              5.43837,
              45.927891
            ],
            [
              5.433383,
              45.934877
            ],
            [
              5.433783,
              45.936788
            ],
            [
              5.43624,
              45.941683
            ],
            [
              5.443503,
              45.944375
            ],
            [
              5.44454,
              45.944582
            ],
            [
              5.450471,
              45.947563
            ],
            [
              5.453507,
              45.948134
            ],
            [
              5.453994,
              45.948171
            ],
            [
              5.45464,
              45.948267
            ],
            [
              5.460256,
              45.948363
            ],
            [
              5.46101,
              45.948322
            ],
            [
              5.461832,
              45.948363
            ],
            [
              5.464235,
              45.948637
            ],
            [
              5.464003,
              45.951071
            ],
            [
              5.463828,
              45.952213
            ],
            [
              5.462675,
              45.953115
            ],
            [
              5.461779,
              45.953025
            ],
            [
              5.461724,
              45.953012
            ],
            [
              5.461704,
              45.953007
            ],
            [
              5.46165,
              45.952993
            ],
            [
              5.457337,
              45.952329
            ],
            [
              5.456941,
              45.952339
            ],
            [
              5.456469,
              45.952315
            ],
            [
              5.455613,
              45.952204
            ],
            [
              5.455224,
              45.95213
            ],
            [
              5.452047,
              45.951936
            ],
            [
              5.446897,
              45.958608
            ],
            [
              5.446832,
              45.95989
            ],
            [
              5.446079,
              45.960762
            ],
            [
              5.4459,
              45.96923
            ],
            [
              5.446714,
              45.970448
            ],
            [
              5.447349,
              45.971669
            ],
            [
              5.446069,
              45.975034
            ],
            [
              5.443552,
              45.979948
            ],
            [
              5.444971,
              45.987631
            ],
            [
              5.447872,
              45.989929
            ],
            [
              5.454115,
              45.990378
            ],
            [
              5.454903,
              45.990305
            ],
            [
              5.454962,
              45.990312
            ],
            [
              5.455229,
              45.993822
            ],
            [
              5.455194,
              45.993884
            ],
            [
              5.454728,
              45.994401
            ],
            [
              5.454239,
              45.994907
            ],
            [
              5.453688,
              45.995406
            ],
            [
              5.453242,
              45.995693
            ],
            [
              5.451848,
              45.996653
            ],
            [
              5.451437,
              45.996994
            ],
            [
              5.451018,
              45.997249
            ],
            [
              5.450217,
              45.99749
            ],
            [
              5.446081,
              45.998224
            ],
            [
              5.444807,
              45.998313
            ],
            [
              5.444147,
              45.998207
            ],
            [
              5.443559,
              45.997901
            ],
            [
              5.44343,
              45.997801
            ],
            [
              5.443749,
              45.995188
            ],
            [
              5.443688,
              45.994636
            ],
            [
              5.442518,
              45.991052
            ],
            [
              5.442366,
              45.990673
            ],
            [
              5.441479,
              45.989256
            ],
            [
              5.440695,
              45.988185
            ],
            [
              5.432042,
              45.990522
            ],
            [
              5.43201,
              45.991368
            ],
            [
              5.432318,
              45.992864
            ],
            [
              5.432438,
              45.993997
            ],
            [
              5.432337,
              45.994655
            ],
            [
              5.43282,
              45.997882
            ],
            [
              5.433085,
              46.002297
            ],
            [
              5.433982,
              46.00543
            ],
            [
              5.434945,
              46.0071
            ],
            [
              5.435613,
              46.008553
            ],
            [
              5.435944,
              46.009572
            ],
            [
              5.436519,
              46.011267
            ],
            [
              5.436629,
              46.011653
            ],
            [
              5.43677,
              46.012239
            ],
            [
              5.435123,
              46.014171
            ],
            [
              5.433133,
              46.017171
            ],
            [
              5.427869,
              46.020812
            ],
            [
              5.432423,
              46.028145
            ],
            [
              5.433487,
              46.028067
            ],
            [
              5.437229,
              46.027036
            ],
            [
              5.438552,
              46.026121
            ],
            [
              5.43921,
              46.025975
            ],
            [
              5.441753,
              46.025
            ],
            [
              5.444425,
              46.023147
            ],
            [
              5.44545,
              46.022827
            ],
            [
              5.445908,
              46.022768
            ],
            [
              5.446832,
              46.022732
            ],
            [
              5.44999,
              46.022049
            ],
            [
              5.452402,
              46.021708
            ],
            [
              5.457812,
              46.017577
            ],
            [
              5.460933,
              46.016255
            ],
            [
              5.462154,
              46.016312
            ],
            [
              5.462947,
              46.016456
            ],
            [
              5.463523,
              46.01665
            ],
            [
              5.466875,
              46.017536
            ],
            [
              5.467424,
              46.017619
            ],
            [
              5.467549,
              46.017718
            ],
            [
              5.468552,
              46.019249
            ],
            [
              5.470987,
              46.024098
            ],
            [
              5.470676,
              46.024422
            ],
            [
              5.470287,
              46.024735
            ],
            [
              5.469199,
              46.02515
            ],
            [
              5.468911,
              46.025285
            ],
            [
              5.463396,
              46.029863
            ],
            [
              5.463248,
              46.030025
            ],
            [
              5.463856,
              46.03887
            ],
            [
              5.467802,
              46.041274
            ],
            [
              5.46861,
              46.041654
            ],
            [
              5.471157,
              46.043258
            ],
            [
              5.471861,
              46.046789
            ],
            [
              5.46618,
              46.052976
            ],
            [
              5.465964,
              46.053876
            ],
            [
              5.465583,
              46.054524
            ],
            [
              5.464785,
              46.055898
            ],
            [
              5.463221,
              46.061272
            ],
            [
              5.463441,
              46.064866
            ],
            [
              5.462844,
              46.064902
            ],
            [
              5.462476,
              46.064909
            ],
            [
              5.461472,
              46.064815
            ],
            [
              5.45652,
              46.065896
            ],
            [
              5.457712,
              46.074509
            ],
            [
              5.458297,
              46.074769
            ],
            [
              5.458971,
              46.07512
            ],
            [
              5.459971,
              46.075647
            ],
            [
              5.461335,
              46.076065
            ],
            [
              5.46509,
              46.076367
            ],
            [
              5.467621,
              46.075742
            ],
            [
              5.470938,
              46.073754
            ],
            [
              5.472814,
              46.073805
            ],
            [
              5.476556,
              46.072849
            ],
            [
              5.480866,
              46.069106
            ],
            [
              5.481639,
              46.0692
            ],
            [
              5.483857,
              46.069385
            ],
            [
              5.484234,
              46.071465
            ],
            [
              5.484543,
              46.073479
            ],
            [
              5.484349,
              46.073682
            ],
            [
              5.480183,
              46.075161
            ],
            [
              5.475939,
              46.077875
            ],
            [
              5.475611,
              46.078002
            ],
            [
              5.47485,
              46.078253
            ],
            [
              5.469817,
              46.082318
            ],
            [
              5.468735,
              46.084944
            ],
            [
              5.468564,
              46.08537
            ],
            [
              5.466872,
              46.087151
            ],
            [
              5.466559,
              46.087495
            ],
            [
              5.465572,
              46.088755
            ],
            [
              5.464775,
              46.088837
            ],
            [
              5.462244,
              46.09727
            ],
            [
              5.462631,
              46.097666
            ],
            [
              5.462818,
              46.097937
            ],
            [
              5.463081,
              46.098395
            ],
            [
              5.463364,
              46.09899
            ],
            [
              5.46334,
              46.107746
            ],
            [
              5.463873,
              46.108152
            ],
            [
              5.464676,
              46.108818
            ],
            [
              5.467219,
              46.111085
            ],
            [
              5.475136,
              46.112183
            ],
            [
              5.476259,
              46.111685
            ],
            [
              5.477049,
              46.111359
            ],
            [
              5.478114,
              46.110979
            ],
            [
              5.479007,
              46.110736
            ],
            [
              5.479767,
              46.110576
            ],
            [
              5.480552,
              46.110458
            ],
            [
              5.481373,
              46.110381
            ],
            [
              5.482362,
              46.110345
            ],
            [
              5.483128,
              46.110365
            ],
            [
              5.484034,
              46.110439
            ],
            [
              5.48475,
              46.110537
            ],
            [
              5.485455,
              46.110671
            ],
            [
              5.48635,
              46.110894
            ],
            [
              5.487226,
              46.111178
            ],
            [
              5.488667,
              46.111804
            ],
            [
              5.489093,
              46.112038
            ],
            [
              5.489779,
              46.112466
            ],
            [
              5.493474,
              46.114515
            ],
            [
              5.495356,
              46.115714
            ],
            [
              5.502497,
              46.115584
            ],
            [
              5.5027,
              46.115681
            ],
            [
              5.503058,
              46.115896
            ],
            [
              5.507756,
              46.118694
            ],
            [
              5.508699,
              46.119084
            ],
            [
              5.509228,
              46.119438
            ],
            [
              5.511041,
              46.120934
            ],
            [
              5.512779,
              46.122372
            ],
            [
              5.520545,
              46.124109
            ],
            [
              5.52392,
              46.120593
            ],
            [
              5.528089,
              46.112778
            ],
            [
              5.527537,
              46.11143
            ],
            [
              5.527064,
              46.110672
            ],
            [
              5.530054,
              46.108667
            ],
            [
              5.530351,
              46.10911
            ],
            [
              5.530656,
              46.109631
            ],
            [
              5.531563,
              46.111622
            ],
            [
              5.532554,
              46.113103
            ],
            [
              5.533175,
              46.11397
            ],
            [
              5.53365,
              46.114839
            ],
            [
              5.54124,
              46.117508
            ],
            [
              5.543611,
              46.113294
            ],
            [
              5.54559,
              46.110287
            ],
            [
              5.544427,
              46.102964
            ],
            [
              5.543948,
              46.102317
            ],
            [
              5.543589,
              46.101707
            ],
            [
              5.543209,
              46.100915
            ],
            [
              5.543014,
              46.100267
            ],
            [
              5.543025,
              46.09865
            ],
            [
              5.543095,
              46.098177
            ],
            [
              5.544511,
              46.09714
            ],
            [
              5.544814,
              46.09709
            ],
            [
              5.546656,
              46.098709
            ],
            [
              5.550926,
              46.103859
            ],
            [
              5.552358,
              46.104884
            ],
            [
              5.555487,
              46.106504
            ],
            [
              5.556887,
              46.107942
            ],
            [
              5.56524,
              46.107571
            ],
            [
              5.56562,
              46.107222
            ],
            [
              5.56925,
              46.102873
            ],
            [
              5.569719,
              46.102363
            ],
            [
              5.570143,
              46.102109
            ],
            [
              5.573193,
              46.100164
            ],
            [
              5.573773,
              46.09987
            ],
            [
              5.574251,
              46.099763
            ],
            [
              5.574727,
              46.099742
            ],
            [
              5.575899,
              46.099792
            ],
            [
              5.575841,
              46.103392
            ],
            [
              5.579881,
              46.1111
            ],
            [
              5.580135,
              46.112982
            ],
            [
              5.579215,
              46.119188
            ],
            [
              5.583404,
              46.126343
            ],
            [
              5.584557,
              46.126813
            ],
            [
              5.585659,
              46.127332
            ],
            [
              5.589159,
              46.128938
            ],
            [
              5.592659,
              46.130545
            ],
            [
              5.596159,
              46.132151
            ],
            [
              5.599659,
              46.133758
            ],
            [
              5.60316,
              46.135364
            ],
            [
              5.606588,
              46.13694
            ],
            [
              5.608315,
              46.137644
            ],
            [
              5.609583,
              46.138137
            ],
            [
              5.610707,
              46.138534
            ],
            [
              5.613841,
              46.139514
            ],
            [
              5.622375,
              46.140145
            ],
            [
              5.623533,
              46.139889
            ],
            [
              5.624209,
              46.13977
            ],
            [
              5.62471,
              46.139713
            ],
            [
              5.625319,
              46.139675
            ],
            [
              5.626098,
              46.139683
            ],
            [
              5.626689,
              46.13973
            ],
            [
              5.627246,
              46.139807
            ],
            [
              5.627817,
              46.139924
            ],
            [
              5.628578,
              46.140137
            ],
            [
              5.629319,
              46.140414
            ],
            [
              5.629802,
              46.140641
            ],
            [
              5.630368,
              46.140961
            ],
            [
              5.63081,
              46.141261
            ],
            [
              5.631209,
              46.141575
            ],
            [
              5.638496,
              46.146683
            ],
            [
              5.639315,
              46.147215
            ],
            [
              5.640212,
              46.14788
            ],
            [
              5.643977,
              46.150394
            ],
            [
              5.649501,
              46.15269
            ],
            [
              5.65003,
              46.152839
            ],
            [
              5.65049,
              46.153047
            ],
            [
              5.650993,
              46.153352
            ],
            [
              5.651602,
              46.153811
            ],
            [
              5.652961,
              46.154953
            ],
            [
              5.653078,
              46.155084
            ],
            [
              5.659756,
              46.160482
            ],
            [
              5.660667,
              46.160674
            ],
            [
              5.663037,
              46.161246
            ],
            [
              5.665407,
              46.161818
            ],
            [
              5.667777,
              46.162391
            ],
            [
              5.670172,
              46.162969
            ],
            [
              5.671258,
              46.163249
            ],
            [
              5.671962,
              46.163462
            ],
            [
              5.672676,
              46.163714
            ],
            [
              5.673027,
              46.163859
            ],
            [
              5.673539,
              46.164098
            ],
            [
              5.67409,
              46.164402
            ],
            [
              5.67469,
              46.164806
            ],
            [
              5.675,
              46.165052
            ],
            [
              5.676785,
              46.16708
            ],
            [
              5.677688,
              46.168215
            ],
            [
              5.674929,
              46.170527
            ],
            [
              5.674633,
              46.170174
            ],
            [
              5.666932,
              46.16589
            ],
            [
              5.664562,
              46.165318
            ],
            [
              5.662192,
              46.164746
            ],
            [
              5.655915,
              46.16377
            ],
            [
              5.655182,
              46.1637
            ],
            [
              5.654231,
              46.163539
            ],
            [
              5.653667,
              46.163403
            ],
            [
              5.652956,
              46.163164
            ],
            [
              5.652571,
              46.163004
            ],
            [
              5.64944,
              46.161669
            ],
            [
              5.649126,
              46.161463
            ],
            [
              5.647056,
              46.15995
            ],
            [
              5.646546,
              46.159487
            ],
            [
              5.642003,
              46.153404
            ],
            [
              5.64063,
              46.152626
            ],
            [
              5.640037,
              46.152268
            ],
            [
              5.639221,
              46.1517
            ],
            [
              5.635687,
              46.149236
            ],
            [
              5.63281,
              46.147658
            ],
            [
              5.631868,
              46.147006
            ],
            [
              5.630857,
              46.146169
            ],
            [
              5.623158,
              46.143659
            ],
            [
              5.621741,
              46.144001
            ],
            [
              5.621061,
              46.144133
            ],
            [
              5.620337,
              46.144231
            ],
            [
              5.61995,
              46.144262
            ],
            [
              5.619296,
              46.144272
            ],
            [
              5.618675,
              46.144248
            ],
            [
              5.618245,
              46.144212
            ],
            [
              5.617533,
              46.14412
            ],
            [
              5.616042,
              46.143837
            ],
            [
              5.614895,
              46.143579
            ],
            [
              5.613711,
              46.143247
            ],
            [
              5.612757,
              46.142946
            ],
            [
              5.609634,
              46.14197
            ],
            [
              5.608387,
              46.141532
            ],
            [
              5.607013,
              46.141
            ],
            [
              5.60523,
              46.140274
            ],
            [
              5.601658,
              46.138636
            ],
            [
              5.598158,
              46.13703
            ],
            [
              5.594658,
              46.135423
            ],
            [
              5.591158,
              46.133816
            ],
            [
              5.587657,
              46.13221
            ],
            [
              5.584157,
              46.130603
            ],
            [
              5.583026,
              46.130072
            ],
            [
              5.582052,
              46.12968
            ],
            [
              5.581128,
              46.12937
            ],
            [
              5.580243,
              46.12913
            ],
            [
              5.579544,
              46.128982
            ],
            [
              5.578625,
              46.128872
            ],
            [
              5.57455,
              46.129462
            ],
            [
              5.569835,
              46.13612
            ],
            [
              5.569651,
              46.136698
            ],
            [
              5.568695,
              46.137108
            ],
            [
              5.567684,
              46.13689
            ],
            [
              5.562499,
              46.143921
            ],
            [
              5.56403,
              46.150196
            ],
            [
              5.564786,
              46.151186
            ],
            [
              5.569443,
              46.155887
            ],
            [
              5.570897,
              46.157905
            ],
            [
              5.571239,
              46.158337
            ],
            [
              5.571524,
              46.158768
            ],
            [
              5.57165,
              46.158997
            ],
            [
              5.56849,
              46.160722
            ],
            [
              5.561284,
              46.165882
            ],
            [
              5.561604,
              46.166534
            ],
            [
              5.561877,
              46.167193
            ],
            [
              5.570305,
              46.169648
            ],
            [
              5.573053,
              46.1697
            ],
            [
              5.573381,
              46.16975
            ],
            [
              5.57472,
              46.170049
            ],
            [
              5.574769,
              46.170077
            ],
            [
              5.57489,
              46.172093
            ],
            [
              5.574918,
              46.173034
            ],
            [
              5.571772,
              46.176015
            ],
            [
              5.570801,
              46.184754
            ],
            [
              5.574357,
              46.188008
            ],
            [
              5.575074,
              46.188367
            ],
            [
              5.575539,
              46.188654
            ],
            [
              5.576445,
              46.189306
            ],
            [
              5.577262,
              46.189957
            ],
            [
              5.577758,
              46.190385
            ],
            [
              5.582526,
              46.193142
            ],
            [
              5.583369,
              46.193445
            ],
            [
              5.583786,
              46.193625
            ],
            [
              5.584487,
              46.193991
            ],
            [
              5.585092,
              46.194384
            ],
            [
              5.589816,
              46.197258
            ],
            [
              5.59032,
              46.19751
            ],
            [
              5.591149,
              46.197973
            ],
            [
              5.591857,
              46.198426
            ],
            [
              5.592283,
              46.198731
            ],
            [
              5.593079,
              46.199366
            ],
            [
              5.593462,
              46.199715
            ],
            [
              5.594092,
              46.200362
            ],
            [
              5.594367,
              46.200686
            ],
            [
              5.594677,
              46.201073
            ],
            [
              5.598711,
              46.205395
            ],
            [
              5.603131,
              46.209844
            ],
            [
              5.603493,
              46.210173
            ],
            [
              5.604154,
              46.210831
            ],
            [
              5.604557,
              46.211284
            ],
            [
              5.609993,
              46.216638
            ],
            [
              5.610709,
              46.217223
            ],
            [
              5.608431,
              46.220011
            ],
            [
              5.606319,
              46.218415
            ],
            [
              5.605678,
              46.217925
            ],
            [
              5.604745,
              46.217123
            ],
            [
              5.603766,
              46.216105
            ],
            [
              5.598449,
              46.21053
            ],
            [
              5.597747,
              46.209789
            ],
            [
              5.593989,
              46.20591
            ],
            [
              5.593731,
              46.205647
            ],
            [
              5.593326,
              46.205203
            ],
            [
              5.586291,
              46.19961
            ],
            [
              5.585629,
              46.199258
            ],
            [
              5.584997,
              46.198876
            ],
            [
              5.578142,
              46.195392
            ],
            [
              5.577746,
              46.195157
            ],
            [
              5.577147,
              46.194722
            ],
            [
              5.57654,
              46.194196
            ],
            [
              5.568788,
              46.190462
            ],
            [
              5.568327,
              46.190352
            ],
            [
              5.567897,
              46.190214
            ],
            [
              5.567215,
              46.189941
            ],
            [
              5.566704,
              46.189688
            ],
            [
              5.566243,
              46.189414
            ],
            [
              5.565605,
              46.18895
            ],
            [
              5.56525,
              46.188634
            ],
            [
              5.565002,
              46.188383
            ],
            [
              5.563153,
              46.186731
            ],
            [
              5.562812,
              46.186109
            ],
            [
              5.561343,
              46.184099
            ],
            [
              5.560846,
              46.18358
            ],
            [
              5.56023,
              46.182822
            ],
            [
              5.559236,
              46.181781
            ],
            [
              5.558611,
              46.181348
            ],
            [
              5.550895,
              46.185561
            ],
            [
              5.55074,
              46.186631
            ],
            [
              5.54896,
              46.187364
            ],
            [
              5.548883,
              46.187373
            ],
            [
              5.546924,
              46.187333
            ],
            [
              5.544185,
              46.184998
            ],
            [
              5.53784,
              46.184847
            ],
            [
              5.535431,
              46.185594
            ],
            [
              5.534817,
              46.185798
            ],
            [
              5.533682,
              46.182381
            ],
            [
              5.534296,
              46.182178
            ],
            [
              5.536774,
              46.181409
            ],
            [
              5.539218,
              46.180651
            ],
            [
              5.54075,
              46.180158
            ],
            [
              5.548296,
              46.176182
            ],
            [
              5.548619,
              46.176091
            ],
            [
              5.548909,
              46.17603
            ],
            [
              5.551927,
              46.176639
            ],
            [
              5.558793,
              46.1714
            ],
            [
              5.558827,
              46.170718
            ],
            [
              5.558518,
              46.168843
            ],
            [
              5.557784,
              46.167245
            ],
            [
              5.557525,
              46.166839
            ],
            [
              5.557212,
              46.166406
            ],
            [
              5.55693,
              46.16605
            ],
            [
              5.556292,
              46.16536
            ],
            [
              5.555403,
              46.164579
            ],
            [
              5.554897,
              46.164189
            ],
            [
              5.554366,
              46.16382
            ],
            [
              5.553691,
              46.163382
            ],
            [
              5.551564,
              46.162077
            ],
            [
              5.550452,
              46.161313
            ],
            [
              5.549964,
              46.160956
            ],
            [
              5.549156,
              46.160283
            ],
            [
              5.548494,
              46.159648
            ],
            [
              5.548147,
              46.159282
            ],
            [
              5.547559,
              46.158594
            ],
            [
              5.547111,
              46.157999
            ],
            [
              5.546697,
              46.157373
            ],
            [
              5.546412,
              46.156897
            ],
            [
              5.54582,
              46.155315
            ],
            [
              5.545522,
              46.15437
            ],
            [
              5.545383,
              46.153799
            ],
            [
              5.541408,
              46.14675
            ],
            [
              5.540523,
              46.145629
            ],
            [
              5.539424,
              46.144061
            ],
            [
              5.533112,
              46.139523
            ],
            [
              5.528791,
              46.144761
            ],
            [
              5.528628,
              46.145479
            ],
            [
              5.528295,
              46.146139
            ],
            [
              5.527512,
              46.147987
            ],
            [
              5.526704,
              46.148966
            ],
            [
              5.525695,
              46.149653
            ],
            [
              5.52274,
              46.150319
            ],
            [
              5.52136,
              46.150541
            ],
            [
              5.519047,
              46.150825
            ],
            [
              5.518609,
              46.147252
            ],
            [
              5.520498,
              46.139122
            ],
            [
              5.516483,
              46.132962
            ],
            [
              5.513652,
              46.13265
            ],
            [
              5.513144,
              46.132725
            ],
            [
              5.50975,
              46.132483
            ],
            [
              5.50881,
              46.132386
            ],
            [
              5.507944,
              46.13226
            ],
            [
              5.507063,
              46.132093
            ],
            [
              5.506357,
              46.131926
            ],
            [
              5.505779,
              46.131771
            ],
            [
              5.505186,
              46.131587
            ],
            [
              5.504479,
              46.131339
            ],
            [
              5.503889,
              46.131106
            ],
            [
              5.503219,
              46.130807
            ],
            [
              5.502604,
              46.130496
            ],
            [
              5.501911,
              46.130103
            ],
            [
              5.501119,
              46.129602
            ],
            [
              5.500369,
              46.129042
            ],
            [
              5.499681,
              46.128454
            ],
            [
              5.499072,
              46.127856
            ],
            [
              5.498652,
              46.127393
            ],
            [
              5.497085,
              46.125542
            ],
            [
              5.489267,
              46.121767
            ],
            [
              5.487553,
              46.119766
            ],
            [
              5.480761,
              46.114185
            ],
            [
              5.480155,
              46.114296
            ],
            [
              5.47952,
              46.11445
            ],
            [
              5.479284,
              46.114519
            ],
            [
              5.478504,
              46.114796
            ],
            [
              5.476708,
              46.115569
            ],
            [
              5.475882,
              46.115902
            ],
            [
              5.475196,
              46.116141
            ],
            [
              5.47481,
              46.116253
            ],
            [
              5.474002,
              46.116444
            ],
            [
              5.473444,
              46.116537
            ],
            [
              5.472885,
              46.116601
            ],
            [
              5.472227,
              46.11664
            ],
            [
              5.471427,
              46.116635
            ],
            [
              5.470834,
              46.116593
            ],
            [
              5.470223,
              46.116518
            ],
            [
              5.469805,
              46.116445
            ],
            [
              5.469178,
              46.116305
            ],
            [
              5.468462,
              46.116092
            ],
            [
              5.468046,
              46.11594
            ],
            [
              5.467371,
              46.115647
            ],
            [
              5.458861,
              46.118312
            ],
            [
              5.455607,
              46.119853
            ],
            [
              5.454826,
              46.118203
            ],
            [
              5.453042,
              46.115686
            ],
            [
              5.445625,
              46.111379
            ],
            [
              5.443676,
              46.108352
            ],
            [
              5.439936,
              46.104437
            ],
            [
              5.432921,
              46.106273
            ],
            [
              5.430603,
              46.108977
            ],
            [
              5.430416,
              46.109042
            ],
            [
              5.426191,
              46.115186
            ],
            [
              5.430074,
              46.118762
            ],
            [
              5.430642,
              46.118865
            ],
            [
              5.431214,
              46.119039
            ],
            [
              5.4326,
              46.119496
            ],
            [
              5.433144,
              46.1196
            ],
            [
              5.433734,
              46.11977
            ],
            [
              5.434405,
              46.120048
            ],
            [
              5.435113,
              46.120549
            ],
            [
              5.436935,
              46.121717
            ],
            [
              5.437457,
              46.122063
            ],
            [
              5.437801,
              46.122421
            ],
            [
              5.438253,
              46.123029
            ],
            [
              5.438757,
              46.124049
            ],
            [
              5.439211,
              46.124935
            ],
            [
              5.439693,
              46.12568
            ],
            [
              5.439937,
              46.126259
            ],
            [
              5.440042,
              46.126748
            ],
            [
              5.440503,
              46.128491
            ],
            [
              5.440578,
              46.129707
            ],
            [
              5.440369,
              46.131661
            ],
            [
              5.439028,
              46.13346
            ],
            [
              5.438499,
              46.13405
            ],
            [
              5.435235,
              46.135818
            ],
            [
              5.435102,
              46.135901
            ],
            [
              5.434933,
              46.135975
            ],
            [
              5.434223,
              46.136051
            ],
            [
              5.432689,
              46.135163
            ],
            [
              5.432669,
              46.134725
            ],
            [
              5.432709,
              46.134105
            ],
            [
              5.433189,
              46.132852
            ],
            [
              5.434305,
              46.130776
            ],
            [
              5.434987,
              46.128516
            ],
            [
              5.428345,
              46.122963
            ],
            [
              5.42766,
              46.123153
            ],
            [
              5.427005,
              46.123256
            ],
            [
              5.426068,
              46.123314
            ],
            [
              5.425191,
              46.123307
            ],
            [
              5.424467,
              46.123235
            ],
            [
              5.423459,
              46.121594
            ],
            [
              5.423181,
              46.120291
            ],
            [
              5.417209,
              46.116078
            ],
            [
              5.414439,
              46.124311
            ],
            [
              5.414557,
              46.124467
            ],
            [
              5.414589,
              46.124508
            ],
            [
              5.414783,
              46.124748
            ],
            [
              5.412512,
              46.127576
            ],
            [
              5.409113,
              46.135798
            ],
            [
              5.411473,
              46.140012
            ],
            [
              5.413042,
              46.142767
            ],
            [
              5.417176,
              46.145751
            ],
            [
              5.423517,
              46.144156
            ],
            [
              5.424048,
              46.144311
            ],
            [
              5.424309,
              46.144521
            ],
            [
              5.424495,
              46.144708
            ],
            [
              5.426517,
              46.146148
            ],
            [
              5.428357,
              46.151294
            ],
            [
              5.425717,
              46.153735
            ],
            [
              5.418556,
              46.158829
            ],
            [
              5.415431,
              46.159756
            ],
            [
              5.415259,
              46.159421
            ],
            [
              5.415038,
              46.158546
            ],
            [
              5.413409,
              46.154628
            ],
            [
              5.408709,
              46.147269
            ],
            [
              5.408371,
              46.147022
            ],
            [
              5.403726,
              46.144544
            ],
            [
              5.396396,
              46.148113
            ],
            [
              5.397521,
              46.154536
            ],
            [
              5.397578,
              46.1557
            ],
            [
              5.397414,
              46.15614
            ],
            [
              5.399956,
              46.163704
            ],
            [
              5.401388,
              46.164405
            ],
            [
              5.402154,
              46.165085
            ],
            [
              5.402494,
              46.165662
            ],
            [
              5.402725,
              46.166523
            ],
            [
              5.403341,
              46.168512
            ],
            [
              5.402365,
              46.171977
            ],
            [
              5.397658,
              46.173246
            ],
            [
              5.394066,
              46.173486
            ],
            [
              5.394023,
              46.172836
            ],
            [
              5.393803,
              46.170518
            ],
            [
              5.393528,
              46.168374
            ],
            [
              5.39333,
              46.167029
            ],
            [
              5.38584,
              46.162832
            ],
            [
              5.384206,
              46.159625
            ],
            [
              5.385481,
              46.15753
            ],
            [
              5.389786,
              46.150746
            ],
            [
              5.38577,
              46.146836
            ],
            [
              5.381092,
              46.145388
            ],
            [
              5.374924,
              46.14364
            ],
            [
              5.372628,
              46.143648
            ],
            [
              5.372165,
              46.143697
            ],
            [
              5.371832,
              46.143686
            ],
            [
              5.369752,
              46.1436
            ],
            [
              5.366376,
              46.143923
            ],
            [
              5.362589,
              46.145101
            ],
            [
              5.358764,
              46.145255
            ],
            [
              5.35623,
              46.145105
            ],
            [
              5.349849,
              46.146494
            ],
            [
              5.344012,
              46.149902
            ],
            [
              5.343453,
              46.153458
            ],
            [
              5.350445,
              46.157473
            ],
            [
              5.35146,
              46.157366
            ],
            [
              5.351833,
              46.157468
            ],
            [
              5.352946,
              46.157896
            ],
            [
              5.352802,
              46.160195
            ],
            [
              5.351655,
              46.161256
            ],
            [
              5.350225,
              46.162241
            ],
            [
              5.347594,
              46.163946
            ],
            [
              5.346362,
              46.164553
            ],
            [
              5.343446,
              46.163236
            ],
            [
              5.336663,
              46.166284
            ],
            [
              5.335985,
              46.166874
            ],
            [
              5.329052,
              46.171847
            ],
            [
              5.328544,
              46.172647
            ],
            [
              5.327786,
              46.174151
            ],
            [
              5.327513,
              46.174516
            ],
            [
              5.325319,
              46.176281
            ],
            [
              5.325202,
              46.176274
            ],
            [
              5.317095,
              46.178754
            ],
            [
              5.31427,
              46.182714
            ],
            [
              5.314239,
              46.182763
            ],
            [
              5.31119,
              46.188179
            ],
            [
              5.3106,
              46.19173
            ],
            [
              5.308737,
              46.191617
            ],
            [
              5.307162,
              46.191148
            ],
            [
              5.306486,
              46.191036
            ],
            [
              5.302246,
              46.189303
            ],
            [
              5.297398,
              46.193978
            ],
            [
              5.297323,
              46.19544
            ],
            [
              5.297316,
              46.197377
            ],
            [
              5.297307,
              46.200283
            ],
            [
              5.297303,
              46.203022
            ],
            [
              5.297433,
              46.203843
            ],
            [
              5.297428,
              46.204005
            ],
            [
              5.297297,
              46.205837
            ],
            [
              5.297227,
              46.20744
            ],
            [
              5.297164,
              46.208234
            ],
            [
              5.2967,
              46.211558
            ],
            [
              5.296447,
              46.212747
            ],
            [
              5.296221,
              46.213676
            ],
            [
              5.295986,
              46.214521
            ],
            [
              5.295406,
              46.216365
            ],
            [
              5.298247,
              46.224364
            ],
            [
              5.300551,
              46.22713
            ],
            [
              5.299925,
              46.227651
            ],
            [
              5.298617,
              46.228222
            ],
            [
              5.297227,
              46.229292
            ],
            [
              5.295186,
              46.231451
            ],
            [
              5.296242,
              46.238706
            ],
            [
              5.301466,
              46.239784
            ],
            [
              5.304129,
              46.239396
            ],
            [
              5.304337,
              46.239394
            ],
            [
              5.305951,
              46.2392
            ],
            [
              5.307308,
              46.238765
            ],
            [
              5.310733,
              46.237752
            ],
            [
              5.313443,
              46.237113
            ],
            [
              5.320783,
              46.240974
            ],
            [
              5.322041,
              46.241069
            ],
            [
              5.322354,
              46.24113
            ],
            [
              5.324173,
              46.242186
            ],
            [
              5.327663,
              46.247301
            ],
            [
              5.332671,
              46.247823
            ],
            [
              5.33526,
              46.248077
            ],
            [
              5.336289,
              46.251527
            ],
            [
              5.335792,
              46.251675
            ],
            [
              5.332982,
              46.252535
            ],
            [
              5.3274,
              46.255348
            ],
            [
              5.325598,
              46.255603
            ],
            [
              5.318754,
              46.254909
            ],
            [
              5.314597,
              46.254323
            ],
            [
              5.311403,
              46.252663
            ],
            [
              5.307691,
              46.247189
            ],
            [
              5.302522,
              46.248363
            ],
            [
              5.301281,
              46.249853
            ],
            [
              5.300039,
              46.251344
            ],
            [
              5.294817,
              46.250266
            ],
            [
              5.294668,
              46.250056
            ],
            [
              5.286077,
              46.252726
            ],
            [
              5.288539,
              46.260537
            ],
            [
              5.289042,
              46.260826
            ],
            [
              5.289765,
              46.261376
            ],
            [
              5.287583,
              46.26424
            ],
            [
              5.287746,
              46.271435
            ],
            [
              5.287728,
              46.273808
            ],
            [
              5.286184,
              46.276529
            ],
            [
              5.28599,
              46.276603
            ],
            [
              5.283922,
              46.275631
            ],
            [
              5.280813,
              46.272446
            ],
            [
              5.276381,
              46.270709
            ],
            [
              5.275141,
              46.2694
            ],
            [
              5.274589,
              46.268866
            ],
            [
              5.274198,
              46.267232
            ],
            [
              5.268752,
              46.260457
            ],
            [
              5.265183,
              46.259986
            ],
            [
              5.256645,
              46.258284
            ],
            [
              5.25334,
              46.257684
            ],
            [
              5.246119,
              46.261728
            ],
            [
              5.245851,
              46.262167
            ],
            [
              5.245412,
              46.262978
            ],
            [
              5.24512,
              46.263611
            ],
            [
              5.244966,
              46.263999
            ],
            [
              5.244789,
              46.264477
            ],
            [
              5.244543,
              46.265215
            ],
            [
              5.244188,
              46.266582
            ],
            [
              5.243983,
              46.267589
            ],
            [
              5.243879,
              46.268193
            ],
            [
              5.243643,
              46.26995
            ],
            [
              5.243483,
              46.271857
            ],
            [
              5.243444,
              46.272732
            ],
            [
              5.243425,
              46.273757
            ],
            [
              5.243431,
              46.274498
            ],
            [
              5.243479,
              46.275899
            ],
            [
              5.243596,
              46.277679
            ],
            [
              5.243856,
              46.279585
            ],
            [
              5.244155,
              46.281206
            ],
            [
              5.244415,
              46.282363
            ],
            [
              5.244639,
              46.283235
            ],
            [
              5.244932,
              46.284269
            ],
            [
              5.245266,
              46.285327
            ],
            [
              5.245715,
              46.286616
            ],
            [
              5.246302,
              46.288112
            ],
            [
              5.246741,
              46.289129
            ],
            [
              5.247369,
              46.290465
            ],
            [
              5.247996,
              46.29169
            ],
            [
              5.248758,
              46.293065
            ],
            [
              5.249371,
              46.294096
            ],
            [
              5.250393,
              46.295678
            ],
            [
              5.251743,
              46.297605
            ],
            [
              5.252717,
              46.298907
            ],
            [
              5.253877,
              46.300374
            ],
            [
              5.254719,
              46.301389
            ],
            [
              5.255613,
              46.302428
            ],
            [
              5.25707,
              46.304038
            ],
            [
              5.25829,
              46.305312
            ],
            [
              5.259876,
              46.306891
            ],
            [
              5.261642,
              46.308562
            ],
            [
              5.262864,
              46.309749
            ],
            [
              5.263605,
              46.310507
            ],
            [
              5.264485,
              46.311488
            ],
            [
              5.265421,
              46.312668
            ],
            [
              5.266214,
              46.313798
            ],
            [
              5.267096,
              46.3152
            ],
            [
              5.26818,
              46.317046
            ],
            [
              5.269234,
              46.318842
            ],
            [
              5.269825,
              46.319779
            ],
            [
              5.270938,
              46.321446
            ],
            [
              5.272655,
              46.323999
            ],
            [
              5.275815,
              46.327764
            ],
            [
              5.2767,
              46.328775
            ],
            [
              5.278292,
              46.33071
            ],
            [
              5.279008,
              46.331652
            ],
            [
              5.280707,
              46.333971
            ],
            [
              5.282407,
              46.336289
            ],
            [
              5.284106,
              46.338607
            ],
            [
              5.28584,
              46.340974
            ],
            [
              5.286453,
              46.341876
            ],
            [
              5.286969,
              46.342723
            ],
            [
              5.287302,
              46.343347
            ],
            [
              5.287587,
              46.34394
            ],
            [
              5.287817,
              46.344486
            ],
            [
              5.288198,
              46.345548
            ],
            [
              5.288501,
              46.346688
            ],
            [
              5.288722,
              46.3479
            ],
            [
              5.288988,
              46.350163
            ],
            [
              5.289261,
              46.352513
            ],
            [
              5.289313,
              46.353296
            ],
            [
              5.289328,
              46.353981
            ],
            [
              5.289301,
              46.354788
            ],
            [
              5.289266,
              46.355193
            ],
            [
              5.289193,
              46.35586
            ],
            [
              5.289058,
              46.356683
            ],
            [
              5.288879,
              46.357466
            ],
            [
              5.28874,
              46.357944
            ],
            [
              5.288367,
              46.35899
            ],
            [
              5.284976,
              46.357782
            ],
            [
              5.285412,
              46.350582
            ],
            [
              5.282867,
              46.343005
            ],
            [
              5.281202,
              46.340736
            ],
            [
              5.279503,
              46.338417
            ],
            [
              5.277804,
              46.336099
            ],
            [
              5.276104,
              46.333781
            ],
            [
              5.273922,
              46.331064
            ],
            [
              5.273108,
              46.330137
            ],
            [
              5.271432,
              46.32829
            ],
            [
              5.270966,
              46.327745
            ],
            [
              5.270408,
              46.327039
            ],
            [
              5.26973,
              46.326096
            ],
            [
              5.267951,
              46.323456
            ],
            [
              5.26683,
              46.321776
            ],
            [
              5.26619,
              46.320764
            ],
            [
              5.265076,
              46.318869
            ],
            [
              5.263992,
              46.317024
            ],
            [
              5.259135,
              46.311146
            ],
            [
              5.257402,
              46.309507
            ],
            [
              5.255743,
              46.307855
            ],
            [
              5.254471,
              46.306529
            ],
            [
              5.252945,
              46.304845
            ],
            [
              5.251991,
              46.303738
            ],
            [
              5.251107,
              46.302673
            ],
            [
              5.249894,
              46.301141
            ],
            [
              5.248861,
              46.299764
            ],
            [
              5.247445,
              46.297743
            ],
            [
              5.246349,
              46.296053
            ],
            [
              5.245665,
              46.294906
            ],
            [
              5.244848,
              46.293438
            ],
            [
              5.244165,
              46.292108
            ],
            [
              5.243484,
              46.290662
            ],
            [
              5.242998,
              46.289542
            ],
            [
              5.242364,
              46.287934
            ],
            [
              5.241867,
              46.286514
            ],
            [
              5.241498,
              46.285349
            ],
            [
              5.241176,
              46.28422
            ],
            [
              5.240929,
              46.28326
            ],
            [
              5.240643,
              46.281999
            ],
            [
              5.240316,
              46.280239
            ],
            [
              5.240029,
              46.278169
            ],
            [
              5.239887,
              46.276139
            ],
            [
              5.239833,
              46.274623
            ],
            [
              5.239825,
              46.273788
            ],
            [
              5.239844,
              46.272669
            ],
            [
              5.239887,
              46.271696
            ],
            [
              5.240055,
              46.269653
            ],
            [
              5.240311,
              46.267717
            ],
            [
              5.240434,
              46.266986
            ],
            [
              5.24066,
              46.265868
            ],
            [
              5.241057,
              46.264317
            ],
            [
              5.234624,
              46.258134
            ],
            [
              5.233625,
              46.258365
            ],
            [
              5.232118,
              46.258739
            ],
            [
              5.23068,
              46.259125
            ],
            [
              5.229236,
              46.25954
            ],
            [
              5.227421,
              46.260104
            ],
            [
              5.22557,
              46.260728
            ],
            [
              5.222793,
              46.261753
            ],
            [
              5.220002,
              46.262784
            ],
            [
              5.218496,
              46.263326
            ],
            [
              5.216955,
              46.263843
            ],
            [
              5.21524,
              46.264354
            ],
            [
              5.213696,
              46.264762
            ],
            [
              5.212733,
              46.264991
            ],
            [
              5.211369,
              46.265281
            ],
            [
              5.209952,
              46.265544
            ],
            [
              5.208795,
              46.265733
            ],
            [
              5.207708,
              46.265889
            ],
            [
              5.20628,
              46.266059
            ],
            [
              5.204958,
              46.266183
            ],
            [
              5.203429,
              46.266291
            ],
            [
              5.201871,
              46.266357
            ],
            [
              5.200085,
              46.266382
            ],
            [
              5.199018,
              46.26637
            ],
            [
              5.198255,
              46.266351
            ],
            [
              5.196996,
              46.266295
            ],
            [
              5.196013,
              46.266233
            ],
            [
              5.193988,
              46.266049
            ],
            [
              5.192576,
              46.265878
            ],
            [
              5.191589,
              46.265739
            ],
            [
              5.190486,
              46.265567
            ],
            [
              5.187809,
              46.265105
            ],
            [
              5.185153,
              46.264647
            ],
            [
              5.182925,
              46.264294
            ],
            [
              5.180614,
              46.263981
            ],
            [
              5.179056,
              46.263805
            ],
            [
              5.176508,
              46.263579
            ],
            [
              5.174064,
              46.263429
            ],
            [
              5.165617,
              46.26449
            ],
            [
              5.165008,
              46.26465
            ],
            [
              5.164472,
              46.264688
            ],
            [
              5.163904,
              46.264622
            ],
            [
              5.155251,
              46.264455
            ],
            [
              5.153099,
              46.264803
            ],
            [
              5.151134,
              46.26515
            ],
            [
              5.14865,
              46.265624
            ],
            [
              5.145821,
              46.266195
            ],
            [
              5.141889,
              46.267016
            ],
            [
              5.13792,
              46.267844
            ],
            [
              5.135238,
              46.268345
            ],
            [
              5.132884,
              46.268718
            ],
            [
              5.131326,
              46.268921
            ],
            [
              5.13046,
              46.269016
            ],
            [
              5.128849,
              46.269162
            ],
            [
              5.127371,
              46.269256
            ],
            [
              5.125803,
              46.269315
            ],
            [
              5.124924,
              46.269333
            ],
            [
              5.122726,
              46.269336
            ],
            [
              5.120394,
              46.269273
            ],
            [
              5.117766,
              46.26914
            ],
            [
              5.115212,
              46.268959
            ],
            [
              5.113916,
              46.26885
            ],
            [
              5.109908,
              46.268466
            ],
            [
              5.105917,
              46.268084
            ],
            [
              5.099727,
              46.267694
            ],
            [
              5.099859,
              46.264096
            ],
            [
              5.101814,
              46.264168
            ],
            [
              5.104383,
              46.264337
            ],
            [
              5.106228,
              46.264497
            ],
            [
              5.110252,
              46.264883
            ],
            [
              5.114259,
              46.265267
            ],
            [
              5.115512,
              46.265371
            ],
            [
              5.11802,
              46.265549
            ],
            [
              5.120576,
              46.265678
            ],
            [
              5.122821,
              46.265737
            ],
            [
              5.124918,
              46.265733
            ],
            [
              5.132418,
              46.265148
            ],
            [
              5.134672,
              46.264789
            ],
            [
              5.137259,
              46.264306
            ],
            [
              5.141153,
              46.263492
            ],
            [
              5.145085,
              46.262671
            ],
            [
              5.147938,
              46.262095
            ],
            [
              5.150458,
              46.261614
            ],
            [
              5.152473,
              46.261258
            ],
            [
              5.154675,
              46.260901
            ],
            [
              5.163374,
              46.258624
            ],
            [
              5.163758,
              46.258512
            ],
            [
              5.166669,
              46.257889
            ],
            [
              5.167135,
              46.257786
            ],
            [
              5.16773,
              46.257696
            ],
            [
              5.16835,
              46.257697
            ],
            [
              5.170379,
              46.257695
            ],
            [
              5.17085,
              46.257684
            ],
            [
              5.178482,
              46.254772
            ],
            [
              5.17983,
              46.253196
            ],
            [
              5.180362,
              46.252558
            ],
            [
              5.181522,
              46.252596
            ],
            [
              5.181875,
              46.252636
            ],
            [
              5.183127,
              46.254863
            ],
            [
              5.188421,
              46.261558
            ],
            [
              5.191098,
              46.26202
            ],
            [
              5.19214,
              46.262181
            ],
            [
              5.193078,
              46.262313
            ],
            [
              5.19442,
              46.262475
            ],
            [
              5.196337,
              46.262648
            ],
            [
              5.19722,
              46.262702
            ],
            [
              5.198413,
              46.262755
            ],
            [
              5.199104,
              46.262771
            ],
            [
              5.200126,
              46.262782
            ],
            [
              5.201819,
              46.262757
            ],
            [
              5.203276,
              46.262694
            ],
            [
              5.204702,
              46.262592
            ],
            [
              5.205943,
              46.262475
            ],
            [
              5.207281,
              46.262315
            ],
            [
              5.208283,
              46.26217
            ],
            [
              5.209368,
              46.261991
            ],
            [
              5.210712,
              46.261742
            ],
            [
              5.211981,
              46.26147
            ],
            [
              5.212861,
              46.26126
            ],
            [
              5.21432,
              46.260873
            ],
            [
              5.215926,
              46.260394
            ],
            [
              5.217347,
              46.259914
            ],
            [
              5.218784,
              46.259397
            ],
            [
              5.221546,
              46.258376
            ],
            [
              5.224322,
              46.257351
            ],
            [
              5.226271,
              46.256693
            ],
            [
              5.228167,
              46.256103
            ],
            [
              5.229685,
              46.255666
            ],
            [
              5.231183,
              46.255262
            ],
            [
              5.232757,
              46.254871
            ],
            [
              5.233812,
              46.254627
            ],
            [
              5.238965,
              46.250393
            ],
            [
              5.239043,
              46.246794
            ],
            [
              5.239764,
              46.246809
            ],
            [
              5.244692,
              46.244721
            ],
            [
              5.243499,
              46.238408
            ],
            [
              5.242057,
              46.237073
            ],
            [
              5.238112,
              46.235176
            ],
            [
              5.236561,
              46.233944
            ],
            [
              5.229435,
              46.229915
            ],
            [
              5.229312,
              46.229889
            ],
            [
              5.228519,
              46.226759
            ],
            [
              5.230688,
              46.223357
            ],
            [
              5.230995,
              46.222784
            ],
            [
              5.232387,
              46.221686
            ],
            [
              5.23296,
              46.221691
            ],
            [
              5.235398,
              46.221677
            ],
            [
              5.240925,
              46.216209
            ],
            [
              5.239738,
              46.208324
            ],
            [
              5.237581,
              46.206991
            ],
            [
              5.230551,
              46.206303
            ],
            [
              5.229243,
              46.205063
            ],
            [
              5.227811,
              46.203969
            ],
            [
              5.223967,
              46.198569
            ],
            [
              5.220084,
              46.197612
            ],
            [
              5.219384,
              46.196428
            ],
            [
              5.219316,
              46.196141
            ],
            [
              5.219284,
              46.195807
            ],
            [
              5.219319,
              46.193442
            ],
            [
              5.21994,
              46.191124
            ],
            [
              5.21965,
              46.18283
            ],
            [
              5.216425,
              46.178838
            ],
            [
              5.216358,
              46.177631
            ],
            [
              5.216407,
              46.176909
            ],
            [
              5.209864,
              46.171194
            ],
            [
              5.209538,
              46.171207
            ],
            [
              5.208182,
              46.171175
            ],
            [
              5.207143,
              46.171103
            ],
            [
              5.20622,
              46.171065
            ],
            [
              5.205164,
              46.170999
            ],
            [
              5.204193,
              46.169214
            ],
            [
              5.204307,
              46.168964
            ],
            [
              5.204699,
              46.168387
            ],
            [
              5.20539,
              46.167406
            ],
            [
              5.206446,
              46.167472
            ],
            [
              5.207289,
              46.167506
            ],
            [
              5.208427,
              46.167583
            ],
            [
              5.211528,
              46.166731
            ],
            [
              5.213436,
              46.159348
            ],
            [
              5.213054,
              46.157832
            ],
            [
              5.212884,
              46.15579
            ],
            [
              5.213271,
              46.15412
            ],
            [
              5.216869,
              46.154236
            ],
            [
              5.217467,
              46.155461
            ],
            [
              5.221237,
              46.159141
            ],
            [
              5.225131,
              46.162436
            ],
            [
              5.231419,
              46.156816
            ],
            [
              5.23006,
              46.154471
            ],
            [
              5.232541,
              46.146794
            ],
            [
              5.233885,
              46.143455
            ],
            [
              5.236822,
              46.139962
            ],
            [
              5.23357,
              46.13261
            ],
            [
              5.229857,
              46.132
            ],
            [
              5.225841,
              46.127996
            ],
            [
              5.222563,
              46.119949
            ],
            [
              5.21902,
              46.119131
            ],
            [
              5.213994,
              46.123712
            ],
            [
              5.21368,
              46.127298
            ],
            [
              5.212668,
              46.131442
            ],
            [
              5.212855,
              46.132972
            ],
            [
              5.212596,
              46.135458
            ],
            [
              5.212984,
              46.138394
            ],
            [
              5.213224,
              46.140221
            ],
            [
              5.212325,
              46.140411
            ],
            [
              5.210916,
              46.140569
            ],
            [
              5.210464,
              46.140657
            ],
            [
              5.210001,
              46.140699
            ],
            [
              5.209654,
              46.14069
            ],
            [
              5.205496,
              46.136084
            ],
            [
              5.205793,
              46.132496
            ],
            [
              5.204663,
              46.129323
            ],
            [
              5.200503,
              46.124213
            ],
            [
              5.194032,
              46.128206
            ],
            [
              5.19392,
              46.128434
            ],
            [
              5.193127,
              46.131373
            ],
            [
              5.189533,
              46.131166
            ],
            [
              5.183461,
              46.126063
            ],
            [
              5.182334,
              46.122644
            ],
            [
              5.180001,
              46.117829
            ],
            [
              5.179976,
              46.114229
            ],
            [
              5.180613,
              46.109319
            ],
            [
              5.182825,
              46.103938
            ],
            [
              5.178168,
              46.097927
            ],
            [
              5.173555,
              46.095766
            ],
            [
              5.166804,
              46.095221
            ],
            [
              5.16045,
              46.098171
            ],
            [
              5.152355,
              46.101632
            ],
            [
              5.14633,
              46.101644
            ],
            [
              5.143001,
              46.103013
            ],
            [
              5.13917,
              46.106129
            ],
            [
              5.137327,
              46.107425
            ],
            [
              5.131514,
              46.106874
            ],
            [
              5.123756,
              46.108431
            ],
            [
              5.123077,
              46.108676
            ],
            [
              5.119312,
              46.109977
            ],
            [
              5.112864,
              46.109774
            ],
            [
              5.112643,
              46.106181
            ],
            [
              5.112327,
              46.099785
            ],
            [
              5.112137,
              46.098858
            ],
            [
              5.111437,
              46.097171
            ],
            [
              5.103032,
              46.094449
            ],
            [
              5.102189,
              46.094048
            ],
            [
              5.094467,
              46.094696
            ],
            [
              5.092772,
              46.096405
            ],
            [
              5.086828,
              46.102449
            ],
            [
              5.087599,
              46.105965
            ],
            [
              5.085603,
              46.113869
            ],
            [
              5.086812,
              46.118781
            ],
            [
              5.086944,
              46.119189
            ],
            [
              5.085115,
              46.121261
            ],
            [
              5.077368,
              46.123743
            ],
            [
              5.076575,
              46.123744
            ],
            [
              5.071655,
              46.121972
            ],
            [
              5.070207,
              46.118676
            ],
            [
              5.065686,
              46.114646
            ],
            [
              5.064027,
              46.113194
            ],
            [
              5.06191,
              46.10609
            ],
            [
              5.05547,
              46.106843
            ],
            [
              5.05451,
              46.107825
            ],
            [
              5.052953,
              46.108362
            ],
            [
              5.047348,
              46.110236
            ],
            [
              5.04421,
              46.112
            ],
            [
              5.04015,
              46.11038
            ],
            [
              5.036032,
              46.107932
            ],
            [
              5.0311,
              46.112797
            ],
            [
              5.029381,
              46.116693
            ],
            [
              5.02654,
              46.121806
            ],
            [
              5.022999,
              46.12116
            ],
            [
              5.023062,
              46.12081
            ],
            [
              5.023272,
              46.119407
            ],
            [
              5.024136,
              46.11676
            ],
            [
              5.024286,
              46.116061
            ],
            [
              5.02444,
              46.111521
            ],
            [
              5.019687,
              46.10748
            ],
            [
              5.01741,
              46.105484
            ],
            [
              5.013029,
              46.100033
            ],
            [
              5.004223,
              46.101146
            ],
            [
              5.003945,
              46.102204
            ],
            [
              5.004428,
              46.106077
            ],
            [
              5.004481,
              46.107457
            ],
            [
              5.0042,
              46.108595
            ],
            [
              5.000705,
              46.107733
            ],
            [
              4.999991,
              46.103372
            ],
            [
              4.99991,
              46.102999
            ],
            [
              4.992947,
              46.099281
            ],
            [
              4.989854,
              46.102476
            ],
            [
              4.988934,
              46.10352
            ],
            [
              4.988246,
              46.104253
            ],
            [
              4.985726,
              46.106968
            ],
            [
              4.985259,
              46.107338
            ],
            [
              4.984369,
              46.107893
            ],
            [
              4.983781,
              46.108223
            ],
            [
              4.981827,
              46.109319
            ],
            [
              4.98449,
              46.117717
            ],
            [
              4.984896,
              46.119197
            ],
            [
              4.984907,
              46.119486
            ],
            [
              4.984808,
              46.121303
            ],
            [
              4.983772,
              46.122308
            ],
            [
              4.982725,
              46.122171
            ],
            [
              4.978286,
              46.121344
            ],
            [
              4.97573,
              46.121276
            ],
            [
              4.971995,
              46.124374
            ],
            [
              4.974775,
              46.130561
            ],
            [
              4.977069,
              46.137362
            ],
            [
              4.978739,
              46.138819
            ],
            [
              4.979094,
              46.139091
            ],
            [
              4.979381,
              46.139342
            ],
            [
              4.978338,
              46.142193
            ],
            [
              4.977195,
              46.142474
            ],
            [
              4.976591,
              46.141708
            ],
            [
              4.96778,
              46.142495
            ],
            [
              4.963389,
              46.149362
            ],
            [
              4.963734,
              46.152814
            ],
            [
              4.96387,
              46.153965
            ],
            [
              4.960295,
              46.154386
            ],
            [
              4.960159,
              46.153236
            ],
            [
              4.959807,
              46.14972
            ],
            [
              4.953536,
              46.144156
            ],
            [
              4.952231,
              46.14304
            ],
            [
              4.947431,
              46.139935
            ],
            [
              4.938752,
              46.1382
            ],
            [
              4.93792,
              46.138193
            ],
            [
              4.929132,
              46.139823
            ],
            [
              4.927609,
              46.144205
            ],
            [
              4.927445,
              46.144937
            ],
            [
              4.927292,
              46.14531
            ],
            [
              4.926992,
              46.145878
            ],
            [
              4.926526,
              46.146581
            ],
            [
              4.926074,
              46.147114
            ],
            [
              4.923329,
              46.144785
            ],
            [
              4.916302,
              46.142653
            ],
            [
              4.912862,
              46.149557
            ],
            [
              4.910079,
              46.15184
            ],
            [
              4.904594,
              46.158219
            ],
            [
              4.904243,
              46.159658
            ],
            [
              4.903915,
              46.160307
            ],
            [
              4.903498,
              46.160882
            ],
            [
              4.902913,
              46.161642
            ],
            [
              4.90006,
              46.159446
            ],
            [
              4.901077,
              46.157448
            ],
            [
              4.901391,
              46.156334
            ],
            [
              4.902291,
              46.154401
            ],
            [
              4.900895,
              46.146948
            ],
            [
              4.897479,
              46.145812
            ],
            [
              4.894051,
              46.145359
            ],
            [
              4.89035,
              46.14668
            ],
            [
              4.889723,
              46.147064
            ],
            [
              4.889233,
              46.147306
            ],
            [
              4.888723,
              46.147502
            ],
            [
              4.88814,
              46.147645
            ],
            [
              4.887306,
              46.147759
            ],
            [
              4.885369,
              46.147976
            ],
            [
              4.884969,
              46.144398
            ],
            [
              4.886595,
              46.136893
            ],
            [
              4.879487,
              46.134948
            ],
            [
              4.876984,
              46.137535
            ],
            [
              4.87445,
              46.14343
            ],
            [
              4.873563,
              46.147722
            ],
            [
              4.872964,
              46.150157
            ],
            [
              4.872516,
              46.150297
            ],
            [
              4.864445,
              46.152643
            ],
            [
              4.863391,
              46.152733
            ],
            [
              4.862891,
              46.152796
            ],
            [
              4.862547,
              46.152822
            ],
            [
              4.855593,
              46.149507
            ],
            [
              4.85372,
              46.15012
            ],
            [
              4.851201,
              46.158165
            ],
            [
              4.851431,
              46.159334
            ],
            [
              4.851937,
              46.161689
            ],
            [
              4.855324,
              46.168403
            ],
            [
              4.856161,
              46.171904
            ],
            [
              4.853718,
              46.172672
            ],
            [
              4.849966,
              46.17528
            ],
            [
              4.849041,
              46.176619
            ],
            [
              4.853091,
              46.184363
            ],
            [
              4.853832,
              46.187886
            ],
            [
              4.849641,
              46.189024
            ],
            [
              4.849251,
              46.189115
            ],
            [
              4.840988,
              46.191283
            ],
            [
              4.837866,
              46.193076
            ],
            [
              4.834435,
              46.19242
            ],
            [
              4.829525,
              46.196529
            ],
            [
              4.826428,
              46.198364
            ],
            [
              4.825503,
              46.19727
            ],
            [
              4.816786,
              46.196154
            ],
            [
              4.816686,
              46.196181
            ],
            [
              4.813252,
              46.192848
            ],
            [
              4.805296,
              46.192802
            ],
            [
              4.7967,
              46.193758
            ],
            [
              4.795624,
              46.19393
            ],
            [
              4.787678,
              46.194384
            ],
            [
              4.783545,
              46.201721
            ],
            [
              4.784292,
              46.20648
            ],
            [
              4.785116,
              46.20818
            ],
            [
              4.786154,
              46.21032
            ],
            [
              4.787607,
              46.21332
            ],
            [
              4.789635,
              46.216803
            ],
            [
              4.790335,
              46.218236
            ],
            [
              4.790434,
              46.218594
            ],
            [
              4.791506,
              46.221437
            ],
            [
              4.792279,
              46.22317
            ],
            [
              4.793068,
              46.224939
            ],
            [
              4.794311,
              46.227898
            ],
            [
              4.796591,
              46.233331
            ],
            [
              4.797799,
              46.236209
            ],
            [
              4.799056,
              46.239244
            ],
            [
              4.799689,
              46.240959
            ],
            [
              4.800017,
              46.241992
            ],
            [
              4.800174,
              46.242557
            ],
            [
              4.800353,
              46.243268
            ],
            [
              4.800576,
              46.244437
            ],
            [
              4.800703,
              46.24546
            ],
            [
              4.800764,
              46.246446
            ],
            [
              4.800766,
              46.247446
            ],
            [
              4.800697,
              46.248471
            ],
            [
              4.800569,
              46.249482
            ],
            [
              4.800413,
              46.25031
            ],
            [
              4.800146,
              46.251415
            ],
            [
              4.801135,
              46.25781
            ],
            [
              4.807938,
              46.260791
            ],
            [
              4.811004,
              46.260653
            ],
            [
              4.816291,
              46.264959
            ],
            [
              4.817258,
              46.26555
            ],
            [
              4.818738,
              46.266597
            ],
            [
              4.819838,
              46.267448
            ],
            [
              4.825367,
              46.269791
            ],
            [
              4.828926,
              46.269256
            ],
            [
              4.830503,
              46.26917
            ],
            [
              4.831654,
              46.269243
            ],
            [
              4.836364,
              46.269436
            ],
            [
              4.837802,
              46.269647
            ],
            [
              4.838738,
              46.269815
            ],
            [
              4.843297,
              46.271024
            ],
            [
              4.846136,
              46.272176
            ],
            [
              4.850664,
              46.273761
            ],
            [
              4.852863,
              46.274581
            ],
            [
              4.861295,
              46.273968
            ],
            [
              4.863204,
              46.273938
            ],
            [
              4.871719,
              46.27167
            ],
            [
              4.872298,
              46.271743
            ],
            [
              4.875383,
              46.272186
            ],
            [
              4.880172,
              46.272013
            ],
            [
              4.888281,
              46.268689
            ],
            [
              4.890101,
              46.270574
            ],
            [
              4.890768,
              46.271293
            ],
            [
              4.890604,
              46.279059
            ],
            [
              4.891166,
              46.280636
            ],
            [
              4.891194,
              46.280975
            ],
            [
              4.891207,
              46.282609
            ],
            [
              4.893578,
              46.291175
            ],
            [
              4.897275,
              46.291258
            ],
            [
              4.900726,
              46.289564
            ],
            [
              4.901696,
              46.289308
            ],
            [
              4.908411,
              46.292999
            ],
            [
              4.910234,
              46.292191
            ],
            [
              4.912165,
              46.291371
            ],
            [
              4.914567,
              46.290405
            ],
            [
              4.91687,
              46.289533
            ],
            [
              4.918088,
              46.289096
            ],
            [
              4.919322,
              46.288674
            ],
            [
              4.920306,
              46.288356
            ],
            [
              4.921439,
              46.288012
            ],
            [
              4.92248,
              46.287717
            ],
            [
              4.923499,
              46.287453
            ],
            [
              4.924437,
              46.287225
            ],
            [
              4.925383,
              46.287018
            ],
            [
              4.926509,
              46.286791
            ],
            [
              4.927595,
              46.286596
            ],
            [
              4.929606,
              46.286293
            ],
            [
              4.93161,
              46.286052
            ],
            [
              4.933693,
              46.285837
            ],
            [
              4.935747,
              46.285625
            ],
            [
              4.936963,
              46.285478
            ],
            [
              4.945628,
              46.283637
            ],
            [
              4.947748,
              46.283017
            ],
            [
              4.949919,
              46.282382
            ],
            [
              4.951473,
              46.281977
            ],
            [
              4.952512,
              46.281731
            ],
            [
              4.953628,
              46.281487
            ],
            [
              4.955781,
              46.281071
            ],
            [
              4.957808,
              46.280734
            ],
            [
              4.960608,
              46.280322
            ],
            [
              4.964014,
              46.279854
            ],
            [
              4.967421,
              46.279386
            ],
            [
              4.967911,
              46.282952
            ],
            [
              4.964504,
              46.28342
            ],
            [
              4.961098,
              46.283888
            ],
            [
              4.958332,
              46.284296
            ],
            [
              4.956372,
              46.284622
            ],
            [
              4.94876,
              46.286472
            ],
            [
              4.94664,
              46.287092
            ],
            [
              4.944612,
              46.287658
            ],
            [
              4.943293,
              46.287989
            ],
            [
              4.941302,
              46.288424
            ],
            [
              4.939764,
              46.288705
            ],
            [
              4.938996,
              46.288829
            ],
            [
              4.937461,
              46.289044
            ],
            [
              4.936178,
              46.289199
            ],
            [
              4.934063,
              46.289417
            ],
            [
              4.93198,
              46.289633
            ],
            [
              4.930037,
              46.289867
            ],
            [
              4.921352,
              46.291801
            ],
            [
              4.920431,
              46.292099
            ],
            [
              4.919252,
              46.292502
            ],
            [
              4.918087,
              46.292921
            ],
            [
              4.915841,
              46.293772
            ],
            [
              4.913509,
              46.294711
            ],
            [
              4.911642,
              46.295504
            ],
            [
              4.909871,
              46.29629
            ],
            [
              4.908551,
              46.296907
            ],
            [
              4.906084,
              46.298038
            ],
            [
              4.9054,
              46.298283
            ],
            [
              4.897785,
              46.300922
            ],
            [
              4.896167,
              46.301619
            ],
            [
              4.894351,
              46.302004
            ],
            [
              4.89318,
              46.30125
            ],
            [
              4.884744,
              46.300259
            ],
            [
              4.880009,
              46.301079
            ],
            [
              4.873351,
              46.305974
            ],
            [
              4.872127,
              46.306929
            ],
            [
              4.870978,
              46.307115
            ],
            [
              4.870127,
              46.307236
            ],
            [
              4.865136,
              46.30418
            ],
            [
              4.862502,
              46.300348
            ],
            [
              4.861601,
              46.296863
            ],
            [
              4.859177,
              46.289553
            ],
            [
              4.857461,
              46.288812
            ],
            [
              4.858496,
              46.283371
            ],
            [
              4.853741,
              46.278858
            ],
            [
              4.851543,
              46.278037
            ],
            [
              4.848758,
              46.276999
            ],
            [
              4.844892,
              46.275554
            ],
            [
              4.84205,
              46.274401
            ],
            [
              4.838938,
              46.273637
            ],
            [
              4.837596,
              46.273364
            ],
            [
              4.836825,
              46.273235
            ],
            [
              4.835843,
              46.272998
            ],
            [
              4.83172,
              46.272842
            ],
            [
              4.830643,
              46.27286
            ],
            [
              4.82624,
              46.280042
            ],
            [
              4.82675,
              46.280998
            ],
            [
              4.827419,
              46.283046
            ],
            [
              4.827499,
              46.283773
            ],
            [
              4.827446,
              46.289609
            ],
            [
              4.832773,
              46.295524
            ],
            [
              4.833054,
              46.299113
            ],
            [
              4.829363,
              46.302567
            ],
            [
              4.820894,
              46.305499
            ],
            [
              4.820609,
              46.305603
            ],
            [
              4.818208,
              46.304124
            ],
            [
              4.811516,
              46.305354
            ],
            [
              4.809457,
              46.307607
            ],
            [
              4.807903,
              46.31058
            ],
            [
              4.80604,
              46.311599
            ],
            [
              4.803027,
              46.320052
            ],
            [
              4.803481,
              46.320515
            ],
            [
              4.8042,
              46.321202
            ],
            [
              4.804889,
              46.321795
            ],
            [
              4.805242,
              46.322081
            ],
            [
              4.805897,
              46.322559
            ],
            [
              4.806747,
              46.323121
            ],
            [
              4.807483,
              46.323547
            ],
            [
              4.808256,
              46.323957
            ],
            [
              4.809017,
              46.32432
            ],
            [
              4.810674,
              46.325001
            ],
            [
              4.81346,
              46.326054
            ],
            [
              4.814464,
              46.326476
            ],
            [
              4.815341,
              46.326889
            ],
            [
              4.815788,
              46.327125
            ],
            [
              4.816243,
              46.327378
            ],
            [
              4.817025,
              46.327857
            ],
            [
              4.817941,
              46.328499
            ],
            [
              4.81833,
              46.328807
            ],
            [
              4.819004,
              46.329384
            ],
            [
              4.819339,
              46.3297
            ],
            [
              4.819696,
              46.330064
            ],
            [
              4.820323,
              46.330781
            ],
            [
              4.821028,
              46.331732
            ],
            [
              4.821361,
              46.33227
            ],
            [
              4.821828,
              46.333151
            ],
            [
              4.82212,
              46.333816
            ],
            [
              4.822413,
              46.334601
            ],
            [
              4.822652,
              46.335367
            ],
            [
              4.822848,
              46.336086
            ],
            [
              4.823501,
              46.338826
            ],
            [
              4.823818,
              46.339993
            ],
            [
              4.823987,
              46.34054
            ],
            [
              4.824189,
              46.341111
            ],
            [
              4.832602,
              46.343717
            ],
            [
              4.834161,
              46.342581
            ],
            [
              4.83572,
              46.341444
            ],
            [
              4.83784,
              46.344354
            ],
            [
              4.844738,
              46.342074
            ],
            [
              4.845061,
              46.339449
            ],
            [
              4.848441,
              46.338211
            ],
            [
              4.84896,
              46.339628
            ],
            [
              4.8518,
              46.345714
            ],
            [
              4.852042,
              46.346542
            ],
            [
              4.852055,
              46.346828
            ],
            [
              4.851532,
              46.34957
            ],
            [
              4.851081,
              46.350779
            ],
            [
              4.850623,
              46.357325
            ],
            [
              4.851972,
              46.360419
            ],
            [
              4.854061,
              46.363596
            ],
            [
              4.854195,
              46.363818
            ],
            [
              4.852992,
              46.366265
            ],
            [
              4.849131,
              46.373328
            ],
            [
              4.84969,
              46.375595
            ],
            [
              4.849832,
              46.375925
            ],
            [
              4.849861,
              46.375987
            ],
            [
              4.85002,
              46.376313
            ],
            [
              4.850817,
              46.378298
            ],
            [
              4.852829,
              46.386447
            ],
            [
              4.853537,
              46.388001
            ],
            [
              4.854282,
              46.389871
            ],
            [
              4.854977,
              46.391864
            ],
            [
              4.85535,
              46.393083
            ],
            [
              4.855706,
              46.394409
            ],
            [
              4.855972,
              46.395524
            ],
            [
              4.856384,
              46.397459
            ],
            [
              4.856824,
              46.399727
            ],
            [
              4.857242,
              46.401902
            ],
            [
              4.860279,
              46.408807
            ],
            [
              4.861835,
              46.41096
            ],
            [
              4.867457,
              46.416477
            ],
            [
              4.868313,
              46.417208
            ],
            [
              4.868401,
              46.417408
            ],
            [
              4.869941,
              46.42585
            ],
            [
              4.871281,
              46.429447
            ],
            [
              4.871802,
              46.437002
            ],
            [
              4.872052,
              46.439322
            ],
            [
              4.868473,
              46.439707
            ],
            [
              4.868223,
              46.437387
            ],
            [
              4.868074,
              46.436245
            ],
            [
              4.867772,
              46.433538
            ],
            [
              4.867498,
              46.431491
            ],
            [
              4.86726,
              46.430101
            ],
            [
              4.864423,
              46.421645
            ],
            [
              4.863899,
              46.420628
            ],
            [
              4.863107,
              46.41922
            ],
            [
              4.862362,
              46.41802
            ],
            [
              4.861266,
              46.416354
            ],
            [
              4.860454,
              46.415196
            ],
            [
              4.858917,
              46.413069
            ],
            [
              4.857361,
              46.410915
            ],
            [
              4.856851,
              46.410139
            ],
            [
              4.856169,
              46.409011
            ],
            [
              4.855812,
              46.408367
            ],
            [
              4.855464,
              46.407665
            ],
            [
              4.854463,
              46.405266
            ],
            [
              4.85419,
              46.404424
            ],
            [
              4.853989,
              46.40373
            ],
            [
              4.853749,
              46.402774
            ],
            [
              4.853289,
              46.400412
            ],
            [
              4.85285,
              46.398144
            ],
            [
              4.852451,
              46.396275
            ],
            [
              4.852205,
              46.395247
            ],
            [
              4.851874,
              46.394017
            ],
            [
              4.851536,
              46.392922
            ],
            [
              4.850883,
              46.391058
            ],
            [
              4.850194,
              46.389336
            ],
            [
              4.849555,
              46.387943
            ],
            [
              4.848765,
              46.386377
            ],
            [
              4.848001,
              46.385
            ],
            [
              4.847581,
              46.384292
            ],
            [
              4.846452,
              46.382519
            ],
            [
              4.845328,
              46.380909
            ],
            [
              4.844421,
              46.379708
            ],
            [
              4.835876,
              46.380234
            ],
            [
              4.834126,
              46.381354
            ],
            [
              4.834001,
              46.381354
            ],
            [
              4.832294,
              46.379881
            ],
            [
              4.827076,
              46.374202
            ],
            [
              4.827616,
              46.370643
            ],
            [
              4.828629,
              46.361906
            ],
            [
              4.828269,
              46.360964
            ],
            [
              4.827916,
              46.359974
            ],
            [
              4.825672,
              46.354803
            ],
            [
              4.825244,
              46.354146
            ],
            [
              4.824971,
              46.353529
            ],
            [
              4.822218,
              46.346135
            ],
            [
              4.82138,
              46.344493
            ],
            [
              4.820752,
              46.343066
            ],
            [
              4.820249,
              46.3417
            ],
            [
              4.819873,
              46.340447
            ],
            [
              4.81913,
              46.337394
            ],
            [
              4.814047,
              46.330276
            ],
            [
              4.813665,
              46.330075
            ],
            [
              4.812936,
              46.329735
            ],
            [
              4.81207,
              46.329375
            ],
            [
              4.809402,
              46.328369
            ],
            [
              4.807639,
              46.327646
            ],
            [
              4.806713,
              46.327209
            ],
            [
              4.805802,
              46.326731
            ],
            [
              4.804948,
              46.32624
            ],
            [
              4.803919,
              46.325567
            ],
            [
              4.803125,
              46.324992
            ],
            [
              4.80264,
              46.324607
            ],
            [
              4.801855,
              46.323933
            ],
            [
              4.801,
              46.323124
            ],
            [
              4.80046,
              46.322576
            ],
            [
              4.799567,
              46.321608
            ],
            [
              4.798653,
              46.320565
            ],
            [
              4.797446,
              46.319075
            ],
            [
              4.796635,
              46.317998
            ],
            [
              4.79582,
              46.316824
            ],
            [
              4.78723,
              46.314169
            ],
            [
              4.786634,
              46.314411
            ],
            [
              4.785516,
              46.314709
            ],
            [
              4.785442,
              46.314697
            ],
            [
              4.783991,
              46.312945
            ],
            [
              4.782706,
              46.311688
            ],
            [
              4.77589,
              46.308544
            ],
            [
              4.775801,
              46.308534
            ],
            [
              4.774451,
              46.30751
            ],
            [
              4.771614,
              46.304586
            ],
            [
              4.763257,
              46.30576
            ],
            [
              4.760391,
              46.309482
            ],
            [
              4.759728,
              46.310605
            ],
            [
              4.758393,
              46.314333
            ],
            [
              4.75616,
              46.315556
            ],
            [
              4.761358,
              46.322848
            ],
            [
              4.763843,
              46.321952
            ],
            [
              4.765978,
              46.320821
            ],
            [
              4.767663,
              46.324003
            ],
            [
              4.760826,
              46.329278
            ],
            [
              4.757675,
              46.330095
            ],
            [
              4.750943,
              46.334252
            ],
            [
              4.747158,
              46.335679
            ],
            [
              4.746087,
              46.336125
            ],
            [
              4.742914,
              46.33488
            ],
            [
              4.738248,
              46.334563
            ],
            [
              4.734124,
              46.338676
            ],
            [
              4.733657,
              46.339166
            ],
            [
              4.733607,
              46.339216
            ],
            [
              4.733082,
              46.339723
            ],
            [
              4.728765,
              46.341777
            ],
            [
              4.723745,
              46.344917
            ],
            [
              4.715563,
              46.347266
            ],
            [
              4.714638,
              46.347959
            ],
            [
              4.714021,
              46.348409
            ],
            [
              4.712442,
              46.34951
            ],
            [
              4.710361,
              46.350883
            ],
            [
              4.708124,
              46.352365
            ],
            [
              4.704908,
              46.354485
            ],
            [
              4.701692,
              46.356606
            ],
            [
              4.698476,
              46.358726
            ],
            [
              4.695226,
              46.360868
            ],
            [
              4.693395,
              46.362013
            ],
            [
              4.692631,
              46.362471
            ],
            [
              4.691573,
              46.363067
            ],
            [
              4.69038,
              46.363704
            ],
            [
              4.688456,
              46.364689
            ],
            [
              4.686087,
              46.365908
            ],
            [
              4.679593,
              46.370111
            ],
            [
              4.677458,
              46.367212
            ],
            [
              4.679303,
              46.365853
            ],
            [
              4.680226,
              46.365206
            ],
            [
              4.680987,
              46.364707
            ],
            [
              4.681753,
              46.364226
            ],
            [
              4.682675,
              46.363679
            ],
            [
              4.684349,
              46.362755
            ],
            [
              4.686809,
              46.361488
            ],
            [
              4.693312,
              46.357819
            ],
            [
              4.696494,
              46.35572
            ],
            [
              4.699711,
              46.3536
            ],
            [
              4.702927,
              46.35148
            ],
            [
              4.706143,
              46.349359
            ],
            [
              4.708378,
              46.347879
            ],
            [
              4.710458,
              46.346506
            ],
            [
              4.711961,
              46.345456
            ],
            [
              4.712514,
              46.345052
            ],
            [
              4.713406,
              46.344384
            ],
            [
              4.714284,
              46.3437
            ],
            [
              4.7161,
              46.342206
            ],
            [
              4.718268,
              46.340386
            ],
            [
              4.720716,
              46.33833
            ],
            [
              4.723079,
              46.336346
            ],
            [
              4.724223,
              46.335431
            ],
            [
              4.727273,
              46.327053
            ],
            [
              4.727704,
              46.326945
            ],
            [
              4.728273,
              46.326849
            ],
            [
              4.736005,
              46.322516
            ],
            [
              4.736626,
              46.321806
            ],
            [
              4.737712,
              46.320659
            ],
            [
              4.738623,
              46.319768
            ],
            [
              4.739483,
              46.318981
            ],
            [
              4.740575,
              46.318053
            ],
            [
              4.741488,
              46.317314
            ],
            [
              4.74301,
              46.31615
            ],
            [
              4.746155,
              46.31048
            ],
            [
              4.739552,
              46.304959
            ],
            [
              4.737856,
              46.301784
            ],
            [
              4.741512,
              46.296778
            ],
            [
              4.74768,
              46.295775
            ],
            [
              4.747462,
              46.288104
            ],
            [
              4.747209,
              46.28774
            ],
            [
              4.746696,
              46.286168
            ],
            [
              4.74661,
              46.285927
            ],
            [
              4.745493,
              46.282385
            ],
            [
              4.745522,
              46.280991
            ],
            [
              4.745897,
              46.27981
            ],
            [
              4.750627,
              46.275853
            ],
            [
              4.750822,
              46.268405
            ],
            [
              4.75056,
              46.267788
            ],
            [
              4.751808,
              46.25928
            ],
            [
              4.752779,
              46.252081
            ],
            [
              4.753599,
              46.251101
            ],
            [
              4.753678,
              46.251062
            ],
            [
              4.754351,
              46.250778
            ],
            [
              4.75452,
              46.250738
            ],
            [
              4.761451,
              46.247708
            ],
            [
              4.765573,
              46.245339
            ],
            [
              4.766086,
              46.245303
            ],
            [
              4.766375,
              46.245301
            ],
            [
              4.766421,
              46.245301
            ],
            [
              4.767326,
              46.24529
            ],
            [
              4.773609,
              46.243207
            ],
            [
              4.774408,
              46.243137
            ],
            [
              4.778077,
              46.242115
            ],
            [
              4.781013,
              46.240807
            ],
            [
              4.781323,
              46.233348
            ],
            [
              4.780422,
              46.230852
            ],
            [
              4.777372,
              46.224076
            ],
            [
              4.772324,
              46.223665
            ],
            [
              4.772032,
              46.223748
            ],
            [
              4.771052,
              46.220284
            ],
            [
              4.765618,
              46.21732
            ],
            [
              4.763596,
              46.217649
            ],
            [
              4.756145,
              46.222254
            ],
            [
              4.755281,
              46.222531
            ],
            [
              4.754573,
              46.222739
            ],
            [
              4.753889,
              46.222979
            ],
            [
              4.75148,
              46.223777
            ],
            [
              4.750349,
              46.220359
            ],
            [
              4.744203,
              46.218063
            ],
            [
              4.742958,
              46.218407
            ],
            [
              4.736197,
              46.219685
            ],
            [
              4.735516,
              46.219903
            ],
            [
              4.734521,
              46.219374
            ],
            [
              4.734326,
              46.219218
            ],
            [
              4.734417,
              46.216475
            ],
            [
              4.727871,
              46.212597
            ],
            [
              4.724862,
              46.216604
            ],
            [
              4.724782,
              46.216723
            ],
            [
              4.723669,
              46.218499
            ],
            [
              4.723465,
              46.21857
            ],
            [
              4.721799,
              46.218336
            ],
            [
              4.714444,
              46.214724
            ],
            [
              4.71247,
              46.213088
            ],
            [
              4.705486,
              46.209151
            ],
            [
              4.7031,
              46.209737
            ],
            [
              4.702616,
              46.209891
            ],
            [
              4.701984,
              46.209878
            ],
            [
              4.698972,
              46.209118
            ],
            [
              4.698785,
              46.209065
            ],
            [
              4.69852,
              46.208924
            ],
            [
              4.697771,
              46.207831
            ],
            [
              4.689567,
              46.207479
            ],
            [
              4.687984,
              46.209557
            ],
            [
              4.686474,
              46.212068
            ],
            [
              4.685909,
              46.215623
            ],
            [
              4.684783,
              46.215444
            ],
            [
              4.684304,
              46.215324
            ],
            [
              4.683792,
              46.215105
            ],
            [
              4.683015,
              46.21443
            ],
            [
              4.674725,
              46.212988
            ],
            [
              4.673298,
              46.213087
            ],
            [
              4.669846,
              46.211577
            ],
            [
              4.666718,
              46.209116
            ],
            [
              4.665547,
              46.207954
            ],
            [
              4.665108,
              46.206928
            ],
            [
              4.665148,
              46.205905
            ],
            [
              4.665113,
              46.203628
            ],
            [
              4.664801,
              46.201493
            ],
            [
              4.665404,
              46.201141
            ],
            [
              4.663443,
              46.192436
            ],
            [
              4.657974,
              46.191494
            ],
            [
              4.655882,
              46.192086
            ],
            [
              4.654973,
              46.192353
            ],
            [
              4.654807,
              46.192361
            ],
            [
              4.654028,
              46.192253
            ],
            [
              4.645885,
              46.193499
            ],
            [
              4.645692,
              46.193468
            ],
            [
              4.645094,
              46.193268
            ],
            [
              4.644412,
              46.192792
            ],
            [
              4.641827,
              46.191042
            ],
            [
              4.640879,
              46.190375
            ],
            [
              4.639532,
              46.189394
            ],
            [
              4.631844,
              46.187211
            ],
            [
              4.631183,
              46.187181
            ],
            [
              4.630472,
              46.186923
            ],
            [
              4.630025,
              46.186581
            ],
            [
              4.62948,
              46.185114
            ],
            [
              4.63067,
              46.181975
            ],
            [
              4.632111,
              46.176803
            ],
            [
              4.632232,
              46.172674
            ],
            [
              4.632677,
              46.171096
            ],
            [
              4.633682,
              46.170558
            ],
            [
              4.635432,
              46.169134
            ],
            [
              4.635761,
              46.168883
            ],
            [
              4.635161,
              46.159999
            ],
            [
              4.631334,
              46.160369
            ],
            [
              4.627722,
              46.160954
            ],
            [
              4.627307,
              46.161147
            ],
            [
              4.626698,
              46.16136
            ],
            [
              4.626616,
              46.161382
            ],
            [
              4.624998,
              46.161338
            ],
            [
              4.624552,
              46.160968
            ],
            [
              4.623809,
              46.159907
            ],
            [
              4.616303,
              46.155341
            ],
            [
              4.615979,
              46.155297
            ],
            [
              4.610425,
              46.149078
            ],
            [
              4.604019,
              46.150903
            ],
            [
              4.60246,
              46.153691
            ],
            [
              4.601254,
              46.15467
            ],
            [
              4.600457,
              46.15498
            ],
            [
              4.599172,
              46.15516
            ],
            [
              4.59228,
              46.155859
            ],
            [
              4.583998,
              46.158588
            ],
            [
              4.581587,
              46.160209
            ],
            [
              4.581081,
              46.160534
            ],
            [
              4.580645,
              46.160733
            ],
            [
              4.574822,
              46.162907
            ],
            [
              4.574281,
              46.16276
            ],
            [
              4.573961,
              46.162508
            ],
            [
              4.573082,
              46.161553
            ],
            [
              4.57277,
              46.159949
            ],
            [
              4.573496,
              46.159247
            ],
            [
              4.579039,
              46.153976
            ],
            [
              4.581869,
              46.145575
            ],
            [
              4.583044,
              46.142461
            ],
            [
              4.583917,
              46.141006
            ],
            [
              4.584706,
              46.13977
            ],
            [
              4.588626,
              46.132216
            ],
            [
              4.588568,
              46.131347
            ],
            [
              4.588612,
              46.131078
            ],
            [
              4.593628,
              46.129211
            ],
            [
              4.594122,
              46.128653
            ],
            [
              4.594672,
              46.128715
            ],
            [
              4.595018,
              46.128799
            ],
            [
              4.602323,
              46.124995
            ],
            [
              4.601441,
              46.120924
            ],
            [
              4.59982,
              46.1191
            ],
            [
              4.592115,
              46.118851
            ],
            [
              4.5895,
              46.12014
            ],
            [
              4.588621,
              46.120731
            ],
            [
              4.588386,
              46.120754
            ],
            [
              4.587944,
              46.120753
            ],
            [
              4.587277,
              46.120612
            ],
            [
              4.586311,
              46.119895
            ],
            [
              4.579947,
              46.113688
            ],
            [
              4.578102,
              46.113877
            ],
            [
              4.577864,
              46.113933
            ],
            [
              4.57704,
              46.110429
            ],
            [
              4.577278,
              46.110373
            ],
            [
              4.578608,
              46.110141
            ],
            [
              4.579506,
              46.110001
            ],
            [
              4.579899,
              46.109956
            ],
            [
              4.580366,
              46.109955
            ],
            [
              4.586381,
              46.10832
            ],
            [
              4.586717,
              46.108261
            ],
            [
              4.587359,
              46.108251
            ],
            [
              4.587932,
              46.108399
            ],
            [
              4.592927,
              46.109368
            ],
            [
              4.594759,
              46.109293
            ],
            [
              4.595327,
              46.109335
            ],
            [
              4.59871,
              46.109118
            ],
            [
              4.599135,
              46.109018
            ],
            [
              4.603933,
              46.101591
            ],
            [
              4.604037,
              46.100991
            ],
            [
              4.604709,
              46.099609
            ],
            [
              4.607032,
              46.099758
            ],
            [
              4.610676,
              46.101555
            ],
            [
              4.618158,
              46.098402
            ],
            [
              4.618344,
              46.092524
            ],
            [
              4.611217,
              46.08786
            ],
            [
              4.610616,
              46.08771
            ],
            [
              4.61028,
              46.087626
            ],
            [
              4.609517,
              46.087282
            ],
            [
              4.609067,
              46.086986
            ],
            [
              4.607596,
              46.086196
            ],
            [
              4.606879,
              46.085902
            ],
            [
              4.599856,
              46.086241
            ],
            [
              4.597844,
              46.087672
            ],
            [
              4.5971,
              46.088495
            ],
            [
              4.594551,
              46.08701
            ],
            [
              4.591202,
              46.08513
            ],
            [
              4.583176,
              46.085958
            ],
            [
              4.579904,
              46.087429
            ],
            [
              4.578689,
              46.08798
            ],
            [
              4.577918,
              46.088065
            ],
            [
              4.576759,
              46.087905
            ],
            [
              4.576246,
              46.087676
            ],
            [
              4.576137,
              46.087606
            ],
            [
              4.577731,
              46.08451
            ],
            [
              4.578307,
              46.082305
            ],
            [
              4.572631,
              46.076759
            ],
            [
              4.570263,
              46.076033
            ],
            [
              4.56744,
              46.075708
            ],
            [
              4.55998,
              46.080593
            ],
            [
              4.555978,
              46.084968
            ],
            [
              4.553439,
              46.085028
            ],
            [
              4.546813,
              46.086821
            ],
            [
              4.546373,
              46.086485
            ],
            [
              4.545803,
              46.085961
            ],
            [
              4.545277,
              46.085351
            ],
            [
              4.541642,
              46.079949
            ],
            [
              4.541262,
              46.079378
            ],
            [
              4.541049,
              46.078597
            ],
            [
              4.541046,
              46.077807
            ],
            [
              4.541254,
              46.076537
            ],
            [
              4.541451,
              46.075854
            ],
            [
              4.54262,
              46.069186
            ],
            [
              4.541135,
              46.065907
            ],
            [
              4.535307,
              46.062137
            ],
            [
              4.53458,
              46.058612
            ],
            [
              4.537244,
              46.056008
            ],
            [
              4.538236,
              46.050039
            ],
            [
              4.535712,
              46.04222
            ],
            [
              4.530582,
              46.038494
            ],
            [
              4.521876,
              46.038636
            ],
            [
              4.521373,
              46.038878
            ],
            [
              4.519706,
              46.039535
            ],
            [
              4.519249,
              46.039615
            ],
            [
              4.516844,
              46.040199
            ],
            [
              4.516126,
              46.040191
            ],
            [
              4.515091,
              46.039647
            ],
            [
              4.514611,
              46.038856
            ],
            [
              4.513239,
              46.032981
            ],
            [
              4.513573,
              46.031722
            ],
            [
              4.514038,
              46.030564
            ],
            [
              4.517931,
              46.028755
            ],
            [
              4.518482,
              46.028431
            ],
            [
              4.518902,
              46.028289
            ],
            [
              4.519661,
              46.028212
            ],
            [
              4.520264,
              46.02826
            ],
            [
              4.52284,
              46.028296
            ],
            [
              4.529366,
              46.024985
            ],
            [
              4.53327,
              46.023388
            ],
            [
              4.541417,
              46.021112
            ],
            [
              4.542164,
              46.020868
            ],
            [
              4.547678,
              46.013927
            ],
            [
              4.548026,
              46.012834
            ],
            [
              4.548156,
              46.012597
            ],
            [
              4.549483,
              46.011996
            ],
            [
              4.553031,
              46.012602
            ],
            [
              4.560318,
              46.016941
            ],
            [
              4.563543,
              46.01125
            ],
            [
              4.563494,
              46.010823
            ],
            [
              4.563396,
              46.010283
            ],
            [
              4.563374,
              46.009756
            ],
            [
              4.564362,
              46.006837
            ],
            [
              4.564986,
              46.00581
            ],
            [
              4.565514,
              46.005498
            ],
            [
              4.567055,
              46.004207
            ],
            [
              4.563481,
              45.996236
            ],
            [
              4.558647,
              45.996673
            ],
            [
              4.558279,
              45.996802
            ],
            [
              4.555567,
              45.998239
            ],
            [
              4.555141,
              45.998607
            ],
            [
              4.554009,
              45.999532
            ],
            [
              4.55362,
              45.999824
            ],
            [
              4.553281,
              46.000021
            ],
            [
              4.552763,
              46.000252
            ],
            [
              4.552325,
              46.000391
            ],
            [
              4.551727,
              46.00054
            ],
            [
              4.551108,
              46.000639
            ],
            [
              4.550654,
              46.000665
            ],
            [
              4.550084,
              46.000661
            ],
            [
              4.548274,
              46.000601
            ],
            [
              4.547854,
              46.000529
            ],
            [
              4.547533,
              46.000439
            ],
            [
              4.546365,
              46.000199
            ],
            [
              4.544969,
              46.000074
            ],
            [
              4.544355,
              45.999625
            ],
            [
              4.544243,
              45.999503
            ],
            [
              4.543885,
              45.998877
            ],
            [
              4.544034,
              45.998337
            ],
            [
              4.544334,
              45.997711
            ],
            [
              4.544882,
              45.996988
            ],
            [
              4.545505,
              45.996704
            ],
            [
              4.545681,
              45.99666
            ],
            [
              4.547177,
              45.996675
            ],
            [
              4.554608,
              45.992939
            ],
            [
              4.556734,
              45.991767
            ],
            [
              4.557186,
              45.991528
            ],
            [
              4.560464,
              45.989421
            ],
            [
              4.561515,
              45.988737
            ],
            [
              4.562045,
              45.988444
            ],
            [
              4.562652,
              45.988085
            ],
            [
              4.565462,
              45.986273
            ],
            [
              4.56155,
              45.978341
            ],
            [
              4.561322,
              45.978343
            ],
            [
              4.559793,
              45.977171
            ],
            [
              4.559761,
              45.977041
            ],
            [
              4.556044,
              45.97172
            ],
            [
              4.554237,
              45.968606
            ],
            [
              4.546289,
              45.972684
            ],
            [
              4.546212,
              45.974413
            ],
            [
              4.546266,
              45.975208
            ],
            [
              4.5463,
              45.975894
            ],
            [
              4.543599,
              45.980412
            ],
            [
              4.54006,
              45.984019
            ],
            [
              4.539907,
              45.984234
            ],
            [
              4.539649,
              45.984529
            ],
            [
              4.539421,
              45.984745
            ],
            [
              4.53674,
              45.982805
            ],
            [
              4.536263,
              45.982451
            ],
            [
              4.53572,
              45.981709
            ],
            [
              4.535533,
              45.980975
            ],
            [
              4.535586,
              45.980356
            ],
            [
              4.534982,
              45.975257
            ],
            [
              4.527926,
              45.974394
            ],
            [
              4.525809,
              45.97762
            ],
            [
              4.522514,
              45.978941
            ],
            [
              4.517212,
              45.984602
            ],
            [
              4.51856,
              45.991325
            ],
            [
              4.519235,
              45.992137
            ],
            [
              4.521357,
              45.994358
            ],
            [
              4.520313,
              45.997638
            ],
            [
              4.519959,
              45.997787
            ],
            [
              4.519498,
              45.997899
            ],
            [
              4.518976,
              45.997906
            ],
            [
              4.518226,
              45.997666
            ],
            [
              4.511692,
              45.996212
            ],
            [
              4.511306,
              45.996194
            ],
            [
              4.510717,
              45.995925
            ],
            [
              4.510372,
              45.995746
            ],
            [
              4.503477,
              45.995702
            ],
            [
              4.501005,
              45.999257
            ],
            [
              4.500829,
              45.999688
            ],
            [
              4.50061,
              46.000088
            ],
            [
              4.500264,
              46.0006
            ],
            [
              4.499263,
              46.001969
            ],
            [
              4.496357,
              45.999845
            ],
            [
              4.496625,
              45.995835
            ],
            [
              4.491695,
              45.989642
            ],
            [
              4.4842,
              45.985658
            ],
            [
              4.482595,
              45.985732
            ],
            [
              4.482206,
              45.98572
            ],
            [
              4.481651,
              45.985625
            ],
            [
              4.480983,
              45.985386
            ],
            [
              4.480467,
              45.985103
            ],
            [
              4.479993,
              45.984716
            ],
            [
              4.476377,
              45.981755
            ],
            [
              4.474079,
              45.980924
            ],
            [
              4.466258,
              45.981451
            ],
            [
              4.463884,
              45.984157
            ],
            [
              4.459402,
              45.981529
            ],
            [
              4.458712,
              45.981154
            ],
            [
              4.458264,
              45.980808
            ],
            [
              4.456634,
              45.979152
            ],
            [
              4.449531,
              45.977212
            ],
            [
              4.444696,
              45.971263
            ],
            [
              4.444122,
              45.970609
            ],
            [
              4.443811,
              45.969779
            ],
            [
              4.443065,
              45.966979
            ],
            [
              4.436884,
              45.960713
            ],
            [
              4.4356,
              45.960797
            ],
            [
              4.431277,
              45.955756
            ],
            [
              4.430323,
              45.95517
            ],
            [
              4.42299,
              45.956568
            ],
            [
              4.421858,
              45.96198
            ],
            [
              4.421712,
              45.963737
            ],
            [
              4.422942,
              45.967603
            ],
            [
              4.423299,
              45.968118
            ],
            [
              4.424139,
              45.970178
            ],
            [
              4.419124,
              45.974998
            ],
            [
              4.418847,
              45.97532
            ],
            [
              4.418055,
              45.975751
            ],
            [
              4.417454,
              45.975838
            ],
            [
              4.416742,
              45.97573
            ],
            [
              4.416117,
              45.975404
            ],
            [
              4.415383,
              45.974394
            ],
            [
              4.414826,
              45.97348
            ],
            [
              4.414519,
              45.972265
            ],
            [
              4.406969,
              45.967695
            ],
            [
              4.405426,
              45.965249
            ],
            [
              4.39784,
              45.9617
            ],
            [
              4.397272,
              45.961706
            ],
            [
              4.39064,
              45.964264
            ],
            [
              4.390591,
              45.964296
            ],
            [
              4.389805,
              45.964597
            ],
            [
              4.389384,
              45.964662
            ],
            [
              4.381357,
              45.960647
            ],
            [
              4.379994,
              45.957315
            ],
            [
              4.380788,
              45.956891
            ],
            [
              4.38112,
              45.956723
            ],
            [
              4.381738,
              45.956506
            ],
            [
              4.384263,
              45.955496
            ],
            [
              4.386351,
              45.947325
            ],
            [
              4.386164,
              45.94593
            ],
            [
              4.386511,
              45.945087
            ],
            [
              4.38202,
              45.938335
            ],
            [
              4.378315,
              45.939749
            ],
            [
              4.374823,
              45.942948
            ],
            [
              4.373158,
              45.94614
            ],
            [
              4.37018,
              45.94564
            ],
            [
              4.366664,
              45.945969
            ],
            [
              4.361741,
              45.948863
            ],
            [
              4.361595,
              45.948935
            ],
            [
              4.360973,
              45.949119
            ],
            [
              4.360486,
              45.949148
            ],
            [
              4.356841,
              45.949509
            ],
            [
              4.356139,
              45.949612
            ],
            [
              4.348584,
              45.951997
            ],
            [
              4.342204,
              45.955036
            ],
            [
              4.338851,
              45.953727
            ],
            [
              4.331536,
              45.953434
            ],
            [
              4.330855,
              45.953086
            ],
            [
              4.330459,
              45.952822
            ],
            [
              4.330418,
              45.952792
            ],
            [
              4.330095,
              45.952545
            ],
            [
              4.329782,
              45.952255
            ],
            [
              4.326367,
              45.946031
            ],
            [
              4.320525,
              45.939631
            ],
            [
              4.319672,
              45.939458
            ],
            [
              4.319064,
              45.939262
            ],
            [
              4.316966,
              45.93847
            ],
            [
              4.309558,
              45.934496
            ],
            [
              4.306394,
              45.937623
            ],
            [
              4.304051,
              45.939263
            ],
            [
              4.297643,
              45.939882
            ],
            [
              4.294702,
              45.942008
            ],
            [
              4.291163,
              45.945894
            ],
            [
              4.290115,
              45.945811
            ],
            [
              4.289819,
              45.94577
            ],
            [
              4.280967,
              45.94606
            ],
            [
              4.280333,
              45.946129
            ],
            [
              4.279946,
              45.94255
            ],
            [
              4.282677,
              45.941536
            ],
            [
              4.2833,
              45.941256
            ],
            [
              4.285837,
              45.939876
            ],
            [
              4.290023,
              45.936742
            ],
            [
              4.293419,
              45.933831
            ],
            [
              4.29553,
              45.928672
            ],
            [
              4.292736,
              45.920563
            ],
            [
              4.28955,
              45.918315
            ],
            [
              4.289257,
              45.918176
            ],
            [
              4.288509,
              45.917858
            ],
            [
              4.28766,
              45.917404
            ],
            [
              4.289354,
              45.914228
            ],
            [
              4.290631,
              45.914848
            ],
            [
              4.299282,
              45.914515
            ],
            [
              4.305066,
              45.913281
            ],
            [
              4.304335,
              45.905773
            ],
            [
              4.303744,
              45.903048
            ],
            [
              4.304113,
              45.90218
            ],
            [
              4.308475,
              45.898621
            ],
            [
              4.309412,
              45.890173
            ],
            [
              4.310035,
              45.889894
            ],
            [
              4.310941,
              45.889459
            ],
            [
              4.31643,
              45.884893
            ],
            [
              4.318699,
              45.883206
            ],
            [
              4.32592,
              45.87925
            ],
            [
              4.325689,
              45.875657
            ],
            [
              4.321149,
              45.870222
            ],
            [
              4.318795,
              45.867105
            ],
            [
              4.312776,
              45.86426
            ],
            [
              4.309842,
              45.86497
            ],
            [
              4.308531,
              45.865601
            ],
            [
              4.308119,
              45.865861
            ],
            [
              4.306574,
              45.867009
            ],
            [
              4.305837,
              45.867456
            ],
            [
              4.305047,
              45.867895
            ],
            [
              4.303571,
              45.868604
            ],
            [
              4.302578,
              45.869129
            ],
            [
              4.301062,
              45.870179
            ],
            [
              4.300136,
              45.87073
            ],
            [
              4.299533,
              45.871072
            ],
            [
              4.298421,
              45.871618
            ],
            [
              4.297242,
              45.872065
            ],
            [
              4.296006,
              45.872442
            ],
            [
              4.294854,
              45.8727
            ],
            [
              4.293633,
              45.872868
            ],
            [
              4.29237,
              45.872992
            ],
            [
              4.291412,
              45.873034
            ],
            [
              4.290459,
              45.873031
            ],
            [
              4.289569,
              45.872985
            ],
            [
              4.288702,
              45.872902
            ],
            [
              4.287831,
              45.872784
            ],
            [
              4.286996,
              45.872629
            ],
            [
              4.286079,
              45.87242
            ],
            [
              4.285267,
              45.872189
            ],
            [
              4.2775,
              45.870973
            ],
            [
              4.275474,
              45.870947
            ],
            [
              4.272259,
              45.870903
            ],
            [
              4.271266,
              45.870841
            ],
            [
              4.270391,
              45.870752
            ],
            [
              4.26998,
              45.87068
            ],
            [
              4.26903,
              45.870503
            ],
            [
              4.268167,
              45.870295
            ],
            [
              4.267374,
              45.870081
            ],
            [
              4.266512,
              45.869813
            ],
            [
              4.265596,
              45.869475
            ],
            [
              4.264837,
              45.869153
            ],
            [
              4.263255,
              45.868425
            ],
            [
              4.263003,
              45.868296
            ],
            [
              4.260638,
              45.867249
            ],
            [
              4.252074,
              45.865601
            ],
            [
              4.249803,
              45.865911
            ],
            [
              4.248585,
              45.866012
            ],
            [
              4.242666,
              45.866379
            ],
            [
              4.242026,
              45.866435
            ],
            [
              4.240882,
              45.866462
            ],
            [
              4.240246,
              45.866429
            ],
            [
              4.239129,
              45.866298
            ],
            [
              4.238532,
              45.86618
            ],
            [
              4.237899,
              45.866028
            ],
            [
              4.23694,
              45.86573
            ],
            [
              4.236398,
              45.865512
            ],
            [
              4.235879,
              45.865274
            ],
            [
              4.235187,
              45.864893
            ],
            [
              4.234634,
              45.864538
            ],
            [
              4.233955,
              45.864013
            ],
            [
              4.233343,
              45.863432
            ],
            [
              4.233008,
              45.863044
            ],
            [
              4.232651,
              45.86256
            ],
            [
              4.226884,
              45.856668
            ],
            [
              4.22235,
              45.854105
            ],
            [
              4.222021,
              45.853925
            ],
            [
              4.221589,
              45.853566
            ],
            [
              4.216125,
              45.849188
            ],
            [
              4.214157,
              45.848376
            ],
            [
              4.213415,
              45.848082
            ],
            [
              4.211942,
              45.847382
            ],
            [
              4.210155,
              45.846411
            ],
            [
              4.207612,
              45.844879
            ],
            [
              4.206695,
              45.844359
            ],
            [
              4.205915,
              45.843945
            ],
            [
              4.20481,
              45.843427
            ],
            [
              4.203518,
              45.842889
            ],
            [
              4.202792,
              45.842627
            ],
            [
              4.201922,
              45.842341
            ],
            [
              4.200932,
              45.842068
            ],
            [
              4.200473,
              45.841962
            ],
            [
              4.199164,
              45.841668
            ],
            [
              4.197272,
              45.841333
            ],
            [
              4.196025,
              45.841178
            ],
            [
              4.194752,
              45.841089
            ],
            [
              4.19403,
              45.841063
            ],
            [
              4.192754,
              45.841061
            ],
            [
              4.191682,
              45.841102
            ],
            [
              4.190434,
              45.841168
            ],
            [
              4.187174,
              45.841408
            ],
            [
              4.185488,
              45.841504
            ],
            [
              4.184369,
              45.841551
            ],
            [
              4.182999,
              45.841555
            ],
            [
              4.181687,
              45.84151
            ],
            [
              4.18016,
              45.841412
            ],
            [
              4.178883,
              45.841274
            ],
            [
              4.172395,
              45.847116
            ],
            [
              4.172676,
              45.848206
            ],
            [
              4.172853,
              45.849137
            ],
            [
              4.172907,
              45.850104
            ],
            [
              4.174377,
              45.854374
            ],
            [
              4.178498,
              45.857492
            ],
            [
              4.180221,
              45.858008
            ],
            [
              4.180491,
              45.858249
            ],
            [
              4.180962,
              45.858707
            ],
            [
              4.182578,
              45.86301
            ],
            [
              4.179572,
              45.864991
            ],
            [
              4.176567,
              45.87154
            ],
            [
              4.180432,
              45.879539
            ],
            [
              4.181672,
              45.881876
            ],
            [
              4.181667,
              45.885803
            ],
            [
              4.180547,
              45.890675
            ],
            [
              4.174385,
              45.89697
            ],
            [
              4.17413,
              45.897606
            ],
            [
              4.173572,
              45.898719
            ],
            [
              4.173365,
              45.899074
            ],
            [
              4.173112,
              45.899462
            ],
            [
              4.170099,
              45.897492
            ],
            [
              4.171593,
              45.893377
            ],
            [
              4.172176,
              45.891299
            ],
            [
              4.172679,
              45.889902
            ],
            [
              4.173229,
              45.888566
            ],
            [
              4.174274,
              45.882936
            ],
            [
              4.173417,
              45.877739
            ],
            [
              4.173206,
              45.876965
            ],
            [
              4.173112,
              45.876533
            ],
            [
              4.173022,
              45.875605
            ],
            [
              4.172957,
              45.872002
            ],
            [
              4.172946,
              45.870954
            ],
            [
              4.173029,
              45.87016
            ],
            [
              4.173509,
              45.867824
            ],
            [
              4.171599,
              45.859544
            ],
            [
              4.170886,
              45.858876
            ],
            [
              4.168083,
              45.85595
            ],
            [
              4.165898,
              45.854454
            ],
            [
              4.161638,
              45.852116
            ],
            [
              4.161212,
              45.849655
            ],
            [
              4.160668,
              45.844667
            ],
            [
              4.160706,
              45.843796
            ],
            [
              4.16079,
              45.843398
            ],
            [
              4.16104,
              45.842823
            ],
            [
              4.156309,
              45.835333
            ],
            [
              4.155581,
              45.835049
            ],
            [
              4.154812,
              45.83472
            ],
            [
              4.153139,
              45.833875
            ],
            [
              4.150735,
              45.832623
            ],
            [
              4.147425,
              45.830894
            ],
            [
              4.144165,
              45.829191
            ],
            [
              4.137917,
              45.827215
            ],
            [
              4.13501,
              45.826806
            ],
            [
              4.132104,
              45.826398
            ],
            [
              4.129246,
              45.825998
            ],
            [
              4.12638,
              45.825597
            ],
            [
              4.124964,
              45.825393
            ],
            [
              4.124025,
              45.825237
            ],
            [
              4.123235,
              45.825083
            ],
            [
              4.122322,
              45.824935
            ],
            [
              4.121035,
              45.82463
            ],
            [
              4.120321,
              45.824433
            ],
            [
              4.119397,
              45.824127
            ],
            [
              4.111286,
              45.824743
            ],
            [
              4.110424,
              45.825509
            ],
            [
              4.109367,
              45.826323
            ],
            [
              4.108268,
              45.827256
            ],
            [
              4.106255,
              45.828942
            ],
            [
              4.104591,
              45.830335
            ],
            [
              4.103506,
              45.831276
            ],
            [
              4.10237,
              45.832311
            ],
            [
              4.101799,
              45.832863
            ],
            [
              4.101239,
              45.833423
            ],
            [
              4.100182,
              45.834542
            ],
            [
              4.098498,
              45.836433
            ],
            [
              4.094837,
              45.841407
            ],
            [
              4.094325,
              45.842074
            ],
            [
              4.094143,
              45.842224
            ],
            [
              4.088107,
              45.84539
            ],
            [
              4.087515,
              45.845745
            ],
            [
              4.086543,
              45.846294
            ],
            [
              4.085739,
              45.846733
            ],
            [
              4.084696,
              45.847274
            ],
            [
              4.083762,
              45.847738
            ],
            [
              4.082159,
              45.844515
            ],
            [
              4.083092,
              45.84405
            ]
          ]
        ],
        "type": "Polygon"
      }
    },
    {
      "type": "Feature",
      "properties": {
        "group_index": 0,
        "value": 3600.0,
        "center": [
          5.367200136725911,
          43.301959960944686
        ],
        "station_name": "Bureau MARSEILLE",
        "station_type": "Bureau",
        "territoire": "Sud Med",
        "duration_minutes": 60,
        "station_lat": 43.30194059999999,
        "station_lon": 5.3672961,
        "color": "#006837"
      },
      "geometry": {
        "coordinates": [
          [
            [
              4.888031,
              44.008287
            ],
            [
              4.88763,
              44.006604
            ],
            [
              4.886646,
              44.002249
            ],
            [
              4.885721,
              43.998137
            ],
            [
              4.885599,
              43.997519
            ],
            [
              4.885514,
              43.996968
            ],
            [
              4.885451,
              43.996346
            ],
            [
              4.885441,
              43.995598
            ],
            [
              4.885506,
              43.994813
            ],
            [
              4.885627,
              43.994138
            ],
            [
              4.885758,
              43.99361
            ],
            [
              4.884791,
              43.984751
            ],
            [
              4.883503,
              43.982492
            ],
            [
              4.883527,
              43.982216
            ],
            [
              4.883543,
              43.982189
            ],
            [
              4.884478,
              43.981188
            ],
            [
              4.884656,
              43.981157
            ],
            [
              4.885768,
              43.980924
            ],
            [
              4.890206,
              43.979467
            ],
            [
              4.893141,
              43.975006
            ],
            [
              4.893217,
              43.97476
            ],
            [
              4.894907,
              43.970384
            ],
            [
              4.895888,
              43.967818
            ],
            [
              4.896312,
              43.966806
            ],
            [
              4.896547,
              43.966328
            ],
            [
              4.898139,
              43.963862
            ],
            [
              4.899629,
              43.961575
            ],
            [
              4.901119,
              43.959289
            ],
            [
              4.90261,
              43.957002
            ],
            [
              4.90419,
              43.95455
            ],
            [
              4.905775,
              43.95209
            ],
            [
              4.90697,
              43.950287
            ],
            [
              4.909335,
              43.945601
            ],
            [
              4.909828,
              43.941222
            ],
            [
              4.91033,
              43.936781
            ],
            [
              4.91073,
              43.93334
            ],
            [
              4.911129,
              43.929905
            ],
            [
              4.911529,
              43.92647
            ],
            [
              4.911928,
              43.923035
            ],
            [
              4.912327,
              43.9196
            ],
            [
              4.912727,
              43.916164
            ],
            [
              4.906251,
              43.910657
            ],
            [
              4.897413,
              43.909309
            ],
            [
              4.896639,
              43.910611
            ],
            [
              4.895484,
              43.91232
            ],
            [
              4.894792,
              43.91343
            ],
            [
              4.893619,
              43.914051
            ],
            [
              4.888424,
              43.915287
            ],
            [
              4.888219,
              43.915363
            ],
            [
              4.886394,
              43.915532
            ],
            [
              4.87921,
              43.915152
            ],
            [
              4.877372,
              43.916227
            ],
            [
              4.875822,
              43.917381
            ],
            [
              4.87574,
              43.91743
            ],
            [
              4.873202,
              43.916062
            ],
            [
              4.873193,
              43.915996
            ],
            [
              4.873528,
              43.914661
            ],
            [
              4.873732,
              43.91432
            ],
            [
              4.874313,
              43.913824
            ],
            [
              4.875647,
              43.913067
            ],
            [
              4.880601,
              43.909203
            ],
            [
              4.88227,
              43.90744
            ],
            [
              4.882379,
              43.907432
            ],
            [
              4.888007,
              43.905392
            ],
            [
              4.892605,
              43.899146
            ],
            [
              4.896427,
              43.896513
            ],
            [
              4.897462,
              43.895179
            ],
            [
              4.893908,
              43.887592
            ],
            [
              4.891673,
              43.887954
            ],
            [
              4.890742,
              43.888288
            ],
            [
              4.890212,
              43.88842
            ],
            [
              4.888796,
              43.888684
            ],
            [
              4.886929,
              43.889001
            ],
            [
              4.886328,
              43.885451
            ],
            [
              4.891601,
              43.883696
            ],
            [
              4.892121,
              43.883449
            ],
            [
              4.892577,
              43.8833
            ],
            [
              4.898723,
              43.878125
            ],
            [
              4.899248,
              43.876829
            ],
            [
              4.89995,
              43.875031
            ],
            [
              4.901382,
              43.873116
            ],
            [
              4.90368,
              43.871147
            ],
            [
              4.90415,
              43.870746
            ],
            [
              4.907963,
              43.862654
            ],
            [
              4.908502,
              43.861697
            ],
            [
              4.908754,
              43.861328
            ],
            [
              4.908754,
              43.861328
            ],
            [
              4.909541,
              43.860237
            ],
            [
              4.912823,
              43.858829
            ],
            [
              4.917528,
              43.85283
            ],
            [
              4.918343,
              43.849324
            ],
            [
              4.916839,
              43.841196
            ],
            [
              4.916571,
              43.839141
            ],
            [
              4.916603,
              43.83899
            ],
            [
              4.918468,
              43.832814
            ],
            [
              4.912839,
              43.827558
            ],
            [
              4.90974,
              43.825726
            ],
            [
              4.90876,
              43.824326
            ],
            [
              4.909967,
              43.820934
            ],
            [
              4.917239,
              43.820943
            ],
            [
              4.925121,
              43.820552
            ],
            [
              4.932948,
              43.817795
            ],
            [
              4.939994,
              43.816167
            ],
            [
              4.941466,
              43.807972
            ],
            [
              4.940425,
              43.805919
            ],
            [
              4.940493,
              43.805524
            ],
            [
              4.940529,
              43.805391
            ],
            [
              4.940969,
              43.804406
            ],
            [
              4.941343,
              43.804354
            ],
            [
              4.94224,
              43.804347
            ],
            [
              4.948754,
              43.8022
            ],
            [
              4.952124,
              43.795356
            ],
            [
              4.946746,
              43.789142
            ],
            [
              4.946892,
              43.787311
            ],
            [
              4.947194,
              43.78557
            ],
            [
              4.951674,
              43.784556
            ],
            [
              4.955147,
              43.781103
            ],
            [
              4.957467,
              43.779822
            ],
            [
              4.96106,
              43.779597
            ],
            [
              4.965839,
              43.780607
            ],
            [
              4.969299,
              43.781601
            ],
            [
              4.976752,
              43.78195
            ],
            [
              4.980041,
              43.783413
            ],
            [
              4.981925,
              43.789658
            ],
            [
              4.989618,
              43.785587
            ],
            [
              4.989509,
              43.784539
            ],
            [
              4.993673,
              43.779061
            ],
            [
              4.986146,
              43.774875
            ],
            [
              4.985335,
              43.775111
            ],
            [
              4.984893,
              43.775139
            ],
            [
              4.984663,
              43.775137
            ],
            [
              4.981718,
              43.769163
            ],
            [
              4.981405,
              43.768923
            ],
            [
              4.980717,
              43.768461
            ],
            [
              4.980023,
              43.768028
            ],
            [
              4.978029,
              43.767135
            ],
            [
              4.977039,
              43.766915
            ],
            [
              4.974547,
              43.766432
            ],
            [
              4.97428,
              43.766367
            ],
            [
              4.973289,
              43.764041
            ],
            [
              4.973466,
              43.763577
            ],
            [
              4.975128,
              43.762868
            ],
            [
              4.975394,
              43.762933
            ],
            [
              4.977705,
              43.763377
            ],
            [
              4.980577,
              43.763668
            ],
            [
              4.981106,
              43.763732
            ],
            [
              4.987202,
              43.765129
            ],
            [
              4.995532,
              43.764611
            ],
            [
              4.99844,
              43.763642
            ],
            [
              4.998759,
              43.763817
            ],
            [
              4.999454,
              43.764378
            ],
            [
              5.004887,
              43.767194
            ],
            [
              5.005868,
              43.769256
            ],
            [
              5.006342,
              43.770411
            ],
            [
              5.014173,
              43.774796
            ],
            [
              5.017627,
              43.773779
            ],
            [
              5.017686,
              43.77381
            ],
            [
              5.022535,
              43.774595
            ],
            [
              5.027415,
              43.775832
            ],
            [
              5.027714,
              43.775792
            ],
            [
              5.029499,
              43.776369
            ],
            [
              5.032647,
              43.778244
            ],
            [
              5.034327,
              43.780593
            ],
            [
              5.042787,
              43.782086
            ],
            [
              5.045617,
              43.780935
            ],
            [
              5.047758,
              43.779504
            ],
            [
              5.049849,
              43.777007
            ],
            [
              5.051698,
              43.773934
            ],
            [
              5.051113,
              43.768539
            ],
            [
              5.050927,
              43.768132
            ],
            [
              5.050786,
              43.767706
            ],
            [
              5.041891,
              43.766404
            ],
            [
              5.038668,
              43.764801
            ],
            [
              5.033465,
              43.765046
            ],
            [
              5.031916,
              43.764794
            ],
            [
              5.029582,
              43.763206
            ],
            [
              5.028919,
              43.762963
            ],
            [
              5.028708,
              43.762796
            ],
            [
              5.028271,
              43.762482
            ],
            [
              5.022826,
              43.755459
            ],
            [
              5.022361,
              43.755264
            ],
            [
              5.020393,
              43.754347
            ],
            [
              5.019145,
              43.752391
            ],
            [
              5.018697,
              43.751699
            ],
            [
              5.018634,
              43.751547
            ],
            [
              5.021533,
              43.747314
            ],
            [
              5.018286,
              43.739112
            ],
            [
              5.012467,
              43.738794
            ],
            [
              5.012173,
              43.738787
            ],
            [
              5.011715,
              43.738718
            ],
            [
              5.010571,
              43.737833
            ],
            [
              5.010087,
              43.736919
            ],
            [
              5.005675,
              43.731192
            ],
            [
              4.999214,
              43.728321
            ],
            [
              4.995162,
              43.729669
            ],
            [
              4.993942,
              43.729068
            ],
            [
              4.985871,
              43.726264
            ],
            [
              4.984133,
              43.7275
            ],
            [
              4.983436,
              43.727928
            ],
            [
              4.980846,
              43.729721
            ],
            [
              4.980437,
              43.72985
            ],
            [
              4.971973,
              43.728293
            ],
            [
              4.963243,
              43.727158
            ],
            [
              4.962554,
              43.727289
            ],
            [
              4.961602,
              43.727442
            ],
            [
              4.959412,
              43.724585
            ],
            [
              4.959847,
              43.724252
            ],
            [
              4.960291,
              43.723995
            ],
            [
              4.960712,
              43.723842
            ],
            [
              4.961178,
              43.723756
            ],
            [
              4.962941,
              43.723453
            ],
            [
              4.964971,
              43.723055
            ],
            [
              4.966779,
              43.722733
            ],
            [
              4.967273,
              43.722704
            ],
            [
              4.968811,
              43.722639
            ],
            [
              4.969261,
              43.722614
            ],
            [
              4.970787,
              43.722761
            ],
            [
              4.971338,
              43.722881
            ],
            [
              4.973196,
              43.723205
            ],
            [
              4.973614,
              43.72327
            ],
            [
              4.976397,
              43.723411
            ],
            [
              4.97675,
              43.723393
            ],
            [
              4.97888,
              43.723042
            ],
            [
              4.979147,
              43.722963
            ],
            [
              4.980065,
              43.722732
            ],
            [
              4.980535,
              43.722599
            ],
            [
              4.981212,
              43.722445
            ],
            [
              4.981895,
              43.722422
            ],
            [
              4.987058,
              43.721986
            ],
            [
              4.987505,
              43.721845
            ],
            [
              4.989458,
              43.721343
            ],
            [
              4.991823,
              43.720774
            ],
            [
              4.995076,
              43.720193
            ],
            [
              4.995631,
              43.720086
            ],
            [
              4.997853,
              43.71982
            ],
            [
              4.998102,
              43.719775
            ],
            [
              5.000248,
              43.71895
            ],
            [
              5.002465,
              43.711487
            ],
            [
              5.001207,
              43.709787
            ],
            [
              4.998803,
              43.708021
            ],
            [
              4.99514,
              43.700359
            ],
            [
              4.987063,
              43.700225
            ],
            [
              4.986644,
              43.700371
            ],
            [
              4.985848,
              43.700606
            ],
            [
              4.98457,
              43.700959
            ],
            [
              4.983092,
              43.701543
            ],
            [
              4.982408,
              43.701766
            ],
            [
              4.980401,
              43.702427
            ],
            [
              4.979652,
              43.702737
            ],
            [
              4.979105,
              43.702916
            ],
            [
              4.978248,
              43.70326
            ],
            [
              4.977159,
              43.703766
            ],
            [
              4.976919,
              43.703874
            ],
            [
              4.975771,
              43.704275
            ],
            [
              4.974939,
              43.704344
            ],
            [
              4.974592,
              43.700761
            ],
            [
              4.967686,
              43.697137
            ],
            [
              4.964474,
              43.697638
            ],
            [
              4.959014,
              43.700078
            ],
            [
              4.958021,
              43.700978
            ],
            [
              4.957099,
              43.701727
            ],
            [
              4.956517,
              43.701815
            ],
            [
              4.950137,
              43.705487
            ],
            [
              4.949682,
              43.707865
            ],
            [
              4.949482,
              43.709097
            ],
            [
              4.948415,
              43.711824
            ],
            [
              4.948388,
              43.71183
            ],
            [
              4.946734,
              43.711422
            ],
            [
              4.943586,
              43.709471
            ],
            [
              4.936168,
              43.70468
            ],
            [
              4.933408,
              43.704139
            ],
            [
              4.932883,
              43.704023
            ],
            [
              4.932106,
              43.703795
            ],
            [
              4.931081,
              43.70338
            ],
            [
              4.92758,
              43.699795
            ],
            [
              4.924168,
              43.697968
            ],
            [
              4.917007,
              43.698754
            ],
            [
              4.916262,
              43.698756
            ],
            [
              4.907943,
              43.697862
            ],
            [
              4.904393,
              43.696746
            ],
            [
              4.899683,
              43.691093
            ],
            [
              4.89542,
              43.686903
            ],
            [
              4.890114,
              43.686962
            ],
            [
              4.886634,
              43.687882
            ],
            [
              4.879957,
              43.693599
            ],
            [
              4.879847,
              43.693821
            ],
            [
              4.87813,
              43.694472
            ],
            [
              4.870391,
              43.692569
            ],
            [
              4.869372,
              43.69113
            ],
            [
              4.861253,
              43.693603
            ],
            [
              4.861171,
              43.693622
            ],
            [
              4.861162,
              43.693624
            ],
            [
              4.861047,
              43.693649
            ],
            [
              4.859201,
              43.6924
            ],
            [
              4.857914,
              43.690827
            ],
            [
              4.853743,
              43.686435
            ],
            [
              4.851806,
              43.684501
            ],
            [
              4.844905,
              43.681682
            ],
            [
              4.843022,
              43.681978
            ],
            [
              4.842661,
              43.68201
            ],
            [
              4.840661,
              43.682174
            ],
            [
              4.838892,
              43.682286
            ],
            [
              4.838226,
              43.682258
            ],
            [
              4.837527,
              43.682172
            ],
            [
              4.836999,
              43.68209
            ],
            [
              4.83639,
              43.681945
            ],
            [
              4.835862,
              43.681765
            ],
            [
              4.835295,
              43.681504
            ],
            [
              4.834468,
              43.680932
            ],
            [
              4.833674,
              43.680107
            ],
            [
              4.833316,
              43.679545
            ],
            [
              4.83315,
              43.679091
            ],
            [
              4.833086,
              43.678313
            ],
            [
              4.833161,
              43.677859
            ],
            [
              4.833411,
              43.677203
            ],
            [
              4.833533,
              43.671574
            ],
            [
              4.83339,
              43.671087
            ],
            [
              4.833334,
              43.670215
            ],
            [
              4.82552,
              43.665977
            ],
            [
              4.823824,
              43.666791
            ],
            [
              4.821686,
              43.66806
            ],
            [
              4.820425,
              43.668986
            ],
            [
              4.815196,
              43.668504
            ],
            [
              4.815099,
              43.668448
            ],
            [
              4.811468,
              43.666678
            ],
            [
              4.805196,
              43.665794
            ],
            [
              4.79943,
              43.669971
            ],
            [
              4.799364,
              43.672814
            ],
            [
              4.801419,
              43.678672
            ],
            [
              4.801139,
              43.682262
            ],
            [
              4.801207,
              43.683289
            ],
            [
              4.801418,
              43.686169
            ],
            [
              4.797828,
              43.686433
            ],
            [
              4.797616,
              43.683553
            ],
            [
              4.792055,
              43.6784
            ],
            [
              4.792357,
              43.677151
            ],
            [
              4.789364,
              43.670976
            ],
            [
              4.785765,
              43.671023
            ],
            [
              4.782416,
              43.670022
            ],
            [
              4.779023,
              43.669506
            ],
            [
              4.776808,
              43.669426
            ],
            [
              4.77324,
              43.669905
            ],
            [
              4.769706,
              43.669852
            ],
            [
              4.768601,
              43.669182
            ],
            [
              4.768437,
              43.668361
            ],
            [
              4.762607,
              43.661808
            ],
            [
              4.760747,
              43.661825
            ],
            [
              4.7589,
              43.661841
            ],
            [
              4.756159,
              43.661885
            ],
            [
              4.752637,
              43.658082
            ],
            [
              4.753137,
              43.654517
            ],
            [
              4.757876,
              43.649764
            ],
            [
              4.754453,
              43.641728
            ],
            [
              4.753237,
              43.641731
            ],
            [
              4.748777,
              43.643035
            ],
            [
              4.743042,
              43.648004
            ],
            [
              4.739443,
              43.647915
            ],
            [
              4.731352,
              43.644557
            ],
            [
              4.730356,
              43.644668
            ],
            [
              4.72267,
              43.641685
            ],
            [
              4.718705,
              43.642595
            ],
            [
              4.71474,
              43.643505
            ],
            [
              4.710775,
              43.644415
            ],
            [
              4.70681,
              43.645325
            ],
            [
              4.702845,
              43.646235
            ],
            [
              4.69888,
              43.647145
            ],
            [
              4.694915,
              43.648055
            ],
            [
              4.69095,
              43.648965
            ],
            [
              4.686986,
              43.649875
            ],
            [
              4.683021,
              43.650785
            ],
            [
              4.679056,
              43.651695
            ],
            [
              4.675091,
              43.652605
            ],
            [
              4.671126,
              43.653515
            ],
            [
              4.667161,
              43.654425
            ],
            [
              4.663196,
              43.655335
            ],
            [
              4.659241,
              43.656242
            ],
            [
              4.656795,
              43.656818
            ],
            [
              4.65592,
              43.657047
            ],
            [
              4.655028,
              43.657317
            ],
            [
              4.6543,
              43.657566
            ],
            [
              4.647774,
              43.663071
            ],
            [
              4.646252,
              43.666333
            ],
            [
              4.642242,
              43.665586
            ],
            [
              4.633497,
              43.667568
            ],
            [
              4.633063,
              43.667791
            ],
            [
              4.626869,
              43.67091
            ],
            [
              4.62503,
              43.672377
            ],
            [
              4.62365,
              43.67366
            ],
            [
              4.621198,
              43.671024
            ],
            [
              4.622578,
              43.66974
            ],
            [
              4.623477,
              43.668967
            ],
            [
              4.625156,
              43.667629
            ],
            [
              4.626167,
              43.66683
            ],
            [
              4.62668,
              43.666452
            ],
            [
              4.627245,
              43.666063
            ],
            [
              4.628406,
              43.66533
            ],
            [
              4.633353,
              43.662243
            ],
            [
              4.635661,
              43.660971
            ],
            [
              4.636509,
              43.660577
            ],
            [
              4.638257,
              43.659841
            ],
            [
              4.640032,
              43.659148
            ],
            [
              4.643752,
              43.657733
            ],
            [
              4.64578,
              43.656959
            ],
            [
              4.64907,
              43.6557
            ],
            [
              4.652361,
              43.654441
            ],
            [
              4.653068,
              43.654184
            ],
            [
              4.65386,
              43.653912
            ],
            [
              4.654874,
              43.653602
            ],
            [
              4.655878,
              43.653337
            ],
            [
              4.658416,
              43.652738
            ],
            [
              4.662391,
              43.651826
            ],
            [
              4.666356,
              43.650916
            ],
            [
              4.670321,
              43.650006
            ],
            [
              4.674285,
              43.649096
            ],
            [
              4.67825,
              43.648186
            ],
            [
              4.682215,
              43.647276
            ],
            [
              4.68618,
              43.646366
            ],
            [
              4.690145,
              43.645456
            ],
            [
              4.69411,
              43.644546
            ],
            [
              4.698075,
              43.643636
            ],
            [
              4.70204,
              43.642726
            ],
            [
              4.706005,
              43.641816
            ],
            [
              4.70997,
              43.640906
            ],
            [
              4.713935,
              43.639996
            ],
            [
              4.7179,
              43.639086
            ],
            [
              4.721865,
              43.638176
            ],
            [
              4.72583,
              43.637266
            ],
            [
              4.729794,
              43.636356
            ],
            [
              4.730628,
              43.636147
            ],
            [
              4.732157,
              43.635716
            ],
            [
              4.732903,
              43.635467
            ],
            [
              4.733632,
              43.635198
            ],
            [
              4.734257,
              43.634942
            ],
            [
              4.735805,
              43.633932
            ],
            [
              4.737955,
              43.632808
            ],
            [
              4.739401,
              43.632077
            ],
            [
              4.735742,
              43.623864
            ],
            [
              4.732458,
              43.622389
            ],
            [
              4.725858,
              43.61854
            ],
            [
              4.724403,
              43.618254
            ],
            [
              4.723522,
              43.618189
            ],
            [
              4.722992,
              43.61817
            ],
            [
              4.722079,
              43.618179
            ],
            [
              4.719562,
              43.618138
            ],
            [
              4.719619,
              43.614539
            ],
            [
              4.722465,
              43.614445
            ],
            [
              4.723639,
              43.614591
            ],
            [
              4.724661,
              43.614663
            ],
            [
              4.72519,
              43.614721
            ],
            [
              4.726623,
              43.615023
            ],
            [
              4.7273,
              43.615102
            ],
            [
              4.730038,
              43.615383
            ],
            [
              4.734743,
              43.60902
            ],
            [
              4.738341,
              43.608877
            ],
            [
              4.739341,
              43.611122
            ],
            [
              4.738763,
              43.614675
            ],
            [
              4.742147,
              43.620875
            ],
            [
              4.749796,
              43.618132
            ],
            [
              4.750153,
              43.617458
            ],
            [
              4.750533,
              43.616779
            ],
            [
              4.750839,
              43.616324
            ],
            [
              4.751142,
              43.615904
            ],
            [
              4.748242,
              43.607389
            ],
            [
              4.74801,
              43.607289
            ],
            [
              4.744589,
              43.600846
            ],
            [
              4.742324,
              43.598048
            ],
            [
              4.740474,
              43.593195
            ],
            [
              4.733512,
              43.587844
            ],
            [
              4.731997,
              43.587964
            ],
            [
              4.725871,
              43.592895
            ],
            [
              4.72474,
              43.595977
            ],
            [
              4.723532,
              43.59917
            ],
            [
              4.720165,
              43.597896
            ],
            [
              4.721373,
              43.594703
            ],
            [
              4.722491,
              43.591655
            ],
            [
              4.72327,
              43.589599
            ],
            [
              4.724004,
              43.588325
            ],
            [
              4.725149,
              43.583562
            ],
            [
              4.721456,
              43.57885
            ],
            [
              4.717939,
              43.576926
            ],
            [
              4.717547,
              43.576802
            ],
            [
              4.715706,
              43.574102
            ],
            [
              4.716319,
              43.573617
            ],
            [
              4.717011,
              43.573277
            ],
            [
              4.717459,
              43.573201
            ],
            [
              4.718123,
              43.573248
            ],
            [
              4.719614,
              43.573645
            ],
            [
              4.719861,
              43.573701
            ],
            [
              4.72022,
              43.573818
            ],
            [
              4.725066,
              43.574234
            ],
            [
              4.725419,
              43.574143
            ],
            [
              4.726921,
              43.573688
            ],
            [
              4.728799,
              43.57254
            ],
            [
              4.730725,
              43.571365
            ],
            [
              4.725984,
              43.563869
            ],
            [
              4.722601,
              43.563367
            ],
            [
              4.719826,
              43.561075
            ],
            [
              4.717938,
              43.559326
            ],
            [
              4.718465,
              43.555765
            ],
            [
              4.720991,
              43.554774
            ],
            [
              4.726597,
              43.554128
            ],
            [
              4.730893,
              43.553266
            ],
            [
              4.731134,
              43.553324
            ],
            [
              4.733036,
              43.555035
            ],
            [
              4.733084,
              43.555121
            ],
            [
              4.734037,
              43.557345
            ],
            [
              4.73894,
              43.561457
            ],
            [
              4.74356,
              43.560948
            ],
            [
              4.74581,
              43.559413
            ],
            [
              4.748097,
              43.557853
            ],
            [
              4.748772,
              43.557428
            ],
            [
              4.749234,
              43.557192
            ],
            [
              4.751274,
              43.556246
            ],
            [
              4.751836,
              43.556085
            ],
            [
              4.753121,
              43.555723
            ],
            [
              4.753473,
              43.55562
            ],
            [
              4.758309,
              43.554104
            ],
            [
              4.75897,
              43.553964
            ],
            [
              4.759795,
              43.555135
            ],
            [
              4.760769,
              43.557083
            ],
            [
              4.760178,
              43.557424
            ],
            [
              4.75912,
              43.557904
            ],
            [
              4.756328,
              43.559041
            ],
            [
              4.755778,
              43.559174
            ],
            [
              4.755291,
              43.55919
            ],
            [
              4.753585,
              43.559389
            ],
            [
              4.752325,
              43.55969
            ],
            [
              4.750777,
              43.560445
            ],
            [
              4.750049,
              43.560878
            ],
            [
              4.747839,
              43.562387
            ],
            [
              4.748714,
              43.57121
            ],
            [
              4.754918,
              43.57153
            ],
            [
              4.755345,
              43.571452
            ],
            [
              4.755881,
              43.571423
            ],
            [
              4.761447,
              43.568552
            ],
            [
              4.76355,
              43.566842
            ],
            [
              4.766273,
              43.565595
            ],
            [
              4.767916,
              43.562699
            ],
            [
              4.772381,
              43.559033
            ],
            [
              4.773367,
              43.55557
            ],
            [
              4.775941,
              43.556304
            ],
            [
              4.778514,
              43.557037
            ],
            [
              4.778817,
              43.557113
            ],
            [
              4.787097,
              43.554248
            ],
            [
              4.787982,
              43.550806
            ],
            [
              4.787999,
              43.55074
            ],
            [
              4.790068,
              43.549468
            ],
            [
              4.7931,
              43.543001
            ],
            [
              4.794794,
              43.535686
            ],
            [
              4.793935,
              43.53243
            ],
            [
              4.795099,
              43.529023
            ],
            [
              4.799361,
              43.527982
            ],
            [
              4.800071,
              43.527747
            ],
            [
              4.800405,
              43.527714
            ],
            [
              4.801378,
              43.527963
            ],
            [
              4.803706,
              43.531239
            ],
            [
              4.805183,
              43.532413
            ],
            [
              4.811875,
              43.532417
            ],
            [
              4.81315,
              43.525824
            ],
            [
              4.808745,
              43.522141
            ],
            [
              4.806341,
              43.519462
            ],
            [
              4.807264,
              43.518634
            ],
            [
              4.809736,
              43.516472
            ],
            [
              4.811121,
              43.515288
            ],
            [
              4.812317,
              43.51443
            ],
            [
              4.814676,
              43.512928
            ],
            [
              4.814978,
              43.512763
            ],
            [
              4.81968,
              43.514499
            ],
            [
              4.822575,
              43.516284
            ],
            [
              4.828133,
              43.510224
            ],
            [
              4.826044,
              43.507292
            ],
            [
              4.827844,
              43.50601
            ],
            [
              4.833616,
              43.499852
            ],
            [
              4.836014,
              43.498009
            ],
            [
              4.837657,
              43.496909
            ],
            [
              4.839216,
              43.495869
            ],
            [
              4.839753,
              43.495494
            ],
            [
              4.840891,
              43.494766
            ],
            [
              4.841276,
              43.494496
            ],
            [
              4.842368,
              43.493806
            ],
            [
              4.843928,
              43.492669
            ],
            [
              4.84706,
              43.493312
            ],
            [
              4.847962,
              43.493942
            ],
            [
              4.850182,
              43.495466
            ],
            [
              4.857118,
              43.493977
            ],
            [
              4.860067,
              43.493328
            ],
            [
              4.86036,
              43.493735
            ],
            [
              4.86062,
              43.494938
            ],
            [
              4.868273,
              43.498324
            ],
            [
              4.87091,
              43.496322
            ],
            [
              4.873567,
              43.48905
            ],
            [
              4.871865,
              43.487098
            ],
            [
              4.870004,
              43.485443
            ],
            [
              4.869568,
              43.484892
            ],
            [
              4.867515,
              43.482734
            ],
            [
              4.866257,
              43.482029
            ],
            [
              4.864691,
              43.481335
            ],
            [
              4.86304,
              43.480745
            ],
            [
              4.861173,
              43.480155
            ],
            [
              4.859296,
              43.479562
            ],
            [
              4.856358,
              43.478615
            ],
            [
              4.853421,
              43.477668
            ],
            [
              4.850483,
              43.476722
            ],
            [
              4.847466,
              43.475747
            ],
            [
              4.846419,
              43.475355
            ],
            [
              4.845648,
              43.475044
            ],
            [
              4.844775,
              43.474617
            ],
            [
              4.84366,
              43.47396
            ],
            [
              4.842926,
              43.473436
            ],
            [
              4.842059,
              43.472738
            ],
            [
              4.841435,
              43.472122
            ],
            [
              4.841046,
              43.471678
            ],
            [
              4.832241,
              43.469839
            ],
            [
              4.829871,
              43.470609
            ],
            [
              4.825469,
              43.470223
            ],
            [
              4.820869,
              43.469473
            ],
            [
              4.815977,
              43.471418
            ],
            [
              4.815007,
              43.472115
            ],
            [
              4.812965,
              43.47337
            ],
            [
              4.807998,
              43.478185
            ],
            [
              4.807578,
              43.478777
            ],
            [
              4.806725,
              43.47963
            ],
            [
              4.806005,
              43.480083
            ],
            [
              4.805211,
              43.480418
            ],
            [
              4.799949,
              43.482879
            ],
            [
              4.799433,
              43.483183
            ],
            [
              4.798934,
              43.483373
            ],
            [
              4.797872,
              43.483656
            ],
            [
              4.797064,
              43.483917
            ],
            [
              4.794914,
              43.484461
            ],
            [
              4.791354,
              43.485354
            ],
            [
              4.790598,
              43.485474
            ],
            [
              4.790241,
              43.485474
            ],
            [
              4.790241,
              43.481874
            ],
            [
              4.790995,
              43.481651
            ],
            [
              4.794153,
              43.480943
            ],
            [
              4.796179,
              43.480428
            ],
            [
              4.799775,
              43.472663
            ],
            [
              4.802946,
              43.470959
            ],
            [
              4.808957,
              43.471611
            ],
            [
              4.81108,
              43.470303
            ],
            [
              4.812546,
              43.462995
            ],
            [
              4.808936,
              43.460664
            ],
            [
              4.805326,
              43.458332
            ],
            [
              4.801716,
              43.456
            ],
            [
              4.798112,
              43.453672
            ],
            [
              4.796164,
              43.452423
            ],
            [
              4.794217,
              43.451174
            ],
            [
              4.79227,
              43.449926
            ],
            [
              4.790323,
              43.448678
            ],
            [
              4.788348,
              43.445705
            ],
            [
              4.7903,
              43.44268
            ],
            [
              4.793246,
              43.44458
            ],
            [
              4.796192,
              43.44648
            ],
            [
              4.799502,
              43.448615
            ],
            [
              4.802812,
              43.45075
            ],
            [
              4.806122,
              43.452885
            ],
            [
              4.809432,
              43.45502
            ],
            [
              4.812742,
              43.457155
            ],
            [
              4.816052,
              43.45929
            ],
            [
              4.81795,
              43.460496
            ],
            [
              4.819858,
              43.461709
            ],
            [
              4.820682,
              43.462274
            ],
            [
              4.821917,
              43.462989
            ],
            [
              4.822325,
              43.463181
            ],
            [
              4.823064,
              43.463495
            ],
            [
              4.824365,
              43.463896
            ],
            [
              4.825011,
              43.464039
            ],
            [
              4.825704,
              43.464174
            ],
            [
              4.826472,
              43.464267
            ],
            [
              4.827276,
              43.464325
            ],
            [
              4.834215,
              43.458626
            ],
            [
              4.834498,
              43.457446
            ],
            [
              4.834906,
              43.45515
            ],
            [
              4.835582,
              43.451263
            ],
            [
              4.835693,
              43.449643
            ],
            [
              4.833199,
              43.4413
            ],
            [
              4.831863,
              43.440052
            ],
            [
              4.828792,
              43.43724
            ],
            [
              4.82696,
              43.435524
            ],
            [
              4.825206,
              43.433904
            ],
            [
              4.823519,
              43.432343
            ],
            [
              4.821994,
              43.431068
            ],
            [
              4.821306,
              43.430524
            ],
            [
              4.820377,
              43.42981
            ],
            [
              4.818983,
              43.428786
            ],
            [
              4.816475,
              43.427079
            ],
            [
              4.813815,
              43.425256
            ],
            [
              4.810855,
              43.423164
            ],
            [
              4.810364,
              43.422897
            ],
            [
              4.809937,
              43.422628
            ],
            [
              4.807618,
              43.421047
            ],
            [
              4.8053,
              43.419467
            ],
            [
              4.802981,
              43.417886
            ],
            [
              4.800689,
              43.416323
            ],
            [
              4.79888,
              43.415133
            ],
            [
              4.798329,
              43.414813
            ],
            [
              4.797043,
              43.414143
            ],
            [
              4.796385,
              43.413844
            ],
            [
              4.794067,
              43.41288
            ],
            [
              4.792909,
              43.412313
            ],
            [
              4.792093,
              43.411837
            ],
            [
              4.790967,
              43.410996
            ],
            [
              4.790005,
              43.410153
            ],
            [
              4.781429,
              43.412016
            ],
            [
              4.778849,
              43.414663
            ],
            [
              4.776952,
              43.416609
            ],
            [
              4.775054,
              43.418556
            ],
            [
              4.772476,
              43.416043
            ],
            [
              4.775149,
              43.407477
            ],
            [
              4.778362,
              43.406935
            ],
            [
              4.785419,
              43.402769
            ],
            [
              4.789431,
              43.397145
            ],
            [
              4.7895,
              43.397121
            ],
            [
              4.791939,
              43.397171
            ],
            [
              4.791972,
              43.397177
            ],
            [
              4.793413,
              43.397864
            ],
            [
              4.793441,
              43.397892
            ],
            [
              4.79335,
              43.40059
            ],
            [
              4.794692,
              43.409186
            ],
            [
              4.795639,
              43.409641
            ],
            [
              4.797764,
              43.410519
            ],
            [
              4.798526,
              43.410862
            ],
            [
              4.799987,
              43.411618
            ],
            [
              4.800678,
              43.412014
            ],
            [
              4.802664,
              43.413313
            ],
            [
              4.805009,
              43.414912
            ],
            [
              4.813216,
              43.41437
            ],
            [
              4.816842,
              43.410089
            ],
            [
              4.818542,
              43.409019
            ],
            [
              4.819325,
              43.408514
            ],
            [
              4.823545,
              43.405763
            ],
            [
              4.825653,
              43.404408
            ],
            [
              4.82791,
              43.403131
            ],
            [
              4.829631,
              43.402002
            ],
            [
              4.83535,
              43.40394
            ],
            [
              4.836947,
              43.40459
            ],
            [
              4.835776,
              43.409044
            ],
            [
              4.834293,
              43.416693
            ],
            [
              4.834176,
              43.418162
            ],
            [
              4.834076,
              43.419761
            ],
            [
              4.838306,
              43.427256
            ],
            [
              4.83897,
              43.429699
            ],
            [
              4.843027,
              43.436699
            ],
            [
              4.851305,
              43.437878
            ],
            [
              4.852794,
              43.437192
            ],
            [
              4.853459,
              43.437042
            ],
            [
              4.853952,
              43.437028
            ],
            [
              4.856006,
              43.437213
            ],
            [
              4.856008,
              43.441293
            ],
            [
              4.854017,
              43.442885
            ],
            [
              4.851733,
              43.447762
            ],
            [
              4.854833,
              43.45251
            ],
            [
              4.856783,
              43.453232
            ],
            [
              4.863455,
              43.453811
            ],
            [
              4.864115,
              43.453505
            ],
            [
              4.866314,
              43.452504
            ],
            [
              4.868513,
              43.451504
            ],
            [
              4.87034,
              43.450673
            ],
            [
              4.872166,
              43.449842
            ],
            [
              4.873657,
              43.453119
            ],
            [
              4.87183,
              43.45395
            ],
            [
              4.870004,
              43.454781
            ],
            [
              4.867805,
              43.455781
            ],
            [
              4.865605,
              43.456782
            ],
            [
              4.864756,
              43.45722
            ],
            [
              4.864071,
              43.457484
            ],
            [
              4.86119,
              43.458801
            ],
            [
              4.858206,
              43.461167
            ],
            [
              4.857648,
              43.461609
            ],
            [
              4.856072,
              43.46294
            ],
            [
              4.855612,
              43.462867
            ],
            [
              4.853512,
              43.462204
            ],
            [
              4.851704,
              43.46151
            ],
            [
              4.85122,
              43.461236
            ],
            [
              4.843678,
              43.463665
            ],
            [
              4.845158,
              43.470611
            ],
            [
              4.845744,
              43.471024
            ],
            [
              4.846587,
              43.471506
            ],
            [
              4.84721,
              43.4718
            ],
            [
              4.847748,
              43.472009
            ],
            [
              4.848729,
              43.472376
            ],
            [
              4.851587,
              43.473295
            ],
            [
              4.854525,
              43.474242
            ],
            [
              4.857463,
              43.475189
            ],
            [
              4.8604,
              43.476135
            ],
            [
              4.862257,
              43.476722
            ],
            [
              4.864125,
              43.477312
            ],
            [
              4.871664,
              43.474882
            ],
            [
              4.876042,
              43.472133
            ],
            [
              4.878172,
              43.465977
            ],
            [
              4.879626,
              43.464429
            ],
            [
              4.886813,
              43.459763
            ],
            [
              4.887913,
              43.456793
            ],
            [
              4.888762,
              43.454405
            ],
            [
              4.889342,
              43.453673
            ],
            [
              4.889835,
              43.453359
            ],
            [
              4.890361,
              43.45317
            ],
            [
              4.890849,
              43.453101
            ],
            [
              4.891264,
              43.453106
            ],
            [
              4.894891,
              43.456496
            ],
            [
              4.90206,
              43.453398
            ],
            [
              4.903208,
              43.451815
            ],
            [
              4.903585,
              43.451358
            ],
            [
              4.904397,
              43.450852
            ],
            [
              4.904974,
              43.450691
            ],
            [
              4.905686,
              43.450657
            ],
            [
              4.906339,
              43.450781
            ],
            [
              4.909657,
              43.451842
            ],
            [
              4.911329,
              43.443017
            ],
            [
              4.910859,
              43.442552
            ],
            [
              4.910551,
              43.442105
            ],
            [
              4.91027,
              43.441432
            ],
            [
              4.910179,
              43.44072
            ],
            [
              4.908942,
              43.434677
            ],
            [
              4.904621,
              43.430424
            ],
            [
              4.902273,
              43.429487
            ],
            [
              4.896614,
              43.427235
            ],
            [
              4.894462,
              43.426365
            ],
            [
              4.893606,
              43.425946
            ],
            [
              4.89298,
              43.425597
            ],
            [
              4.892214,
              43.425103
            ],
            [
              4.891769,
              43.42478
            ],
            [
              4.891314,
              43.424416
            ],
            [
              4.890797,
              43.423951
            ],
            [
              4.888634,
              43.421814
            ],
            [
              4.888291,
              43.421092
            ],
            [
              4.884801,
              43.413368
            ],
            [
              4.88494,
              43.41253
            ],
            [
              4.885296,
              43.41185
            ],
            [
              4.89152,
              43.406931
            ],
            [
              4.891175,
              43.40737
            ],
            [
              4.890281,
              43.408831
            ],
            [
              4.890706,
              43.416364
            ],
            [
              4.894565,
              43.41787
            ],
            [
              4.899122,
              43.423673
            ],
            [
              4.903964,
              43.423922
            ],
            [
              4.906179,
              43.423619
            ],
            [
              4.907506,
              43.424563
            ],
            [
              4.912381,
              43.429028
            ],
            [
              4.915691,
              43.429986
            ],
            [
              4.918157,
              43.430543
            ],
            [
              4.919559,
              43.430715
            ],
            [
              4.920028,
              43.4308
            ],
            [
              4.921919,
              43.431269
            ],
            [
              4.929591,
              43.431752
            ],
            [
              4.930607,
              43.431735
            ],
            [
              4.931323,
              43.431683
            ],
            [
              4.93203,
              43.431604
            ],
            [
              4.939832,
              43.428116
            ],
            [
              4.940076,
              43.428103
            ],
            [
              4.94878,
              43.428508
            ],
            [
              4.951982,
              43.427975
            ],
            [
              4.955185,
              43.427442
            ],
            [
              4.958387,
              43.426909
            ],
            [
              4.959212,
              43.426846
            ],
            [
              4.961589,
              43.426375
            ],
            [
              4.9631,
              43.4262
            ],
            [
              4.964792,
              43.425842
            ],
            [
              4.970689,
              43.421913
            ],
            [
              4.970688,
              43.416206
            ],
            [
              4.970784,
              43.414194
            ],
            [
              4.970949,
              43.413755
            ],
            [
              4.971555,
              43.413053
            ],
            [
              4.974674,
              43.409782
            ],
            [
              4.974215,
              43.402487
            ],
            [
              4.974211,
              43.402265
            ],
            [
              4.974294,
              43.402126
            ],
            [
              4.974492,
              43.401879
            ],
            [
              4.980522,
              43.39565
            ],
            [
              4.98099,
              43.395265
            ],
            [
              4.981577,
              43.394945
            ],
            [
              4.982062,
              43.394783
            ],
            [
              4.984553,
              43.396598
            ],
            [
              4.99247,
              43.392477
            ],
            [
              4.992773,
              43.389077
            ],
            [
              4.99263,
              43.388158
            ],
            [
              4.992639,
              43.387582
            ],
            [
              4.992707,
              43.387116
            ],
            [
              4.992746,
              43.386971
            ],
            [
              4.992954,
              43.386286
            ],
            [
              4.993284,
              43.385599
            ],
            [
              4.99369,
              43.384974
            ],
            [
              4.994186,
              43.38439
            ],
            [
              4.994779,
              43.383851
            ],
            [
              4.995339,
              43.383438
            ],
            [
              4.996059,
              43.382979
            ],
            [
              5.001696,
              43.378313
            ],
            [
              5.003761,
              43.375915
            ],
            [
              5.00899,
              43.369834
            ],
            [
              5.014555,
              43.364535
            ],
            [
              5.016109,
              43.361882
            ],
            [
              5.016212,
              43.361675
            ],
            [
              5.018547,
              43.360658
            ],
            [
              5.024434,
              43.356194
            ],
            [
              5.02337,
              43.352062
            ],
            [
              5.022408,
              43.349735
            ],
            [
              5.022406,
              43.349645
            ],
            [
              5.021564,
              43.344636
            ],
            [
              5.024835,
              43.345166
            ],
            [
              5.02813,
              43.346927
            ],
            [
              5.029425,
              43.347283
            ],
            [
              5.029797,
              43.34738
            ],
            [
              5.034532,
              43.347383
            ],
            [
              5.037154,
              43.345705
            ],
            [
              5.035339,
              43.33784
            ],
            [
              5.033734,
              43.336637
            ],
            [
              5.033838,
              43.336144
            ],
            [
              5.034261,
              43.332902
            ],
            [
              5.036687,
              43.330466
            ],
            [
              5.038595,
              43.329718
            ],
            [
              5.041262,
              43.328955
            ],
            [
              4.518239,
              42.273476
            ],
            [
              3.731702,
              41.329616
            ],
            [
              3.734468,
              41.327311
            ],
            [
              4.521005,
              42.271171
            ],
            [
              5.053314,
              43.325731
            ],
            [
              5.055159,
              43.326826
            ],
            [
              5.058218,
              43.329828
            ],
            [
              5.059673,
              43.331538
            ],
            [
              5.060155,
              43.33222
            ],
            [
              5.065251,
              43.334988
            ],
            [
              5.07015,
              43.333617
            ],
            [
              5.073472,
              43.332059
            ],
            [
              5.076148,
              43.330658
            ],
            [
              5.076296,
              43.330579
            ],
            [
              5.083192,
              43.329049
            ],
            [
              5.089424,
              43.331176
            ],
            [
              5.093573,
              43.329093
            ],
            [
              5.094174,
              43.328715
            ],
            [
              5.09461,
              43.328509
            ],
            [
              5.09499,
              43.328383
            ],
            [
              5.095744,
              43.328267
            ],
            [
              5.100442,
              43.327749
            ],
            [
              5.101223,
              43.327693
            ],
            [
              5.101888,
              43.327786
            ],
            [
              5.102273,
              43.327892
            ],
            [
              5.103098,
              43.328199
            ],
            [
              5.111425,
              43.327586
            ],
            [
              5.112998,
              43.327435
            ],
            [
              5.114343,
              43.327501
            ],
            [
              5.118953,
              43.328534
            ],
            [
              5.127146,
              43.328145
            ],
            [
              5.128691,
              43.327452
            ],
            [
              5.129132,
              43.327297
            ],
            [
              5.129531,
              43.327198
            ],
            [
              5.130007,
              43.327138
            ],
            [
              5.130873,
              43.327126
            ],
            [
              5.13131,
              43.327136
            ],
            [
              5.133142,
              43.327341
            ],
            [
              5.13362,
              43.327442
            ],
            [
              5.134313,
              43.327744
            ],
            [
              5.141323,
              43.331307
            ],
            [
              5.14363,
              43.331447
            ],
            [
              5.147125,
              43.332635
            ],
            [
              5.148139,
              43.340413
            ],
            [
              5.153767,
              43.342145
            ],
            [
              5.160346,
              43.337671
            ],
            [
              5.161221,
              43.337703
            ],
            [
              5.162201,
              43.33779
            ],
            [
              5.162931,
              43.337893
            ],
            [
              5.162274,
              43.341432
            ],
            [
              5.158193,
              43.34775
            ],
            [
              5.157811,
              43.352496
            ],
            [
              5.157316,
              43.356034
            ],
            [
              5.160802,
              43.363077
            ],
            [
              5.162511,
              43.363479
            ],
            [
              5.167964,
              43.365723
            ],
            [
              5.171991,
              43.365205
            ],
            [
              5.172441,
              43.365045
            ],
            [
              5.173945,
              43.364575
            ],
            [
              5.176011,
              43.364702
            ],
            [
              5.183237,
              43.372162
            ],
            [
              5.18648,
              43.370597
            ],
            [
              5.187542,
              43.363826
            ],
            [
              5.187413,
              43.360763
            ],
            [
              5.18683,
              43.358947
            ],
            [
              5.186329,
              43.350941
            ],
            [
              5.184461,
              43.343758
            ],
            [
              5.182493,
              43.342103
            ],
            [
              5.181871,
              43.341107
            ],
            [
              5.181643,
              43.339554
            ],
            [
              5.18129,
              43.337909
            ],
            [
              5.181337,
              43.337155
            ],
            [
              5.181632,
              43.336189
            ],
            [
              5.183839,
              43.334438
            ],
            [
              5.188087,
              43.330857
            ],
            [
              5.189191,
              43.330825
            ],
            [
              5.189792,
              43.330929
            ],
            [
              5.194206,
              43.331443
            ],
            [
              5.201923,
              43.332319
            ],
            [
              5.2046,
              43.332655
            ],
            [
              5.205773,
              43.332706
            ],
            [
              5.213179,
              43.328638
            ],
            [
              5.214105,
              43.328534
            ],
            [
              5.216421,
              43.328947
            ],
            [
              5.223933,
              43.33284
            ],
            [
              5.224292,
              43.333026
            ],
            [
              5.224903,
              43.333531
            ],
            [
              5.225187,
              43.334012
            ],
            [
              5.225593,
              43.335322
            ],
            [
              5.229403,
              43.341606
            ],
            [
              5.234579,
              43.338612
            ],
            [
              5.235289,
              43.334757
            ],
            [
              5.235071,
              43.332133
            ],
            [
              5.237715,
              43.332325
            ],
            [
              5.238806,
              43.332504
            ],
            [
              5.239341,
              43.332746
            ],
            [
              5.239895,
              43.333113
            ],
            [
              5.246124,
              43.337121
            ],
            [
              5.247051,
              43.338904
            ],
            [
              5.24611,
              43.340721
            ],
            [
              5.241256,
              43.348279
            ],
            [
              5.240879,
              43.349628
            ],
            [
              5.239254,
              43.35092
            ],
            [
              5.237421,
              43.352121
            ],
            [
              5.236651,
              43.352417
            ],
            [
              5.230174,
              43.35748
            ],
            [
              5.228749,
              43.358487
            ],
            [
              5.224316,
              43.365565
            ],
            [
              5.237474,
              43.384077
            ],
            [
              5.239915,
              43.383524
            ],
            [
              5.240482,
              43.383687
            ],
            [
              5.242168,
              43.384233
            ],
            [
              5.242446,
              43.384487
            ],
            [
              5.242737,
              43.384752
            ],
            [
              5.243015,
              43.385055
            ],
            [
              5.249913,
              43.38641
            ],
            [
              5.252742,
              43.382479
            ],
            [
              5.252935,
              43.381478
            ],
            [
              5.253141,
              43.380633
            ],
            [
              5.253376,
              43.380086
            ],
            [
              5.253657,
              43.379704
            ],
            [
              5.254257,
              43.379218
            ],
            [
              5.254749,
              43.378803
            ],
            [
              5.25568,
              43.378058
            ],
            [
              5.25578,
              43.377984
            ],
            [
              5.256817,
              43.377329
            ],
            [
              5.258912,
              43.37719
            ],
            [
              5.260025,
              43.377472
            ],
            [
              5.263756,
              43.378079
            ],
            [
              5.264557,
              43.378259
            ],
            [
              5.265881,
              43.378744
            ],
            [
              5.26629,
              43.37891
            ],
            [
              5.266856,
              43.379198
            ],
            [
              5.2679,
              43.379636
            ],
            [
              5.268861,
              43.380199
            ],
            [
              5.269476,
              43.380651
            ],
            [
              5.270062,
              43.381315
            ],
            [
              5.27841,
              43.377495
            ],
            [
              5.278341,
              43.376791
            ],
            [
              5.278641,
              43.375893
            ],
            [
              5.278229,
              43.37124
            ],
            [
              5.277969,
              43.370544
            ],
            [
              5.277767,
              43.370069
            ],
            [
              5.277443,
              43.368994
            ],
            [
              5.276543,
              43.367272
            ],
            [
              5.279681,
              43.365473
            ],
            [
              5.284631,
              43.363168
            ],
            [
              5.291613,
              43.365771
            ],
            [
              5.292004,
              43.365892
            ],
            [
              5.292497,
              43.366099
            ],
            [
              5.293197,
              43.366625
            ],
            [
              5.294121,
              43.368055
            ],
            [
              5.294309,
              43.368424
            ],
            [
              5.295593,
              43.374095
            ],
            [
              5.295639,
              43.374524
            ],
            [
              5.295769,
              43.375656
            ],
            [
              5.295765,
              43.376516
            ],
            [
              5.293947,
              43.378925
            ],
            [
              5.298171,
              43.386317
            ],
            [
              5.301667,
              43.389579
            ],
            [
              5.303354,
              43.390591
            ],
            [
              5.30656,
              43.392041
            ],
            [
              5.309117,
              43.392861
            ],
            [
              5.311596,
              43.395409
            ],
            [
              5.311143,
              43.395902
            ],
            [
              5.310523,
              43.396241
            ],
            [
              5.309144,
              43.396911
            ],
            [
              5.308343,
              43.397135
            ],
            [
              5.307887,
              43.397139
            ],
            [
              5.307274,
              43.396992
            ],
            [
              5.30567,
              43.396342
            ],
            [
              5.30146,
              43.394132
            ],
            [
              5.300762,
              43.393773
            ],
            [
              5.300282,
              43.393287
            ],
            [
              5.294384,
              43.38971
            ],
            [
              5.285805,
              43.390817
            ],
            [
              5.285167,
              43.391741
            ],
            [
              5.284386,
              43.392484
            ],
            [
              5.28353,
              43.393369
            ],
            [
              5.28053,
              43.391739
            ],
            [
              5.280702,
              43.391365
            ],
            [
              5.28113,
              43.390686
            ],
            [
              5.281979,
              43.388948
            ],
            [
              5.282403,
              43.387335
            ],
            [
              5.278371,
              43.380256
            ],
            [
              5.27004,
              43.382776
            ],
            [
              5.268862,
              43.383809
            ],
            [
              5.268679,
              43.383831
            ],
            [
              5.267377,
              43.383479
            ],
            [
              5.266721,
              43.383174
            ],
            [
              5.265523,
              43.382542
            ],
            [
              5.26194,
              43.381812
            ],
            [
              5.255828,
              43.386246
            ],
            [
              5.255757,
              43.386424
            ],
            [
              5.254987,
              43.387188
            ],
            [
              5.254706,
              43.387476
            ],
            [
              5.252568,
              43.390403
            ],
            [
              5.249804,
              43.390211
            ],
            [
              5.241137,
              43.388214
            ],
            [
              5.238378,
              43.386779
            ],
            [
              5.237508,
              43.385903
            ],
            [
              5.237342,
              43.384889
            ],
            [
              5.237426,
              43.384379
            ],
            [
              5.222807,
              43.365772
            ],
            [
              5.218306,
              43.362296
            ],
            [
              5.212787,
              43.365434
            ],
            [
              5.206412,
              43.36424
            ],
            [
              5.202564,
              43.367907
            ],
            [
              5.201586,
              43.370387
            ],
            [
              5.199669,
              43.37454
            ],
            [
              5.199401,
              43.375088
            ],
            [
              5.197454,
              43.376171
            ],
            [
              5.194458,
              43.375246
            ],
            [
              5.193854,
              43.375106
            ],
            [
              5.192958,
              43.374949
            ],
            [
              5.19091,
              43.374658
            ],
            [
              5.189176,
              43.374457
            ],
            [
              5.187619,
              43.374341
            ],
            [
              5.186578,
              43.374241
            ],
            [
              5.185277,
              43.374079
            ],
            [
              5.184288,
              43.373468
            ],
            [
              5.175851,
              43.373491
            ],
            [
              5.174739,
              43.373958
            ],
            [
              5.173524,
              43.374518
            ],
            [
              5.171223,
              43.375648
            ],
            [
              5.170636,
              43.375911
            ],
            [
              5.17007,
              43.376134
            ],
            [
              5.169443,
              43.376352
            ],
            [
              5.168654,
              43.376571
            ],
            [
              5.167601,
              43.37682
            ],
            [
              5.165685,
              43.377202
            ],
            [
              5.163706,
              43.377598
            ],
            [
              5.162393,
              43.377893
            ],
            [
              5.160402,
              43.378425
            ],
            [
              5.158906,
              43.378885
            ],
            [
              5.157699,
              43.379307
            ],
            [
              5.156272,
              43.379872
            ],
            [
              5.155116,
              43.380383
            ],
            [
              5.153911,
              43.380972
            ],
            [
              5.15297,
              43.381457
            ],
            [
              5.150326,
              43.382929
            ],
            [
              5.147804,
              43.384374
            ],
            [
              5.146771,
              43.384711
            ],
            [
              5.146434,
              43.38486
            ],
            [
              5.144556,
              43.385716
            ],
            [
              5.136904,
              43.38107
            ],
            [
              5.134915,
              43.380114
            ],
            [
              5.126408,
              43.381816
            ],
            [
              5.124207,
              43.384902
            ],
            [
              5.120934,
              43.386778
            ],
            [
              5.120126,
              43.386777
            ],
            [
              5.113935,
              43.391733
            ],
            [
              5.109225,
              43.397166
            ],
            [
              5.113399,
              43.404731
            ],
            [
              5.114785,
              43.404411
            ],
            [
              5.116199,
              43.403932
            ],
            [
              5.118703,
              43.402521
            ],
            [
              5.121574,
              43.400264
            ],
            [
              5.123151,
              43.399079
            ],
            [
              5.132057,
              43.400111
            ],
            [
              5.135021,
              43.401136
            ],
            [
              5.140774,
              43.403526
            ],
            [
              5.14807,
              43.402985
            ],
            [
              5.152599,
              43.396822
            ],
            [
              5.15679,
              43.396508
            ],
            [
              5.162289,
              43.396367
            ],
            [
              5.166868,
              43.397262
            ],
            [
              5.169606,
              43.397333
            ],
            [
              5.177112,
              43.400503
            ],
            [
              5.182633,
              43.399262
            ],
            [
              5.187238,
              43.398787
            ],
            [
              5.191023,
              43.398721
            ],
            [
              5.196195,
              43.404096
            ],
            [
              5.193335,
              43.408055
            ],
            [
              5.193923,
              43.413764
            ],
            [
              5.198003,
              43.41979
            ],
            [
              5.199325,
              43.425346
            ],
            [
              5.198977,
              43.433673
            ],
            [
              5.206131,
              43.433918
            ],
            [
              5.207732,
              43.432764
            ],
            [
              5.207939,
              43.432659
            ],
            [
              5.209194,
              43.431934
            ],
            [
              5.213514,
              43.430227
            ],
            [
              5.2213,
              43.426962
            ],
            [
              5.224269,
              43.42513
            ],
            [
              5.225499,
              43.424856
            ],
            [
              5.226346,
              43.424774
            ],
            [
              5.232794,
              43.43101
            ],
            [
              5.23293,
              43.432466
            ],
            [
              5.226651,
              43.438372
            ],
            [
              5.220451,
              43.444138
            ],
            [
              5.221111,
              43.451343
            ],
            [
              5.225409,
              43.457914
            ],
            [
              5.225582,
              43.458384
            ],
            [
              5.225929,
              43.459166
            ],
            [
              5.227825,
              43.462807
            ],
            [
              5.228914,
              43.470446
            ],
            [
              5.22713,
              43.472744
            ],
            [
              5.226262,
              43.474548
            ],
            [
              5.225356,
              43.477102
            ],
            [
              5.223561,
              43.480855
            ],
            [
              5.223114,
              43.481596
            ],
            [
              5.222652,
              43.482503
            ],
            [
              5.220781,
              43.485336
            ],
            [
              5.219954,
              43.48668
            ],
            [
              5.212956,
              43.49164
            ],
            [
              5.210874,
              43.491615
            ],
            [
              5.205753,
              43.490651
            ],
            [
              5.203303,
              43.496676
            ],
            [
              5.206007,
              43.504948
            ],
            [
              5.213864,
              43.507583
            ],
            [
              5.214406,
              43.50777
            ],
            [
              5.21496,
              43.507956
            ],
            [
              5.222192,
              43.512557
            ],
            [
              5.225016,
              43.513658
            ],
            [
              5.232223,
              43.510724
            ],
            [
              5.232874,
              43.509678
            ],
            [
              5.233418,
              43.508709
            ],
            [
              5.233869,
              43.507823
            ],
            [
              5.234426,
              43.506646
            ],
            [
              5.234919,
              43.505476
            ],
            [
              5.235355,
              43.504308
            ],
            [
              5.23585,
              43.502796
            ],
            [
              5.236333,
              43.501077
            ],
            [
              5.237074,
              43.497796
            ],
            [
              5.23718,
              43.493354
            ],
            [
              5.240913,
              43.489495
            ],
            [
              5.241655,
              43.48688
            ],
            [
              5.236202,
              43.480485
            ],
            [
              5.238426,
              43.477652
            ],
            [
              5.2387,
              43.476831
            ],
            [
              5.238859,
              43.47628
            ],
            [
              5.247282,
              43.474519
            ],
            [
              5.248051,
              43.474065
            ],
            [
              5.248612,
              43.473971
            ],
            [
              5.249233,
              43.474018
            ],
            [
              5.253403,
              43.466197
            ],
            [
              5.25356,
              43.461073
            ],
            [
              5.253631,
              43.459231
            ],
            [
              5.253379,
              43.455974
            ],
            [
              5.252958,
              43.452562
            ],
            [
              5.244446,
              43.446597
            ],
            [
              5.243575,
              43.447487
            ],
            [
              5.242635,
              43.448541
            ],
            [
              5.242306,
              43.448941
            ],
            [
              5.241476,
              43.449997
            ],
            [
              5.240863,
              43.450816
            ],
            [
              5.240752,
              43.450987
            ],
            [
              5.237737,
              43.44903
            ],
            [
              5.237848,
              43.448858
            ],
            [
              5.238488,
              43.447719
            ],
            [
              5.23953,
              43.446649
            ],
            [
              5.239952,
              43.44614
            ],
            [
              5.241002,
              43.44497
            ],
            [
              5.241892,
              43.44406
            ],
            [
              5.242611,
              43.443341
            ],
            [
              5.245001,
              43.446034
            ],
            [
              5.257317,
              43.446908
            ],
            [
              5.25775,
              43.446447
            ],
            [
              5.259618,
              43.444188
            ],
            [
              5.259941,
              43.443821
            ],
            [
              5.26372,
              43.43906
            ],
            [
              5.265681,
              43.435575
            ],
            [
              5.272296,
              43.431443
            ],
            [
              5.275092,
              43.43283
            ],
            [
              5.277457,
              43.43422
            ],
            [
              5.277999,
              43.434673
            ],
            [
              5.278376,
              43.435043
            ],
            [
              5.279122,
              43.435908
            ],
            [
              5.280013,
              43.442685
            ],
            [
              5.275968,
              43.446091
            ],
            [
              5.275464,
              43.446352
            ],
            [
              5.274918,
              43.446664
            ],
            [
              5.274103,
              43.447102
            ],
            [
              5.27317,
              43.455706
            ],
            [
              5.274282,
              43.458075
            ],
            [
              5.276505,
              43.466752
            ],
            [
              5.278828,
              43.466899
            ],
            [
              5.28528,
              43.464419
            ],
            [
              5.290783,
              43.468706
            ],
            [
              5.298671,
              43.471439
            ],
            [
              5.304167,
              43.467572
            ],
            [
              5.306183,
              43.467919
            ],
            [
              5.30774,
              43.46801
            ],
            [
              5.312169,
              43.454411
            ],
            [
              5.311481,
              43.45411
            ],
            [
              5.304402,
              43.450949
            ],
            [
              5.301644,
              43.452712
            ],
            [
              5.300799,
              43.452821
            ],
            [
              5.300454,
              43.452764
            ],
            [
              5.299108,
              43.452246
            ],
            [
              5.298833,
              43.451611
            ],
            [
              5.29846,
              43.450699
            ],
            [
              5.299029,
              43.448558
            ],
            [
              5.299575,
              43.446071
            ],
            [
              5.300079,
              43.444878
            ],
            [
              5.30114,
              43.444074
            ],
            [
              5.30758,
              43.442779
            ],
            [
              5.311916,
              43.439233
            ],
            [
              5.312647,
              43.439376
            ],
            [
              5.319673,
              43.438706
            ],
            [
              5.32256,
              43.437138
            ],
            [
              5.322566,
              43.437135
            ],
            [
              5.32362,
              43.436648
            ],
            [
              5.33127,
              43.433479
            ],
            [
              5.331817,
              43.433112
            ],
            [
              5.332331,
              43.432897
            ],
            [
              5.333,
              43.432779
            ],
            [
              5.337641,
              43.432259
            ],
            [
              5.337755,
              43.432338
            ],
            [
              5.338274,
              43.432908
            ],
            [
              5.339255,
              43.434606
            ],
            [
              5.339493,
              43.435282
            ],
            [
              5.339829,
              43.436467
            ],
            [
              5.339958,
              43.437314
            ],
            [
              5.339359,
              43.439476
            ],
            [
              5.333453,
              43.442486
            ],
            [
              5.340268,
              43.455956
            ],
            [
              5.32314,
              43.448682
            ],
            [
              5.322592,
              43.449264
            ],
            [
              5.322283,
              43.449443
            ],
            [
              5.32026,
              43.450228
            ],
            [
              5.313808,
              43.454785
            ],
            [
              5.312977,
              43.454669
            ],
            [
              5.309219,
              43.468757
            ],
            [
              5.311497,
              43.469227
            ],
            [
              5.312658,
              43.471417
            ],
            [
              5.321484,
              43.47127
            ],
            [
              5.324917,
              43.470813
            ],
            [
              5.3304,
              43.469464
            ],
            [
              5.334861,
              43.47025
            ],
            [
              5.335564,
              43.470973
            ],
            [
              5.336607,
              43.47324
            ],
            [
              5.335212,
              43.475339
            ],
            [
              5.334788,
              43.475707
            ],
            [
              5.333959,
              43.476603
            ],
            [
              5.332984,
              43.477299
            ],
            [
              5.332031,
              43.477767
            ],
            [
              5.3268,
              43.478904
            ],
            [
              5.325729,
              43.486749
            ],
            [
              5.332696,
              43.489644
            ],
            [
              5.335832,
              43.489242
            ],
            [
              5.34417,
              43.4884
            ],
            [
              5.35905,
              43.476552
            ],
            [
              5.359293,
              43.475738
            ],
            [
              5.359608,
              43.474936
            ],
            [
              5.359879,
              43.474363
            ],
            [
              5.360333,
              43.473827
            ],
            [
              5.361596,
              43.472124
            ],
            [
              5.361831,
              43.471895
            ],
            [
              5.362678,
              43.471852
            ],
            [
              5.365225,
              43.472661
            ],
            [
              5.372052,
              43.46739
            ],
            [
              5.374352,
              43.467187
            ],
            [
              5.376456,
              43.46736
            ],
            [
              5.376341,
              43.467827
            ],
            [
              5.37539,
              43.468738
            ],
            [
              5.373479,
              43.470758
            ],
            [
              5.372324,
              43.471779
            ],
            [
              5.372165,
              43.471871
            ],
            [
              5.369088,
              43.473477
            ],
            [
              5.367437,
              43.474694
            ],
            [
              5.36335,
              43.477487
            ],
            [
              5.362277,
              43.477718
            ],
            [
              5.361388,
              43.477428
            ],
            [
              5.359484,
              43.476875
            ],
            [
              5.360846,
              43.500241
            ],
            [
              5.364693,
              43.501015
            ],
            [
              5.37149,
              43.499768
            ],
            [
              5.374893,
              43.499173
            ],
            [
              5.377101,
              43.49967
            ],
            [
              5.37934,
              43.502995
            ],
            [
              5.378709,
              43.511498
            ],
            [
              5.383158,
              43.511753
            ],
            [
              5.383873,
              43.51155
            ],
            [
              5.384395,
              43.511518
            ],
            [
              5.385036,
              43.511578
            ],
            [
              5.391795,
              43.508053
            ],
            [
              5.391999,
              43.50846
            ],
            [
              5.398111,
              43.514952
            ],
            [
              5.404733,
              43.516531
            ],
            [
              5.408374,
              43.516783
            ],
            [
              5.413462,
              43.513355
            ],
            [
              5.418688,
              43.51721
            ],
            [
              5.424166,
              43.517477
            ],
            [
              5.428833,
              43.516554
            ],
            [
              5.429599,
              43.516188
            ],
            [
              5.431397,
              43.519307
            ],
            [
              5.428621,
              43.524839
            ],
            [
              5.428622,
              43.524918
            ],
            [
              5.435015,
              43.530425
            ],
            [
              5.439131,
              43.526927
            ],
            [
              5.441956,
              43.522062
            ],
            [
              5.443028,
              43.519997
            ],
            [
              5.443873,
              43.517045
            ],
            [
              5.442469,
              43.511958
            ],
            [
              5.436957,
              43.508393
            ],
            [
              5.435421,
              43.505461
            ],
            [
              5.435171,
              43.50378
            ],
            [
              5.435118,
              43.503128
            ],
            [
              5.420606,
              43.496238
            ],
            [
              5.420631,
              43.496219
            ],
            [
              5.436028,
              43.49942
            ],
            [
              5.436849,
              43.494462
            ],
            [
              5.43694,
              43.49431
            ],
            [
              5.437675,
              43.492429
            ],
            [
              5.431803,
              43.48629
            ],
            [
              5.431746,
              43.485827
            ],
            [
              5.431758,
              43.485454
            ],
            [
              5.431513,
              43.480404
            ],
            [
              5.430932,
              43.478573
            ],
            [
              5.432267,
              43.477005
            ],
            [
              5.433995,
              43.476627
            ],
            [
              5.438416,
              43.473037
            ],
            [
              5.442285,
              43.472206
            ],
            [
              5.42523,
              43.465149
            ],
            [
              5.415828,
              43.464297
            ],
            [
              5.408444,
              43.473535
            ],
            [
              5.408265,
              43.474377
            ],
            [
              5.402317,
              43.476287
            ],
            [
              5.400652,
              43.477029
            ],
            [
              5.401031,
              43.476543
            ],
            [
              5.401965,
              43.475775
            ],
            [
              5.40498,
              43.472904
            ],
            [
              5.408266,
              43.472538
            ],
            [
              5.415215,
              43.463963
            ],
            [
              5.416954,
              43.461296
            ],
            [
              5.424543,
              43.464117
            ],
            [
              5.429629,
              43.445182
            ],
            [
              5.424867,
              43.464478
            ],
            [
              5.44276,
              43.472019
            ],
            [
              5.44326,
              43.471897
            ],
            [
              5.44402,
              43.471865
            ],
            [
              5.445381,
              43.47196
            ],
            [
              5.452629,
              43.47578
            ],
            [
              5.452905,
              43.475898
            ],
            [
              5.453452,
              43.476156
            ],
            [
              5.453643,
              43.476253
            ],
            [
              5.454084,
              43.476551
            ],
            [
              5.454408,
              43.476876
            ],
            [
              5.455813,
              43.478098
            ],
            [
              5.461083,
              43.481567
            ],
            [
              5.461641,
              43.481802
            ],
            [
              5.462293,
              43.482231
            ],
            [
              5.463977,
              43.483777
            ],
            [
              5.471379,
              43.486609
            ],
            [
              5.477408,
              43.483931
            ],
            [
              5.47783,
              43.483642
            ],
            [
              5.484491,
              43.484003
            ],
            [
              5.486161,
              43.483971
            ],
            [
              5.494631,
              43.482316
            ],
            [
              5.498834,
              43.47752
            ],
            [
              5.501498,
              43.476064
            ],
            [
              5.503785,
              43.474831
            ],
            [
              5.502275,
              43.466724
            ],
            [
              5.500963,
              43.46613
            ],
            [
              5.498879,
              43.46142
            ],
            [
              5.498241,
              43.460483
            ],
            [
              5.498417,
              43.458281
            ],
            [
              5.493451,
              43.452421
            ],
            [
              5.491121,
              43.452713
            ],
            [
              5.488188,
              43.453419
            ],
            [
              5.483721,
              43.453751
            ],
            [
              5.469901,
              43.450886
            ],
            [
              5.481945,
              43.448387
            ],
            [
              5.482633,
              43.447119
            ],
            [
              5.483948,
              43.440878
            ],
            [
              5.476832,
              43.436996
            ],
            [
              5.472701,
              43.432208
            ],
            [
              5.473474,
              43.431883
            ],
            [
              5.476322,
              43.429276
            ],
            [
              5.476524,
              43.429095
            ],
            [
              5.480107,
              43.429227
            ],
            [
              5.483803,
              43.428683
            ],
            [
              5.486514,
              43.425166
            ],
            [
              5.487119,
              43.421351
            ],
            [
              5.478741,
              43.419539
            ],
            [
              5.478168,
              43.419189
            ],
            [
              5.473217,
              43.419067
            ],
            [
              5.468662,
              43.419913
            ],
            [
              5.467809,
              43.420393
            ],
            [
              5.466627,
              43.420862
            ],
            [
              5.466157,
              43.421057
            ],
            [
              5.465135,
              43.421323
            ],
            [
              5.46508,
              43.421318
            ],
            [
              5.461725,
              43.419991
            ],
            [
              5.462144,
              43.419234
            ],
            [
              5.462707,
              43.418665
            ],
            [
              5.463655,
              43.413037
            ],
            [
              5.456201,
              43.411101
            ],
            [
              5.448182,
              43.410737
            ],
            [
              5.440441,
              43.412109
            ],
            [
              5.439618,
              43.412174
            ],
            [
              5.434757,
              43.412507
            ],
            [
              5.42926,
              43.40898
            ],
            [
              5.423793,
              43.411196
            ],
            [
              5.423301,
              43.420388
            ],
            [
              5.426315,
              43.421387
            ],
            [
              5.426108,
              43.42236
            ],
            [
              5.425885,
              43.422743
            ],
            [
              5.425457,
              43.423232
            ],
            [
              5.423619,
              43.424864
            ],
            [
              5.42275,
              43.425763
            ],
            [
              5.422208,
              43.426078
            ],
            [
              5.42166,
              43.426237
            ],
            [
              5.420305,
              43.42654
            ],
            [
              5.418189,
              43.423985
            ],
            [
              5.418643,
              43.423358
            ],
            [
              5.418923,
              43.423096
            ],
            [
              5.419745,
              43.422777
            ],
            [
              5.419927,
              43.413907
            ],
            [
              5.412995,
              43.411056
            ],
            [
              5.404464,
              43.409049
            ],
            [
              5.403722,
              43.409963
            ],
            [
              5.402928,
              43.4108
            ],
            [
              5.402454,
              43.410805
            ],
            [
              5.402035,
              43.41075
            ],
            [
              5.395414,
              43.412956
            ],
            [
              5.39343,
              43.418154
            ],
            [
              5.39285,
              43.418426
            ],
            [
              5.392396,
              43.418617
            ],
            [
              5.389788,
              43.419666
            ],
            [
              5.385346,
              43.421442
            ],
            [
              5.383027,
              43.41835
            ],
            [
              5.380338,
              43.413395
            ],
            [
              5.381597,
              43.412221
            ],
            [
              5.387871,
              43.407456
            ],
            [
              5.385655,
              43.398958
            ],
            [
              5.383197,
              43.398554
            ],
            [
              5.382957,
              43.398179
            ],
            [
              5.382209,
              43.397106
            ],
            [
              5.381721,
              43.396247
            ],
            [
              5.380857,
              43.388002
            ],
            [
              5.381633,
              43.386679
            ],
            [
              5.381972,
              43.386416
            ],
            [
              5.382373,
              43.386199
            ],
            [
              5.389077,
              43.382171
            ],
            [
              5.395791,
              43.376746
            ],
            [
              5.395044,
              43.375023
            ],
            [
              5.395449,
              43.37407
            ],
            [
              5.395738,
              43.373773
            ],
            [
              5.395991,
              43.373576
            ],
            [
              5.396797,
              43.37321
            ],
            [
              5.402063,
              43.369577
            ],
            [
              5.408724,
              43.36477
            ],
            [
              5.402387,
              43.356218
            ],
            [
              5.401627,
              43.356694
            ],
            [
              5.399778,
              43.353737
            ],
            [
              5.400557,
              43.352458
            ],
            [
              5.400812,
              43.35212
            ],
            [
              5.401138,
              43.351964
            ],
            [
              5.403974,
              43.353839
            ],
            [
              5.403378,
              43.354866
            ],
            [
              5.403161,
              43.355241
            ],
            [
              5.402973,
              43.355503
            ],
            [
              5.402552,
              43.35604
            ],
            [
              5.411213,
              43.361389
            ],
            [
              5.414497,
              43.359947
            ],
            [
              5.416388,
              43.361136
            ],
            [
              5.419435,
              43.362909
            ],
            [
              5.420189,
              43.363303
            ],
            [
              5.420976,
              43.364205
            ],
            [
              5.420985,
              43.364334
            ],
            [
              5.421654,
              43.371046
            ],
            [
              5.428968,
              43.371075
            ],
            [
              5.436409,
              43.368273
            ],
            [
              5.436526,
              43.369008
            ],
            [
              5.436772,
              43.369938
            ],
            [
              5.436836,
              43.370586
            ],
            [
              5.436814,
              43.371132
            ],
            [
              5.443596,
              43.37685
            ],
            [
              5.447498,
              43.37307
            ],
            [
              5.4485,
              43.372197
            ],
            [
              5.448849,
              43.371861
            ],
            [
              5.450269,
              43.371315
            ],
            [
              5.453831,
              43.369264
            ],
            [
              5.457313,
              43.365416
            ],
            [
              5.457995,
              43.364727
            ],
            [
              5.46657,
              43.363569
            ],
            [
              5.467069,
              43.363872
            ],
            [
              5.467109,
              43.363896
            ],
            [
              5.470822,
              43.369137
            ],
            [
              5.475837,
              43.372654
            ],
            [
              5.476467,
              43.373329
            ],
            [
              5.477061,
              43.373901
            ],
            [
              5.478126,
              43.375304
            ],
            [
              5.482268,
              43.376631
            ],
            [
              5.486625,
              43.371956
            ],
            [
              5.487776,
              43.367071
            ],
            [
              5.488104,
              43.366623
            ],
            [
              5.4968,
              43.368547
            ],
            [
              5.501567,
              43.361274
            ],
            [
              5.498254,
              43.357022
            ],
            [
              5.50315,
              43.352153
            ],
            [
              5.505266,
              43.350881
            ],
            [
              5.506984,
              43.343694
            ],
            [
              5.502484,
              43.340636
            ],
            [
              5.500703,
              43.340185
            ],
            [
              5.498854,
              43.339362
            ],
            [
              5.499771,
              43.335501
            ],
            [
              5.501356,
              43.326676
            ],
            [
              5.50578,
              43.325554
            ],
            [
              5.512895,
              43.329603
            ],
            [
              5.514472,
              43.328871
            ],
            [
              5.517613,
              43.323397
            ],
            [
              5.516875,
              43.319781
            ],
            [
              5.516976,
              43.317953
            ],
            [
              5.516179,
              43.312774
            ],
            [
              5.517402,
              43.308602
            ],
            [
              5.522652,
              43.305847
            ],
            [
              5.529488,
              43.303067
            ],
            [
              5.534418,
              43.309421
            ],
            [
              5.537236,
              43.316388
            ],
            [
              5.542184,
              43.316145
            ],
            [
              5.547758,
              43.318277
            ],
            [
              5.554784,
              43.318171
            ],
            [
              5.556915,
              43.317965
            ],
            [
              5.557467,
              43.318767
            ],
            [
              5.562943,
              43.322774
            ],
            [
              5.564224,
              43.324101
            ],
            [
              5.568273,
              43.327039
            ],
            [
              5.571719,
              43.331915
            ],
            [
              5.572251,
              43.332775
            ],
            [
              5.572884,
              43.339769
            ],
            [
              5.575566,
              43.345922
            ],
            [
              5.576191,
              43.346367
            ],
            [
              5.579558,
              43.350425
            ],
            [
              5.584538,
              43.351302
            ],
            [
              5.585552,
              43.351071
            ],
            [
              5.591316,
              43.34697
            ],
            [
              5.587074,
              43.340119
            ],
            [
              5.587411,
              43.339988
            ],
            [
              5.588497,
              43.339727
            ],
            [
              5.595576,
              43.347148
            ],
            [
              5.60206,
              43.343499
            ],
            [
              5.602093,
              43.343455
            ],
            [
              5.602556,
              43.342897
            ],
            [
              5.606121,
              43.33755
            ],
            [
              5.606442,
              43.33611
            ],
            [
              5.607081,
              43.335547
            ],
            [
              5.607352,
              43.335418
            ],
            [
              5.598064,
              43.324423
            ],
            [
              5.595988,
              43.324965
            ],
            [
              5.592768,
              43.32238
            ],
            [
              5.591008,
              43.321392
            ],
            [
              5.590647,
              43.321169
            ],
            [
              5.590203,
              43.320835
            ],
            [
              5.589838,
              43.320474
            ],
            [
              5.588679,
              43.319454
            ],
            [
              5.587054,
              43.318348
            ],
            [
              5.585885,
              43.317506
            ],
            [
              5.585181,
              43.31696
            ],
            [
              5.584542,
              43.316433
            ],
            [
              5.583339,
              43.315339
            ],
            [
              5.58198,
              43.313934
            ],
            [
              5.580611,
              43.312514
            ],
            [
              5.579673,
              43.311631
            ],
            [
              5.578736,
              43.310848
            ],
            [
              5.577996,
              43.3103
            ],
            [
              5.575648,
              43.308771
            ],
            [
              5.572896,
              43.304945
            ],
            [
              5.577589,
              43.305739
            ],
            [
              5.579961,
              43.307284
            ],
            [
              5.580868,
              43.307948
            ],
            [
              5.581974,
              43.308863
            ],
            [
              5.583072,
              43.309887
            ],
            [
              5.584568,
              43.311431
            ],
            [
              5.585927,
              43.312836
            ],
            [
              5.586958,
              43.313764
            ],
            [
              5.587463,
              43.314175
            ],
            [
              5.588091,
              43.314661
            ],
            [
              5.589156,
              43.315425
            ],
            [
              5.590704,
              43.316478
            ],
            [
              5.592624,
              43.317767
            ],
            [
              5.593698,
              43.318507
            ],
            [
              5.594803,
              43.31941
            ],
            [
              5.598348,
              43.322247
            ],
            [
              5.603952,
              43.320355
            ],
            [
              5.611213,
              43.333447
            ],
            [
              5.611504,
              43.333164
            ],
            [
              5.617261,
              43.32837
            ],
            [
              5.616667,
              43.322903
            ],
            [
              5.617098,
              43.316347
            ],
            [
              5.612963,
              43.310971
            ],
            [
              5.613161,
              43.309649
            ],
            [
              5.61129,
              43.301851
            ],
            [
              5.608736,
              43.300837
            ],
            [
              5.608582,
              43.300379
            ],
            [
              5.609576,
              43.298312
            ],
            [
              5.610441,
              43.290612
            ],
            [
              5.610817,
              43.290655
            ],
            [
              5.612914,
              43.291092
            ],
            [
              5.61419,
              43.291688
            ],
            [
              5.622048,
              43.292637
            ],
            [
              5.613295,
              43.297158
            ],
            [
              5.614164,
              43.298735
            ],
            [
              5.620686,
              43.301691
            ],
            [
              5.625813,
              43.301965
            ],
            [
              5.626982,
              43.301477
            ],
            [
              5.63227,
              43.298136
            ],
            [
              5.631583,
              43.293378
            ],
            [
              5.634375,
              43.288883
            ],
            [
              5.634577,
              43.2872
            ],
            [
              5.635184,
              43.28598
            ],
            [
              5.635979,
              43.277445
            ],
            [
              5.627867,
              43.274201
            ],
            [
              5.624293,
              43.270948
            ],
            [
              5.62121,
              43.269426
            ],
            [
              5.620175,
              43.268424
            ],
            [
              5.620879,
              43.26581
            ],
            [
              5.625387,
              43.261272
            ],
            [
              5.626727,
              43.261457
            ],
            [
              5.627286,
              43.261528
            ],
            [
              5.634791,
              43.261262
            ],
            [
              5.635406,
              43.261004
            ],
            [
              5.636864,
              43.260609
            ],
            [
              5.637329,
              43.260433
            ],
            [
              5.637484,
              43.251463
            ],
            [
              5.635538,
              43.249718
            ],
            [
              5.627226,
              43.249188
            ],
            [
              5.62027,
              43.243523
            ],
            [
              5.615986,
              43.235755
            ],
            [
              5.612571,
              43.231779
            ],
            [
              5.605093,
              43.235561
            ],
            [
              5.602623,
              43.234901
            ],
            [
              5.598526,
              43.23449
            ],
            [
              5.592545,
              43.239458
            ],
            [
              5.591184,
              43.244596
            ],
            [
              5.59076,
              43.244708
            ],
            [
              5.587894,
              43.245563
            ],
            [
              5.587211,
              43.245823
            ],
            [
              5.585817,
              43.245707
            ],
            [
              5.583912,
              43.245419
            ],
            [
              5.579131,
              43.245928
            ],
            [
              5.578208,
              43.24593
            ],
            [
              5.577182,
              43.245321
            ],
            [
              5.576962,
              43.243189
            ],
            [
              5.577107,
              43.23619
            ],
            [
              5.576793,
              43.235293
            ],
            [
              5.575605,
              43.232995
            ],
            [
              5.579752,
              43.229408
            ],
            [
              5.581219,
              43.229119
            ],
            [
              5.58162,
              43.229272
            ],
            [
              5.583807,
              43.230315
            ],
            [
              5.591446,
              43.225562
            ],
            [
              5.591834,
              43.224615
            ],
            [
              5.592752,
              43.222516
            ],
            [
              5.593175,
              43.22174
            ],
            [
              5.595055,
              43.215081
            ],
            [
              5.592969,
              43.21107
            ],
            [
              5.585428,
              43.207696
            ],
            [
              5.583596,
              43.208453
            ],
            [
              5.583094,
              43.2087
            ],
            [
              5.582703,
              43.208925
            ],
            [
              5.58194,
              43.209169
            ],
            [
              5.5794,
              43.209168
            ],
            [
              5.573853,
              43.214668
            ],
            [
              5.573687,
              43.215367
            ],
            [
              5.573539,
              43.215638
            ],
            [
              5.57232,
              43.216549
            ],
            [
              5.571713,
              43.217068
            ],
            [
              5.567733,
              43.2174
            ],
            [
              5.565016,
              43.217371
            ],
            [
              5.561608,
              43.225539
            ],
            [
              5.561974,
              43.225944
            ],
            [
              5.563443,
              43.22699
            ],
            [
              5.563416,
              43.2281
            ],
            [
              5.562836,
              43.228808
            ],
            [
              5.562606,
              43.229141
            ],
            [
              5.561496,
              43.230827
            ],
            [
              5.559651,
              43.234775
            ],
            [
              5.559502,
              43.241271
            ],
            [
              5.565324,
              43.246753
            ],
            [
              5.559044,
              43.251326
            ],
            [
              5.563479,
              43.259123
            ],
            [
              5.564039,
              43.25914
            ],
            [
              5.564149,
              43.259165
            ],
            [
              5.567874,
              43.261862
            ],
            [
              5.56906,
              43.263211
            ],
            [
              5.574452,
              43.267402
            ],
            [
              5.590957,
              43.277259
            ],
            [
              5.591666,
              43.276948
            ],
            [
              5.592081,
              43.276797
            ],
            [
              5.593214,
              43.276852
            ],
            [
              5.595622,
              43.279496
            ],
            [
              5.59441,
              43.282885
            ],
            [
              5.592056,
              43.282383
            ],
            [
              5.590848,
              43.281094
            ],
            [
              5.590529,
              43.280461
            ],
            [
              5.59002,
              43.27814
            ],
            [
              5.574074,
              43.270992
            ],
            [
              5.570832,
              43.270749
            ],
            [
              5.570447,
              43.270696
            ],
            [
              5.568638,
              43.270417
            ],
            [
              5.564907,
              43.267893
            ],
            [
              5.560608,
              43.263986
            ],
            [
              5.554205,
              43.266393
            ],
            [
              5.553802,
              43.266361
            ],
            [
              5.553072,
              43.266302
            ],
            [
              5.55198,
              43.265637
            ],
            [
              5.551541,
              43.264279
            ],
            [
              5.551771,
              43.263479
            ],
            [
              5.547561,
              43.256199
            ],
            [
              5.546936,
              43.256013
            ],
            [
              5.546506,
              43.255795
            ],
            [
              5.545943,
              43.255337
            ],
            [
              5.540307,
              43.252738
            ],
            [
              5.537306,
              43.252515
            ],
            [
              5.535634,
              43.252341
            ],
            [
              5.532901,
              43.251904
            ],
            [
              5.532466,
              43.251717
            ],
            [
              5.528332,
              43.250863
            ],
            [
              5.526973,
              43.250936
            ],
            [
              5.520549,
              43.253936
            ],
            [
              5.519481,
              43.254549
            ],
            [
              5.518933,
              43.254677
            ],
            [
              5.517925,
              43.254931
            ],
            [
              5.516235,
              43.2552
            ],
            [
              5.516213,
              43.26438
            ],
            [
              5.517558,
              43.265349
            ],
            [
              5.518232,
              43.265825
            ],
            [
              5.518577,
              43.266218
            ],
            [
              5.518991,
              43.267044
            ],
            [
              5.515709,
              43.268393
            ],
            [
              5.515627,
              43.268388
            ],
            [
              5.514891,
              43.268004
            ],
            [
              5.514435,
              43.267708
            ],
            [
              5.513673,
              43.266975
            ],
            [
              5.513319,
              43.266522
            ],
            [
              5.513022,
              43.264883
            ],
            [
              5.513601,
              43.263765
            ],
            [
              5.514893,
              43.254949
            ],
            [
              5.511535,
              43.254871
            ],
            [
              5.510338,
              43.255135
            ],
            [
              5.508426,
              43.256089
            ],
            [
              5.507356,
              43.255905
            ],
            [
              5.505224,
              43.255111
            ],
            [
              5.504318,
              43.254503
            ],
            [
              5.503693,
              43.253769
            ],
            [
              5.50339,
              43.252206
            ],
            [
              5.503712,
              43.248434
            ],
            [
              5.503997,
              43.24636
            ],
            [
              5.499081,
              43.235484
            ],
            [
              5.498317,
              43.235525
            ],
            [
              5.49721,
              43.235617
            ],
            [
              5.494721,
              43.235844
            ],
            [
              5.491262,
              43.237305
            ],
            [
              5.490807,
              43.237623
            ],
            [
              5.490222,
              43.237828
            ],
            [
              5.489594,
              43.237991
            ],
            [
              5.488367,
              43.238127
            ],
            [
              5.487348,
              43.238321
            ],
            [
              5.486277,
              43.238489
            ],
            [
              5.485265,
              43.23862
            ],
            [
              5.484815,
              43.238551
            ],
            [
              5.472284,
              43.237094
            ],
            [
              5.466942,
              43.236794
            ],
            [
              5.45866,
              43.234412
            ],
            [
              5.451997,
              43.234778
            ],
            [
              5.44908,
              43.236864
            ],
            [
              5.441788,
              43.24119
            ],
            [
              5.438424,
              43.236063
            ],
            [
              5.438177,
              43.235747
            ],
            [
              5.437748,
              43.234867
            ],
            [
              5.428741,
              43.237983
            ],
            [
              5.422582,
              43.242296
            ],
            [
              5.417887,
              43.236833
            ],
            [
              5.40831,
              43.229116
            ],
            [
              5.394884,
              43.230959
            ],
            [
              5.38994,
              43.236879
            ],
            [
              5.387885,
              43.237277
            ],
            [
              5.385774,
              43.237105
            ],
            [
              5.38137,
              43.235096
            ],
            [
              5.374073,
              43.247394
            ],
            [
              5.374187,
              43.253771
            ],
            [
              5.373883,
              43.258963
            ],
            [
              5.369913,
              43.265144
            ],
            [
              5.365775,
              43.267897
            ],
            [
              5.365115,
              43.268299
            ],
            [
              5.361062,
              43.270753
            ],
            [
              5.354595,
              43.276218
            ],
            [
              5.353084,
              43.27744
            ],
            [
              5.349493,
              43.28048
            ],
            [
              5.348759,
              43.281077
            ],
            [
              5.347658,
              43.281821
            ],
            [
              5.339383,
              43.283626
            ],
            [
              5.336698,
              43.276144
            ],
            [
              5.334995,
              43.272056
            ],
            [
              5.333292,
              43.267968
            ],
            [
              5.33159,
              43.263881
            ],
            [
              5.329887,
              43.259793
            ],
            [
              5.328184,
              43.255706
            ],
            [
              5.326481,
              43.251618
            ],
            [
              5.324779,
              43.24753
            ],
            [
              5.323079,
              43.24345
            ],
            [
              5.32138,
              43.23937
            ],
            [
              5.318457,
              43.235508
            ],
            [
              5.303467,
              43.212102
            ],
            [
              5.30557,
              43.210814
            ],
            [
              5.30656,
              43.210352
            ],
            [
              5.309086,
              43.211585
            ],
            [
              5.309574,
              43.212322
            ],
            [
              5.311039,
              43.219278
            ],
            [
              5.313353,
              43.223257
            ],
            [
              5.315054,
              43.227339
            ],
            [
              5.316754,
              43.231421
            ],
            [
              5.343798,
              43.222381
            ],
            [
              5.343628,
              43.220134
            ],
            [
              5.343455,
              43.216376
            ],
            [
              5.344789,
              43.215285
            ],
            [
              5.348294,
              43.211771
            ],
            [
              5.353322,
              43.211102
            ],
            [
              5.35538,
              43.211352
            ],
            [
              5.355759,
              43.211691
            ],
            [
              5.355306,
              43.214107
            ],
            [
              5.355172,
              43.214195
            ],
            [
              5.351396,
              43.215409
            ],
            [
              5.349385,
              43.223546
            ],
            [
              5.352964,
              43.226104
            ],
            [
              5.353578,
              43.226395
            ],
            [
              5.354025,
              43.226763
            ],
            [
              5.355057,
              43.227803
            ],
            [
              5.355257,
              43.228134
            ],
            [
              5.364179,
              43.227501
            ],
            [
              5.36586,
              43.227073
            ],
            [
              5.36593,
              43.227119
            ],
            [
              5.366014,
              43.22732
            ],
            [
              5.370366,
              43.233837
            ],
            [
              5.377878,
              43.235214
            ],
            [
              5.378844,
              43.235004
            ],
            [
              5.379188,
              43.235
            ],
            [
              5.380629,
              43.234963
            ],
            [
              5.381189,
              43.235043
            ],
            [
              5.396118,
              43.229563
            ],
            [
              5.396197,
              43.229478
            ],
            [
              5.402194,
              43.225148
            ],
            [
              5.40408,
              43.223974
            ],
            [
              5.412918,
              43.227372
            ],
            [
              5.416595,
              43.224466
            ],
            [
              5.417592,
              43.222783
            ],
            [
              5.417708,
              43.222928
            ],
            [
              5.417613,
              43.223122
            ],
            [
              5.416919,
              43.22515
            ],
            [
              5.41668,
              43.227567
            ],
            [
              5.417583,
              43.236144
            ],
            [
              5.428993,
              43.23498
            ],
            [
              5.429154,
              43.233926
            ],
            [
              5.4296,
              43.233206
            ],
            [
              5.430079,
              43.232805
            ],
            [
              5.430653,
              43.232501
            ],
            [
              5.436826,
              43.230498
            ],
            [
              5.439445,
              43.226579
            ],
            [
              5.440122,
              43.223161
            ],
            [
              5.441524,
              43.221443
            ],
            [
              5.441979,
              43.221009
            ],
            [
              5.442694,
              43.220657
            ],
            [
              5.444908,
              43.220121
            ],
            [
              5.446953,
              43.22116
            ],
            [
              5.452553,
              43.225403
            ],
            [
              5.453238,
              43.225834
            ],
            [
              5.454048,
              43.226537
            ],
            [
              5.45479,
              43.227897
            ],
            [
              5.455394,
              43.22885
            ],
            [
              5.467686,
              43.236668
            ],
            [
              5.468135,
              43.236631
            ],
            [
              5.468441,
              43.236625
            ],
            [
              5.468809,
              43.236636
            ],
            [
              5.469234,
              43.236675
            ],
            [
              5.478628,
              43.233699
            ],
            [
              5.481152,
              43.23184
            ],
            [
              5.48977,
              43.230958
            ],
            [
              5.490338,
              43.230862
            ],
            [
              5.492452,
              43.230661
            ],
            [
              5.492897,
              43.23064
            ],
            [
              5.500086,
              43.235414
            ],
            [
              5.503735,
              43.235324
            ],
            [
              5.510122,
              43.229419
            ],
            [
              5.510222,
              43.229341
            ],
            [
              5.51107,
              43.228845
            ],
            [
              5.512042,
              43.228572
            ],
            [
              5.512766,
              43.228699
            ],
            [
              5.521551,
              43.228667
            ],
            [
              5.521998,
              43.228577
            ],
            [
              5.522388,
              43.228535
            ],
            [
              5.529926,
              43.225103
            ],
            [
              5.530728,
              43.21987
            ],
            [
              5.529781,
              43.216958
            ],
            [
              5.52475,
              43.212973
            ],
            [
              5.524075,
              43.212722
            ],
            [
              5.522789,
              43.212214
            ],
            [
              5.52092,
              43.21008
            ],
            [
              5.520026,
              43.20806
            ],
            [
              5.523365,
              43.207438
            ],
            [
              5.528941,
              43.209112
            ],
            [
              5.529907,
              43.209572
            ],
            [
              5.53128,
              43.210459
            ],
            [
              5.540183,
              43.211024
            ],
            [
              5.548151,
              43.21022
            ],
            [
              5.549504,
              43.209598
            ],
            [
              5.550162,
              43.209355
            ],
            [
              5.552873,
              43.201054
            ],
            [
              5.551853,
              43.200148
            ],
            [
              5.551565,
              43.199447
            ],
            [
              5.551403,
              43.199105
            ],
            [
              5.551171,
              43.198461
            ],
            [
              5.551017,
              43.197494
            ],
            [
              5.551041,
              43.196993
            ],
            [
              5.552109,
              43.195389
            ],
            [
              5.55258,
              43.195187
            ],
            [
              5.553202,
              43.195094
            ],
            [
              5.556847,
              43.194821
            ],
            [
              5.557479,
              43.194928
            ],
            [
              5.55995,
              43.195798
            ],
            [
              5.562128,
              43.195965
            ],
            [
              5.562769,
              43.196089
            ],
            [
              5.570645,
              43.195527
            ],
            [
              5.572681,
              43.189151
            ],
            [
              5.568626,
              43.183182
            ],
            [
              5.568622,
              43.179573
            ],
            [
              5.571636,
              43.178541
            ],
            [
              5.572534,
              43.178311
            ],
            [
              5.573211,
              43.178421
            ],
            [
              5.575785,
              43.178868
            ],
            [
              5.582596,
              43.1732
            ],
            [
              5.58315,
              43.172182
            ],
            [
              5.583979,
              43.171315
            ],
            [
              5.584286,
              43.171069
            ],
            [
              5.584614,
              43.170853
            ],
            [
              5.58538,
              43.170517
            ],
            [
              5.587482,
              43.16962
            ],
            [
              5.587993,
              43.169464
            ],
            [
              5.589559,
              43.169081
            ],
            [
              5.593199,
              43.168077
            ],
            [
              5.598795,
              43.167542
            ],
            [
              5.604193,
              43.163482
            ],
            [
              5.605604,
              43.163846
            ],
            [
              5.606134,
              43.164014
            ],
            [
              5.606695,
              43.167197
            ],
            [
              5.61089,
              43.173299
            ],
            [
              5.610916,
              43.173418
            ],
            [
              5.6132,
              43.179489
            ],
            [
              5.616211,
              43.183195
            ],
            [
              5.620488,
              43.185745
            ],
            [
              5.628248,
              43.187099
            ],
            [
              5.630359,
              43.186876
            ],
            [
              5.633608,
              43.188583
            ],
            [
              5.642366,
              43.187841
            ],
            [
              5.642638,
              43.187605
            ],
            [
              5.642891,
              43.187418
            ],
            [
              5.643542,
              43.186884
            ],
            [
              5.644159,
              43.186419
            ],
            [
              5.644697,
              43.186208
            ],
            [
              5.644975,
              43.18615
            ],
            [
              5.653453,
              43.1854
            ],
            [
              5.653973,
              43.18522
            ],
            [
              5.65452,
              43.185097
            ],
            [
              5.654983,
              43.185044
            ],
            [
              5.655664,
              43.185061
            ],
            [
              5.663913,
              43.182817
            ],
            [
              5.669765,
              43.179767
            ],
            [
              5.670307,
              43.179453
            ],
            [
              5.670767,
              43.179239
            ],
            [
              5.67107,
              43.179193
            ],
            [
              5.679303,
              43.179301
            ],
            [
              5.68034,
              43.179539
            ],
            [
              5.682664,
              43.179905
            ],
            [
              5.689644,
              43.178383
            ],
            [
              5.693488,
              43.171388
            ],
            [
              5.693635,
              43.169939
            ],
            [
              5.692601,
              43.164776
            ],
            [
              5.696074,
              43.160394
            ],
            [
              5.696387,
              43.160018
            ],
            [
              5.69667,
              43.159679
            ],
            [
              5.697033,
              43.159261
            ],
            [
              5.697596,
              43.158816
            ],
            [
              5.698137,
              43.158529
            ],
            [
              5.698612,
              43.158376
            ],
            [
              5.700811,
              43.159809
            ],
            [
              5.70587,
              43.159062
            ],
            [
              5.705145,
              43.151023
            ],
            [
              5.704314,
              43.150479
            ],
            [
              5.70372,
              43.14943
            ],
            [
              5.703636,
              43.148892
            ],
            [
              5.703632,
              43.147508
            ],
            [
              5.704944,
              43.14629
            ],
            [
              5.706741,
              43.145694
            ],
            [
              5.711287,
              43.147141
            ],
            [
              5.716952,
              43.147855
            ],
            [
              5.720699,
              43.14701
            ],
            [
              5.72733,
              43.141542
            ],
            [
              5.727947,
              43.140593
            ],
            [
              5.7284,
              43.140035
            ],
            [
              5.730335,
              43.137765
            ],
            [
              5.732716,
              43.136495
            ],
            [
              5.738852,
              43.135656
            ],
            [
              5.739158,
              43.135588
            ],
            [
              5.741923,
              43.134865
            ],
            [
              5.749289,
              43.131965
            ],
            [
              5.750053,
              43.130971
            ],
            [
              5.750181,
              43.130917
            ],
            [
              5.751345,
              43.130495
            ],
            [
              5.753941,
              43.133217
            ],
            [
              5.754032,
              43.133285
            ],
            [
              5.754894,
              43.133897
            ],
            [
              5.75779,
              43.135345
            ],
            [
              5.763985,
              43.136484
            ],
            [
              5.764624,
              43.136628
            ],
            [
              5.765158,
              43.136793
            ],
            [
              5.765931,
              43.137075
            ],
            [
              5.766795,
              43.1375
            ],
            [
              5.770733,
              43.138031
            ],
            [
              5.776199,
              43.134948
            ],
            [
              5.775385,
              43.126584
            ],
            [
              5.774805,
              43.124876
            ],
            [
              5.772814,
              43.120652
            ],
            [
              5.768266,
              43.118575
            ],
            [
              5.768405,
              43.116265
            ],
            [
              5.769134,
              43.115081
            ],
            [
              5.769982,
              43.114976
            ],
            [
              5.771358,
              43.115087
            ],
            [
              5.771832,
              43.115203
            ],
            [
              5.77514,
              43.115756
            ],
            [
              5.781181,
              43.115161
            ],
            [
              5.781705,
              43.115078
            ],
            [
              5.783225,
              43.114792
            ],
            [
              5.783742,
              43.114681
            ],
            [
              5.78568,
              43.114414
            ],
            [
              5.786201,
              43.114383
            ],
            [
              5.786686,
              43.114408
            ],
            [
              5.790696,
              43.114406
            ],
            [
              5.793759,
              43.114007
            ],
            [
              5.795922,
              43.114519
            ],
            [
              5.798889,
              43.115143
            ],
            [
              5.805104,
              43.115094
            ],
            [
              5.811955,
              43.111723
            ],
            [
              5.812793,
              43.110095
            ],
            [
              5.813117,
              43.104702
            ],
            [
              5.810189,
              43.099942
            ],
            [
              5.810294,
              43.098259
            ],
            [
              5.810399,
              43.097525
            ],
            [
              5.810457,
              43.093791
            ],
            [
              5.810246,
              43.089468
            ],
            [
              5.805919,
              43.085444
            ],
            [
              5.799215,
              43.081094
            ],
            [
              5.796974,
              43.081688
            ],
            [
              5.796051,
              43.078208
            ],
            [
              5.794948,
              43.072853
            ],
            [
              5.79452,
              43.070816
            ],
            [
              5.794533,
              43.070783
            ],
            [
              5.794599,
              43.070746
            ],
            [
              5.845767,
              42.38508
            ],
            [
              6.384975,
              41.559807
            ],
            [
              6.387988,
              41.561776
            ],
            [
              5.848781,
              42.387049
            ],
            [
              5.83525,
              43.054823
            ],
            [
              5.836567,
              43.054314
            ],
            [
              5.837128,
              43.054292
            ],
            [
              5.838068,
              43.054277
            ],
            [
              5.838802,
              43.054381
            ],
            [
              5.846825,
              43.057683
            ],
            [
              5.847398,
              43.057544
            ],
            [
              5.84873,
              43.057285
            ],
            [
              5.849125,
              43.05723
            ],
            [
              5.849785,
              43.057281
            ],
            [
              5.857774,
              43.057257
            ],
            [
              5.85957,
              43.057075
            ],
            [
              5.860698,
              43.057014
            ],
            [
              5.861237,
              43.057049
            ],
            [
              5.863637,
              43.057408
            ],
            [
              5.86418,
              43.058644
            ],
            [
              5.864454,
              43.059429
            ],
            [
              5.867283,
              43.065655
            ],
            [
              5.872652,
              43.06879
            ],
            [
              5.875935,
              43.070084
            ],
            [
              5.882909,
              43.073067
            ],
            [
              5.884748,
              43.074261
            ],
            [
              5.890438,
              43.078955
            ],
            [
              5.894344,
              43.079122
            ],
            [
              5.900003,
              43.075853
            ],
            [
              5.906242,
              43.07363
            ],
            [
              5.906591,
              43.073507
            ],
            [
              5.907412,
              43.073298
            ],
            [
              5.912791,
              43.07714
            ],
            [
              5.914253,
              43.079179
            ],
            [
              5.914441,
              43.082774
            ],
            [
              5.913761,
              43.08281
            ],
            [
              5.913268,
              43.082783
            ],
            [
              5.912744,
              43.082656
            ],
            [
              5.912243,
              43.082401
            ],
            [
              5.911206,
              43.081841
            ],
            [
              5.910675,
              43.081625
            ],
            [
              5.902674,
              43.083086
            ],
            [
              5.89998,
              43.086596
            ],
            [
              5.904337,
              43.092926
            ],
            [
              5.907241,
              43.093004
            ],
            [
              5.907785,
              43.093026
            ],
            [
              5.907977,
              43.093046
            ],
            [
              5.908308,
              43.093107
            ],
            [
              5.908874,
              43.093203
            ],
            [
              5.909747,
              43.093323
            ],
            [
              5.909867,
              43.093369
            ],
            [
              5.911524,
              43.099702
            ],
            [
              5.911529,
              43.100765
            ],
            [
              5.91081,
              43.101886
            ],
            [
              5.909494,
              43.102595
            ],
            [
              5.908084,
              43.103192
            ],
            [
              5.905026,
              43.103938
            ],
            [
              5.904616,
              43.104076
            ],
            [
              5.903562,
              43.104178
            ],
            [
              5.902577,
              43.104384
            ],
            [
              5.901898,
              43.104423
            ],
            [
              5.898333,
              43.102622
            ],
            [
              5.897101,
              43.102351
            ],
            [
              5.895821,
              43.102061
            ],
            [
              5.891904,
              43.102052
            ],
            [
              5.888808,
              43.101165
            ],
            [
              5.88805,
              43.101117
            ],
            [
              5.885628,
              43.101527
            ],
            [
              5.883822,
              43.110246
            ],
            [
              5.884502,
              43.111108
            ],
            [
              5.884795,
              43.111598
            ],
            [
              5.885078,
              43.112024
            ],
            [
              5.885069,
              43.11403
            ],
            [
              5.890837,
              43.120066
            ],
            [
              5.891897,
              43.1201
            ],
            [
              5.892587,
              43.120168
            ],
            [
              5.896122,
              43.121109
            ],
            [
              5.901134,
              43.122514
            ],
            [
              5.904921,
              43.122553
            ],
            [
              5.907486,
              43.123016
            ],
            [
              5.907999,
              43.123156
            ],
            [
              5.908363,
              43.123323
            ],
            [
              5.912573,
              43.124759
            ],
            [
              5.91379,
              43.12497
            ],
            [
              5.916436,
              43.12516
            ],
            [
              5.918294,
              43.125432
            ],
            [
              5.926118,
              43.122475
            ],
            [
              5.926584,
              43.122254
            ],
            [
              5.928097,
              43.121616
            ],
            [
              5.930495,
              43.113348
            ],
            [
              5.927984,
              43.106542
            ],
            [
              5.927472,
              43.105635
            ],
            [
              5.92632,
              43.103869
            ],
            [
              5.926031,
              43.103354
            ],
            [
              5.929202,
              43.102323
            ],
            [
              5.929661,
              43.102582
            ],
            [
              5.932097,
              43.104207
            ],
            [
              5.93811,
              43.107164
            ],
            [
              5.943021,
              43.106646
            ],
            [
              5.946056,
              43.106206
            ],
            [
              5.946789,
              43.106171
            ],
            [
              5.950934,
              43.105854
            ],
            [
              5.951322,
              43.105847
            ],
            [
              5.952167,
              43.105969
            ],
            [
              5.952545,
              43.106133
            ],
            [
              5.955345,
              43.106951
            ],
            [
              5.955762,
              43.107035
            ],
            [
              5.964273,
              43.105328
            ],
            [
              5.964895,
              43.104995
            ],
            [
              5.96544,
              43.10488
            ],
            [
              5.965552,
              43.104863
            ],
            [
              5.965903,
              43.104876
            ],
            [
              5.966074,
              43.104925
            ],
            [
              5.96909,
              43.106735
            ],
            [
              5.969353,
              43.106874
            ],
            [
              5.976608,
              43.107725
            ],
            [
              5.979338,
              43.105957
            ],
            [
              5.979503,
              43.105997
            ],
            [
              5.979947,
              43.106113
            ],
            [
              5.987088,
              43.106973
            ],
            [
              5.989126,
              43.105498
            ],
            [
              5.989299,
              43.105351
            ],
            [
              5.989593,
              43.105224
            ],
            [
              5.989988,
              43.105121
            ],
            [
              5.998182,
              43.105429
            ],
            [
              5.999192,
              43.10489
            ],
            [
              6.002054,
              43.104206
            ],
            [
              6.00293,
              43.104084
            ],
            [
              6.004127,
              43.103907
            ],
            [
              6.01126,
              43.106083
            ],
            [
              6.011602,
              43.106279
            ],
            [
              6.012195,
              43.106734
            ],
            [
              6.012871,
              43.110083
            ],
            [
              6.011638,
              43.117984
            ],
            [
              6.017526,
              43.124057
            ],
            [
              6.018157,
              43.124851
            ],
            [
              6.018178,
              43.126287
            ],
            [
              6.018416,
              43.127508
            ],
            [
              6.021781,
              43.131302
            ],
            [
              6.02794,
              43.128644
            ],
            [
              6.028028,
              43.128599
            ],
            [
              6.029247,
              43.128363
            ],
            [
              6.032782,
              43.127986
            ],
            [
              6.033606,
              43.127971
            ],
            [
              6.040553,
              43.126448
            ],
            [
              6.042309,
              43.126613
            ],
            [
              6.042321,
              43.126621
            ],
            [
              6.049477,
              43.132063
            ],
            [
              6.05057,
              43.131841
            ],
            [
              6.052146,
              43.131592
            ],
            [
              6.053716,
              43.131367
            ],
            [
              6.055992,
              43.131059
            ],
            [
              6.058267,
              43.130751
            ],
            [
              6.060543,
              43.130442
            ],
            [
              6.062768,
              43.130142
            ],
            [
              6.069464,
              43.12831
            ],
            [
              6.071474,
              43.127425
            ],
            [
              6.073526,
              43.126521
            ],
            [
              6.074547,
              43.126103
            ],
            [
              6.075626,
              43.1257
            ],
            [
              6.077197,
              43.125232
            ],
            [
              6.078384,
              43.124933
            ],
            [
              6.078982,
              43.12481
            ],
            [
              6.079863,
              43.124656
            ],
            [
              6.081135,
              43.124475
            ],
            [
              6.082295,
              43.124341
            ],
            [
              6.090235,
              43.122908
            ],
            [
              6.097884,
              43.120033
            ],
            [
              6.100075,
              43.12289
            ],
            [
              6.098911,
              43.123783
            ],
            [
              6.098121,
              43.124367
            ],
            [
              6.097443,
              43.12482
            ],
            [
              6.096863,
              43.125173
            ],
            [
              6.096255,
              43.125495
            ],
            [
              6.095384,
              43.12589
            ],
            [
              6.094305,
              43.126306
            ],
            [
              6.093453,
              43.126574
            ],
            [
              6.092856,
              43.126737
            ],
            [
              6.092111,
              43.126899
            ],
            [
              6.091442,
              43.127015
            ],
            [
              6.09081,
              43.127111
            ],
            [
              6.089354,
              43.127282
            ],
            [
              6.086388,
              43.127566
            ],
            [
              6.086288,
              43.127578
            ],
            [
              6.084461,
              43.127752
            ],
            [
              6.082636,
              43.127925
            ],
            [
              6.081548,
              43.128051
            ],
            [
              6.080371,
              43.12822
            ],
            [
              6.078081,
              43.128721
            ],
            [
              6.075815,
              43.129472
            ],
            [
              6.074893,
              43.129851
            ],
            [
              6.072926,
              43.130719
            ],
            [
              6.070916,
              43.131605
            ],
            [
              6.069618,
              43.132128
            ],
            [
              6.068448,
              43.132545
            ],
            [
              6.067142,
              43.132935
            ],
            [
              6.066463,
              43.133112
            ],
            [
              6.064982,
              43.133424
            ],
            [
              6.063352,
              43.133694
            ],
            [
              6.061026,
              43.13401
            ],
            [
              6.05875,
              43.134318
            ],
            [
              6.056475,
              43.134626
            ],
            [
              6.054199,
              43.134935
            ],
            [
              6.052655,
              43.135155
            ],
            [
              6.051133,
              43.135396
            ],
            [
              6.050199,
              43.13559
            ],
            [
              6.049217,
              43.135821
            ],
            [
              6.048551,
              43.136012
            ],
            [
              6.047903,
              43.136223
            ],
            [
              6.046717,
              43.136662
            ],
            [
              6.046134,
              43.136913
            ],
            [
              6.045111,
              43.137409
            ],
            [
              6.044151,
              43.137951
            ],
            [
              6.043228,
              43.13856
            ],
            [
              6.043479,
              43.146645
            ],
            [
              6.045865,
              43.147442
            ],
            [
              6.048185,
              43.148987
            ],
            [
              6.051605,
              43.152318
            ],
            [
              6.053318,
              43.153456
            ],
            [
              6.053415,
              43.153612
            ],
            [
              6.055696,
              43.156436
            ],
            [
              6.064668,
              43.156608
            ],
            [
              6.065741,
              43.158055
            ],
            [
              6.066925,
              43.159413
            ],
            [
              6.06076,
              43.165286
            ],
            [
              6.059067,
              43.16544
            ],
            [
              6.052312,
              43.170591
            ],
            [
              6.051516,
              43.172731
            ],
            [
              6.050567,
              43.17525
            ],
            [
              6.049589,
              43.177839
            ],
            [
              6.049328,
              43.17844
            ],
            [
              6.049044,
              43.178993
            ],
            [
              6.04871,
              43.179573
            ],
            [
              6.048378,
              43.180077
            ],
            [
              6.047382,
              43.181573
            ],
            [
              6.046348,
              43.183073
            ],
            [
              6.045921,
              43.183643
            ],
            [
              6.045397,
              43.18426
            ],
            [
              6.044176,
              43.185453
            ],
            [
              6.039355,
              43.191107
            ],
            [
              6.036491,
              43.193289
            ],
            [
              6.036067,
              43.192732
            ],
            [
              6.035765,
              43.192256
            ],
            [
              6.035567,
              43.191872
            ],
            [
              6.035305,
              43.191132
            ],
            [
              6.035193,
              43.190516
            ],
            [
              6.035183,
              43.189974
            ],
            [
              6.035226,
              43.189517
            ],
            [
              6.035353,
              43.188974
            ],
            [
              6.035516,
              43.188517
            ],
            [
              6.035795,
              43.18799
            ],
            [
              6.036025,
              43.187642
            ],
            [
              6.036352,
              43.187241
            ],
            [
              6.036772,
              43.186821
            ],
            [
              6.037182,
              43.186458
            ],
            [
              6.039566,
              43.184562
            ],
            [
              6.041905,
              43.18266
            ],
            [
              6.043454,
              43.180931
            ],
            [
              6.044416,
              43.179532
            ],
            [
              6.045381,
              43.178082
            ],
            [
              6.046278,
              43.176428
            ],
            [
              6.047199,
              43.17398
            ],
            [
              6.048148,
              43.171461
            ],
            [
              6.043381,
              43.164191
            ],
            [
              6.04216,
              43.16428
            ],
            [
              6.041355,
              43.164225
            ],
            [
              6.041313,
              43.164178
            ],
            [
              6.039212,
              43.161997
            ],
            [
              6.038878,
              43.160977
            ],
            [
              6.0389,
              43.160868
            ],
            [
              6.039009,
              43.158916
            ],
            [
              6.036856,
              43.153156
            ],
            [
              6.032694,
              43.152203
            ],
            [
              6.031408,
              43.15127
            ],
            [
              6.030838,
              43.150728
            ],
            [
              6.029885,
              43.149828
            ],
            [
              6.0225,
              43.154461
            ],
            [
              6.022456,
              43.157345
            ],
            [
              6.022406,
              43.15738
            ],
            [
              6.020476,
              43.157439
            ],
            [
              6.020428,
              43.157406
            ],
            [
              6.018351,
              43.155416
            ],
            [
              6.012549,
              43.150844
            ],
            [
              6.004338,
              43.150051
            ],
            [
              6.001443,
              43.148455
            ],
            [
              5.996771,
              43.147005
            ],
            [
              5.990074,
              43.151403
            ],
            [
              5.988793,
              43.153022
            ],
            [
              5.987988,
              43.153345
            ],
            [
              5.987314,
              43.153344
            ],
            [
              5.986685,
              43.153225
            ],
            [
              5.98409,
              43.152502
            ],
            [
              5.98353,
              43.152394
            ],
            [
              5.982281,
              43.151987
            ],
            [
              5.981508,
              43.15167
            ],
            [
              5.976133,
              43.151633
            ],
            [
              5.971572,
              43.155857
            ],
            [
              5.970344,
              43.15737
            ],
            [
              5.97021,
              43.157479
            ],
            [
              5.969515,
              43.15786
            ],
            [
              5.967342,
              43.159028
            ],
            [
              5.961523,
              43.163715
            ],
            [
              5.958681,
              43.163404
            ],
            [
              5.956863,
              43.163005
            ],
            [
              5.948999,
              43.166344
            ],
            [
              5.942864,
              43.172279
            ],
            [
              5.94216,
              43.172554
            ],
            [
              5.934723,
              43.176454
            ],
            [
              5.930835,
              43.178575
            ],
            [
              5.92498,
              43.182003
            ],
            [
              5.923304,
              43.183696
            ],
            [
              5.922293,
              43.18356
            ],
            [
              5.921213,
              43.183251
            ],
            [
              5.920363,
              43.182319
            ],
            [
              5.914161,
              43.176588
            ],
            [
              5.913803,
              43.17612
            ],
            [
              5.913608,
              43.175863
            ],
            [
              5.913531,
              43.175618
            ],
            [
              5.911374,
              43.168968
            ],
            [
              5.905342,
              43.170491
            ],
            [
              5.901129,
              43.173823
            ],
            [
              5.900622,
              43.173758
            ],
            [
              5.895614,
              43.171944
            ],
            [
              5.887955,
              43.17307
            ],
            [
              5.885402,
              43.174829
            ],
            [
              5.884708,
              43.175315
            ],
            [
              5.884014,
              43.17559
            ],
            [
              5.880223,
              43.176982
            ],
            [
              5.874447,
              43.183365
            ],
            [
              5.874044,
              43.184496
            ],
            [
              5.873747,
              43.184819
            ],
            [
              5.870859,
              43.185937
            ],
            [
              5.870743,
              43.185794
            ],
            [
              5.862957,
              43.184429
            ],
            [
              5.861083,
              43.186287
            ],
            [
              5.860149,
              43.18961
            ],
            [
              5.860117,
              43.190452
            ],
            [
              5.860213,
              43.191628
            ],
            [
              5.860168,
              43.19339
            ],
            [
              5.859893,
              43.193885
            ],
            [
              5.858915,
              43.195444
            ],
            [
              5.858075,
              43.196803
            ],
            [
              5.857749,
              43.196995
            ],
            [
              5.856664,
              43.197258
            ],
            [
              5.852897,
              43.198289
            ],
            [
              5.852329,
              43.198316
            ],
            [
              5.852109,
              43.198292
            ],
            [
              5.847653,
              43.198221
            ],
            [
              5.84213,
              43.202234
            ],
            [
              5.84083,
              43.206746
            ],
            [
              5.840426,
              43.208313
            ],
            [
              5.840194,
              43.209558
            ],
            [
              5.839658,
              43.217915
            ],
            [
              5.842537,
              43.220317
            ],
            [
              5.84326,
              43.220757
            ],
            [
              5.850378,
              43.222561
            ],
            [
              5.8516,
              43.222525
            ],
            [
              5.852114,
              43.222659
            ],
            [
              5.852483,
              43.222798
            ],
            [
              5.853245,
              43.223095
            ],
            [
              5.853784,
              43.223319
            ],
            [
              5.854233,
              43.223556
            ],
            [
              5.854854,
              43.223927
            ],
            [
              5.853008,
              43.227018
            ],
            [
              5.849331,
              43.227601
            ],
            [
              5.848717,
              43.227779
            ],
            [
              5.84793,
              43.227887
            ],
            [
              5.847089,
              43.227966
            ],
            [
              5.845605,
              43.228288
            ],
            [
              5.844997,
              43.228304
            ],
            [
              5.844385,
              43.228225
            ],
            [
              5.841953,
              43.228375
            ],
            [
              5.83334,
              43.225913
            ],
            [
              5.832056,
              43.226098
            ],
            [
              5.824552,
              43.230756
            ],
            [
              5.824202,
              43.231618
            ],
            [
              5.825431,
              43.239614
            ],
            [
              5.830042,
              43.240701
            ],
            [
              5.831025,
              43.240503
            ],
            [
              5.832736,
              43.240058
            ],
            [
              5.833582,
              43.239848
            ],
            [
              5.834346,
              43.239656
            ],
            [
              5.835488,
              43.239404
            ],
            [
              5.837037,
              43.238735
            ],
            [
              5.839087,
              43.241694
            ],
            [
              5.844906,
              43.246811
            ],
            [
              5.848147,
              43.248911
            ],
            [
              5.848429,
              43.24913
            ],
            [
              5.849383,
              43.24971
            ],
            [
              5.850386,
              43.250156
            ],
            [
              5.857731,
              43.245242
            ],
            [
              5.858775,
              43.244663
            ],
            [
              5.859797,
              43.24445
            ],
            [
              5.862976,
              43.243042
            ],
            [
              5.863751,
              43.242596
            ],
            [
              5.865001,
              43.242026
            ],
            [
              5.865462,
              43.241845
            ],
            [
              5.866779,
              43.245195
            ],
            [
              5.864631,
              43.247187
            ],
            [
              5.862201,
              43.248872
            ],
            [
              5.860812,
              43.250371
            ],
            [
              5.863783,
              43.258121
            ],
            [
              5.863927,
              43.261718
            ],
            [
              5.863392,
              43.26174
            ],
            [
              5.862925,
              43.261711
            ],
            [
              5.862455,
              43.261626
            ],
            [
              5.862052,
              43.261521
            ],
            [
              5.861377,
              43.26128
            ],
            [
              5.86046,
              43.260858
            ],
            [
              5.859125,
              43.260434
            ],
            [
              5.852588,
              43.262243
            ],
            [
              5.851312,
              43.265455
            ],
            [
              5.851024,
              43.26636
            ],
            [
              5.848626,
              43.270664
            ],
            [
              5.851214,
              43.276412
            ],
            [
              5.855252,
              43.278812
            ],
            [
              5.855393,
              43.278869
            ],
            [
              5.858918,
              43.280449
            ],
            [
              5.862892,
              43.28109
            ],
            [
              5.867431,
              43.281907
            ],
            [
              5.872207,
              43.279546
            ],
            [
              5.872792,
              43.27897
            ],
            [
              5.873207,
              43.278665
            ],
            [
              5.873622,
              43.278525
            ],
            [
              5.874752,
              43.278352
            ],
            [
              5.87524,
              43.27843
            ],
            [
              5.875477,
              43.27851
            ],
            [
              5.884003,
              43.275961
            ],
            [
              5.884694,
              43.274966
            ],
            [
              5.885598,
              43.274368
            ],
            [
              5.885787,
              43.274261
            ],
            [
              5.885943,
              43.274211
            ],
            [
              5.886445,
              43.274038
            ],
            [
              5.887906,
              43.273955
            ],
            [
              5.888602,
              43.27403
            ],
            [
              5.89721,
              43.274505
            ],
            [
              5.90458,
              43.2783
            ],
            [
              5.90535,
              43.278247
            ],
            [
              5.911056,
              43.271517
            ],
            [
              5.912676,
              43.270811
            ],
            [
              5.913208,
              43.270559
            ],
            [
              5.913667,
              43.270391
            ],
            [
              5.914366,
              43.270219
            ],
            [
              5.919504,
              43.268533
            ],
            [
              5.924834,
              43.271679
            ],
            [
              5.933644,
              43.272093
            ],
            [
              5.93399,
              43.271986
            ],
            [
              5.935759,
              43.271399
            ],
            [
              5.936296,
              43.271247
            ],
            [
              5.936826,
              43.271134
            ],
            [
              5.937375,
              43.271041
            ],
            [
              5.940495,
              43.270511
            ],
            [
              5.940886,
              43.270482
            ],
            [
              5.941352,
              43.270514
            ],
            [
              5.941743,
              43.270604
            ],
            [
              5.942129,
              43.270752
            ],
            [
              5.942553,
              43.270965
            ],
            [
              5.945137,
              43.278025
            ],
            [
              5.946963,
              43.281128
            ],
            [
              5.945776,
              43.281863
            ],
            [
              5.945092,
              43.282151
            ],
            [
              5.944315,
              43.282254
            ],
            [
              5.94298,
              43.28223
            ],
            [
              5.942665,
              43.282203
            ],
            [
              5.935634,
              43.281504
            ],
            [
              5.93065,
              43.281353
            ],
            [
              5.93,
              43.281243
            ],
            [
              5.927213,
              43.28096
            ],
            [
              5.926857,
              43.280937
            ],
            [
              5.926284,
              43.2808
            ],
            [
              5.919123,
              43.282029
            ],
            [
              5.917546,
              43.283484
            ],
            [
              5.912362,
              43.287153
            ],
            [
              5.909913,
              43.288296
            ],
            [
              5.907526,
              43.28885
            ],
            [
              5.902811,
              43.288732
            ],
            [
              5.897865,
              43.292513
            ],
            [
              5.897591,
              43.292502
            ],
            [
              5.89112,
              43.292882
            ],
            [
              5.888925,
              43.29327
            ],
            [
              5.886796,
              43.293725
            ],
            [
              5.878196,
              43.291703
            ],
            [
              5.876912,
              43.294213
            ],
            [
              5.872104,
              43.296326
            ],
            [
              5.866436,
              43.299808
            ],
            [
              5.865249,
              43.302569
            ],
            [
              5.863427,
              43.311142
            ],
            [
              5.864096,
              43.311911
            ],
            [
              5.864408,
              43.312224
            ],
            [
              5.864796,
              43.31287
            ],
            [
              5.864834,
              43.313049
            ],
            [
              5.863087,
              43.316039
            ],
            [
              5.862932,
              43.315955
            ],
            [
              5.862624,
              43.315762
            ],
            [
              5.862209,
              43.315435
            ],
            [
              5.860398,
              43.314118
            ],
            [
              5.859486,
              43.31357
            ],
            [
              5.858323,
              43.312552
            ],
            [
              5.858013,
              43.312199
            ],
            [
              5.855321,
              43.309272
            ],
            [
              5.855286,
              43.307612
            ],
            [
              5.855324,
              43.307456
            ],
            [
              5.854537,
              43.301871
            ],
            [
              5.854333,
              43.301435
            ],
            [
              5.84581,
              43.298698
            ],
            [
              5.842916,
              43.299334
            ],
            [
              5.842026,
              43.298876
            ],
            [
              5.841357,
              43.298497
            ],
            [
              5.838165,
              43.297357
            ],
            [
              5.829383,
              43.299218
            ],
            [
              5.82156,
              43.30058
            ],
            [
              5.818644,
              43.302403
            ],
            [
              5.818241,
              43.302167
            ],
            [
              5.816769,
              43.301347
            ],
            [
              5.811846,
              43.300096
            ],
            [
              5.805663,
              43.297827
            ],
            [
              5.803601,
              43.298243
            ],
            [
              5.796906,
              43.301217
            ],
            [
              5.798615,
              43.307831
            ],
            [
              5.798892,
              43.308615
            ],
            [
              5.799199,
              43.309417
            ],
            [
              5.799174,
              43.310157
            ],
            [
              5.799037,
              43.310722
            ],
            [
              5.798091,
              43.311392
            ],
            [
              5.796868,
              43.311301
            ],
            [
              5.790421,
              43.317482
            ],
            [
              5.787697,
              43.319836
            ],
            [
              5.785847,
              43.319622
            ],
            [
              5.777841,
              43.318517
            ],
            [
              5.776632,
              43.318397
            ],
            [
              5.771683,
              43.317844
            ],
            [
              5.770349,
              43.317634
            ],
            [
              5.769636,
              43.316936
            ],
            [
              5.766085,
              43.315344
            ],
            [
              5.765347,
              43.315154
            ],
            [
              5.763373,
              43.314
            ],
            [
              5.763096,
              43.313847
            ],
            [
              5.762655,
              43.313469
            ],
            [
              5.759246,
              43.310599
            ],
            [
              5.757268,
              43.305055
            ],
            [
              5.748959,
              43.305066
            ],
            [
              5.748162,
              43.305786
            ],
            [
              5.747593,
              43.305987
            ],
            [
              5.745738,
              43.306232
            ],
            [
              5.744855,
              43.306092
            ],
            [
              5.737188,
              43.305983
            ],
            [
              5.733974,
              43.307612
            ],
            [
              5.733383,
              43.307951
            ],
            [
              5.732408,
              43.308176
            ],
            [
              5.731455,
              43.307951
            ],
            [
              5.730785,
              43.307726
            ],
            [
              5.730226,
              43.307543
            ],
            [
              5.725286,
              43.304127
            ],
            [
              5.721257,
              43.304803
            ],
            [
              5.714858,
              43.305648
            ],
            [
              5.714222,
              43.305873
            ],
            [
              5.713853,
              43.305923
            ],
            [
              5.713558,
              43.305938
            ],
            [
              5.712333,
              43.306029
            ],
            [
              5.710194,
              43.305606
            ],
            [
              5.709397,
              43.305591
            ],
            [
              5.708913,
              43.305517
            ],
            [
              5.708479,
              43.305375
            ],
            [
              5.705948,
              43.304756
            ],
            [
              5.704686,
              43.304507
            ],
            [
              5.70409,
              43.304429
            ],
            [
              5.701427,
              43.304036
            ],
            [
              5.701078,
              43.303998
            ],
            [
              5.700372,
              43.303881
            ],
            [
              5.699225,
              43.303661
            ],
            [
              5.696104,
              43.302584
            ],
            [
              5.695296,
              43.295425
            ],
            [
              5.686506,
              43.295645
            ],
            [
              5.685853,
              43.296987
            ],
            [
              5.685441,
              43.297442
            ],
            [
              5.684882,
              43.297938
            ],
            [
              5.684273,
              43.298346
            ],
            [
              5.683641,
              43.29864
            ],
            [
              5.679369,
              43.302062
            ],
            [
              5.679155,
              43.301973
            ],
            [
              5.678535,
              43.301592
            ],
            [
              5.677804,
              43.301186
            ],
            [
              5.670421,
              43.304287
            ],
            [
              5.674466,
              43.310848
            ],
            [
              5.675023,
              43.31094
            ],
            [
              5.676174,
              43.311248
            ],
            [
              5.676941,
              43.311516
            ],
            [
              5.676231,
              43.313555
            ],
            [
              5.676127,
              43.314666
            ],
            [
              5.675472,
              43.315486
            ],
            [
              5.676253,
              43.323936
            ],
            [
              5.679132,
              43.325598
            ],
            [
              5.685742,
              43.320524
            ],
            [
              5.685119,
              43.318791
            ],
            [
              5.684893,
              43.317685
            ],
            [
              5.685246,
              43.316335
            ],
            [
              5.68634,
              43.315628
            ],
            [
              5.689158,
              43.313788
            ],
            [
              5.691654,
              43.315412
            ],
            [
              5.691989,
              43.315771
            ],
            [
              5.692323,
              43.316266
            ],
            [
              5.692564,
              43.31706
            ],
            [
              5.696536,
              43.322663
            ],
            [
              5.705204,
              43.323093
            ],
            [
              5.707873,
              43.322195
            ],
            [
              5.708253,
              43.322266
            ],
            [
              5.709065,
              43.322579
            ],
            [
              5.710126,
              43.323221
            ],
            [
              5.715361,
              43.324371
            ],
            [
              5.715833,
              43.32435
            ],
            [
              5.716654,
              43.324344
            ],
            [
              5.718497,
              43.324472
            ],
            [
              5.721152,
              43.324533
            ],
            [
              5.722682,
              43.324477
            ],
            [
              5.726357,
              43.326324
            ],
            [
              5.733156,
              43.32581
            ],
            [
              5.735323,
              43.325339
            ],
            [
              5.736724,
              43.325522
            ],
            [
              5.737611,
              43.325835
            ],
            [
              5.738146,
              43.326068
            ],
            [
              5.740523,
              43.327979
            ],
            [
              5.740186,
              43.330161
            ],
            [
              5.744797,
              43.335541
            ],
            [
              5.748195,
              43.334801
            ],
            [
              5.748497,
              43.334746
            ],
            [
              5.749788,
              43.334451
            ],
            [
              5.750813,
              43.334264
            ],
            [
              5.755844,
              43.335593
            ],
            [
              5.761325,
              43.331831
            ],
            [
              5.764751,
              43.328396
            ],
            [
              5.766075,
              43.326663
            ],
            [
              5.766546,
              43.326867
            ],
            [
              5.766892,
              43.327082
            ],
            [
              5.767688,
              43.327925
            ],
            [
              5.767872,
              43.328086
            ],
            [
              5.768545,
              43.328803
            ],
            [
              5.77196,
              43.331537
            ],
            [
              5.772515,
              43.331737
            ],
            [
              5.773258,
              43.332115
            ],
            [
              5.775437,
              43.33271
            ],
            [
              5.776421,
              43.332799
            ],
            [
              5.778038,
              43.332984
            ],
            [
              5.779237,
              43.333205
            ],
            [
              5.779846,
              43.333402
            ],
            [
              5.781258,
              43.333809
            ],
            [
              5.782374,
              43.334034
            ],
            [
              5.782981,
              43.334386
            ],
            [
              5.784283,
              43.334978
            ],
            [
              5.785585,
              43.33535
            ],
            [
              5.787029,
              43.335725
            ],
            [
              5.788724,
              43.336736
            ],
            [
              5.790636,
              43.337446
            ],
            [
              5.792529,
              43.337843
            ],
            [
              5.792742,
              43.337874
            ],
            [
              5.793627,
              43.338014
            ],
            [
              5.796032,
              43.338291
            ],
            [
              5.797743,
              43.338651
            ],
            [
              5.803283,
              43.345401
            ],
            [
              5.805581,
              43.345463
            ],
            [
              5.806017,
              43.345516
            ],
            [
              5.808345,
              43.345875
            ],
            [
              5.808824,
              43.345952
            ],
            [
              5.809224,
              43.346054
            ],
            [
              5.811747,
              43.346774
            ],
            [
              5.812606,
              43.34699
            ],
            [
              5.814442,
              43.347386
            ],
            [
              5.814737,
              43.347472
            ],
            [
              5.815998,
              43.347947
            ],
            [
              5.820189,
              43.348978
            ],
            [
              5.821643,
              43.349247
            ],
            [
              5.829252,
              43.350147
            ],
            [
              5.829739,
              43.350201
            ],
            [
              5.83703,
              43.350384
            ],
            [
              5.839586,
              43.349933
            ],
            [
              5.84017,
              43.34984
            ],
            [
              5.840485,
              43.34985
            ],
            [
              5.841827,
              43.349992
            ],
            [
              5.848934,
              43.346712
            ],
            [
              5.850905,
              43.344262
            ],
            [
              5.853311,
              43.343744
            ],
            [
              5.854312,
              43.343764
            ],
            [
              5.85496,
              43.343769
            ],
            [
              5.855385,
              43.343796
            ],
            [
              5.859046,
              43.346378
            ],
            [
              5.859847,
              43.346994
            ],
            [
              5.86625,
              43.352673
            ],
            [
              5.870982,
              43.353356
            ],
            [
              5.871884,
              43.353405
            ],
            [
              5.871971,
              43.353471
            ],
            [
              5.873949,
              43.354895
            ],
            [
              5.882229,
              43.358245
            ],
            [
              5.882493,
              43.358161
            ],
            [
              5.882974,
              43.358054
            ],
            [
              5.884532,
              43.357866
            ],
            [
              5.88599,
              43.35781
            ],
            [
              5.886754,
              43.357804
            ],
            [
              5.890287,
              43.35761
            ],
            [
              5.89144,
              43.357491
            ],
            [
              5.892932,
              43.35739
            ],
            [
              5.893246,
              43.360976
            ],
            [
              5.892257,
              43.361063
            ],
            [
              5.89156,
              43.361089
            ],
            [
              5.890673,
              43.36119
            ],
            [
              5.889697,
              43.361376
            ],
            [
              5.888935,
              43.361484
            ],
            [
              5.886172,
              43.362901
            ],
            [
              5.885795,
              43.362937
            ],
            [
              5.882957,
              43.363317
            ],
            [
              5.881942,
              43.363684
            ],
            [
              5.881783,
              43.363751
            ],
            [
              5.87919,
              43.362835
            ],
            [
              5.876152,
              43.362696
            ],
            [
              5.875218,
              43.36269
            ],
            [
              5.87345,
              43.362462
            ],
            [
              5.871889,
              43.361903
            ],
            [
              5.871043,
              43.36165
            ],
            [
              5.868106,
              43.361009
            ],
            [
              5.867681,
              43.360878
            ],
            [
              5.867162,
              43.360608
            ],
            [
              5.866259,
              43.359638
            ],
            [
              5.865594,
              43.358686
            ],
            [
              5.860453,
              43.355042
            ],
            [
              5.854987,
              43.355131
            ],
            [
              5.854213,
              43.355293
            ],
            [
              5.848874,
              43.362296
            ],
            [
              5.848647,
              43.362872
            ],
            [
              5.848577,
              43.36297
            ],
            [
              5.848191,
              43.363476
            ],
            [
              5.84761,
              43.363826
            ],
            [
              5.846888,
              43.363998
            ],
            [
              5.846047,
              43.364136
            ],
            [
              5.843264,
              43.365318
            ],
            [
              5.843,
              43.365232
            ],
            [
              5.842426,
              43.364997
            ],
            [
              5.83507,
              43.36767
            ],
            [
              5.837752,
              43.375128
            ],
            [
              5.838121,
              43.375425
            ],
            [
              5.838596,
              43.375796
            ],
            [
              5.839906,
              43.376839
            ],
            [
              5.838602,
              43.380194
            ],
            [
              5.840845,
              43.387255
            ],
            [
              5.847704,
              43.38587
            ],
            [
              5.849088,
              43.380537
            ],
            [
              5.849122,
              43.379352
            ],
            [
              5.849342,
              43.378836
            ],
            [
              5.849902,
              43.376993
            ],
            [
              5.850741,
              43.375747
            ],
            [
              5.851554,
              43.375307
            ],
            [
              5.852046,
              43.375179
            ],
            [
              5.852834,
              43.375198
            ],
            [
              5.855749,
              43.375428
            ],
            [
              5.856453,
              43.375541
            ],
            [
              5.857957,
              43.376157
            ],
            [
              5.858715,
              43.376418
            ],
            [
              5.860185,
              43.37712
            ],
            [
              5.861034,
              43.377783
            ],
            [
              5.861283,
              43.378039
            ],
            [
              5.861704,
              43.378761
            ],
            [
              5.86185,
              43.37961
            ],
            [
              5.861726,
              43.380506
            ],
            [
              5.861701,
              43.380789
            ],
            [
              5.86154,
              43.381386
            ],
            [
              5.863386,
              43.389268
            ],
            [
              5.865058,
              43.390242
            ],
            [
              5.869084,
              43.393105
            ],
            [
              5.874693,
              43.392365
            ],
            [
              5.875563,
              43.39261
            ],
            [
              5.877373,
              43.393227
            ],
            [
              5.885473,
              43.393008
            ],
            [
              5.886971,
              43.386475
            ],
            [
              5.885714,
              43.384394
            ],
            [
              5.881857,
              43.382282
            ],
            [
              5.881027,
              43.382178
            ],
            [
              5.880071,
              43.381924
            ],
            [
              5.879643,
              43.381704
            ],
            [
              5.881284,
              43.3785
            ],
            [
              5.882857,
              43.378629
            ],
            [
              5.883413,
              43.378699
            ],
            [
              5.884551,
              43.378896
            ],
            [
              5.891968,
              43.375327
            ],
            [
              5.895252,
              43.370016
            ],
            [
              5.895546,
              43.369899
            ],
            [
              5.895628,
              43.369879
            ],
            [
              5.897819,
              43.369154
            ],
            [
              5.898168,
              43.369424
            ],
            [
              5.905295,
              43.369915
            ],
            [
              5.907238,
              43.367638
            ],
            [
              5.908031,
              43.366768
            ],
            [
              5.90974,
              43.365331
            ],
            [
              5.910303,
              43.364892
            ],
            [
              5.910611,
              43.364686
            ],
            [
              5.912606,
              43.367683
            ],
            [
              5.908665,
              43.371795
            ],
            [
              5.907545,
              43.372725
            ],
            [
              5.905052,
              43.381072
            ],
            [
              5.902344,
              43.386592
            ],
            [
              5.901092,
              43.389874
            ],
            [
              5.900334,
              43.398725
            ],
            [
              5.905648,
              43.399249
            ],
            [
              5.907178,
              43.398201
            ],
            [
              5.90755,
              43.398391
            ],
            [
              5.908022,
              43.398621
            ],
            [
              5.908396,
              43.398859
            ],
            [
              5.915456,
              43.403475
            ],
            [
              5.917682,
              43.402155
            ],
            [
              5.917791,
              43.402152
            ],
            [
              5.919715,
              43.402109
            ],
            [
              5.927188,
              43.402159
            ],
            [
              5.93422,
              43.403183
            ],
            [
              5.940228,
              43.40067
            ],
            [
              5.944079,
              43.400543
            ],
            [
              5.946133,
              43.400355
            ],
            [
              5.951583,
              43.400418
            ],
            [
              5.951633,
              43.400415
            ],
            [
              5.952365,
              43.400464
            ],
            [
              5.953485,
              43.402139
            ],
            [
              5.956407,
              43.406923
            ],
            [
              5.95657,
              43.408404
            ],
            [
              5.956588,
              43.40864
            ],
            [
              5.956697,
              43.410512
            ],
            [
              5.955882,
              43.410577
            ],
            [
              5.95479,
              43.410581
            ],
            [
              5.95393,
              43.410571
            ],
            [
              5.952481,
              43.410839
            ],
            [
              5.951115,
              43.410926
            ],
            [
              5.949205,
              43.411102
            ],
            [
              5.947245,
              43.411282
            ],
            [
              5.946247,
              43.411333
            ],
            [
              5.945645,
              43.411328
            ],
            [
              5.943769,
              43.411612
            ],
            [
              5.941304,
              43.411428
            ],
            [
              5.939223,
              43.411455
            ],
            [
              5.936129,
              43.412182
            ],
            [
              5.932302,
              43.418517
            ],
            [
              5.934074,
              43.421259
            ],
            [
              5.93969,
              43.428108
            ],
            [
              5.940849,
              43.427725
            ],
            [
              5.94233,
              43.427335
            ],
            [
              5.94326,
              43.427119
            ],
            [
              5.944118,
              43.426896
            ],
            [
              5.946212,
              43.425932
            ],
            [
              5.947035,
              43.425403
            ],
            [
              5.948539,
              43.424499
            ],
            [
              5.950047,
              43.423798
            ],
            [
              5.951393,
              43.423329
            ],
            [
              5.952384,
              43.423038
            ],
            [
              5.954009,
              43.422618
            ],
            [
              5.955399,
              43.422329
            ],
            [
              5.956708,
              43.422112
            ],
            [
              5.958006,
              43.421934
            ],
            [
              5.959263,
              43.421811
            ],
            [
              5.960446,
              43.421729
            ],
            [
              5.961573,
              43.421693
            ],
            [
              5.962856,
              43.421689
            ],
            [
              5.963955,
              43.421725
            ],
            [
              5.965355,
              43.421816
            ],
            [
              5.966362,
              43.421914
            ],
            [
              5.96754,
              43.422063
            ],
            [
              5.969181,
              43.422298
            ],
            [
              5.972417,
              43.422804
            ],
            [
              5.973432,
              43.422939
            ],
            [
              5.974683,
              43.423074
            ],
            [
              5.975692,
              43.423148
            ],
            [
              5.982359,
              43.422439
            ],
            [
              5.983787,
              43.422031
            ],
            [
              5.984446,
              43.421825
            ],
            [
              5.987598,
              43.420842
            ],
            [
              5.988937,
              43.420475
            ],
            [
              5.990123,
              43.420195
            ],
            [
              5.990854,
              43.420045
            ],
            [
              5.991454,
              43.419942
            ],
            [
              5.992481,
              43.419803
            ],
            [
              5.993454,
              43.419715
            ],
            [
              5.996713,
              43.419698
            ],
            [
              5.998691,
              43.419757
            ],
            [
              6.000646,
              43.419815
            ],
            [
              6.00138,
              43.419828
            ],
            [
              6.002781,
              43.419818
            ],
            [
              6.003443,
              43.4198
            ],
            [
              6.004602,
              43.419743
            ],
            [
              6.006639,
              43.419564
            ],
            [
              6.008218,
              43.419365
            ],
            [
              6.010406,
              43.418976
            ],
            [
              6.013544,
              43.418313
            ],
            [
              6.015608,
              43.417859
            ],
            [
              6.017696,
              43.4174
            ],
            [
              6.019276,
              43.417077
            ],
            [
              6.02112,
              43.416749
            ],
            [
              6.022053,
              43.408148
            ],
            [
              6.022927,
              43.404656
            ],
            [
              6.023296,
              43.404736
            ],
            [
              6.023953,
              43.404903
            ],
            [
              6.024793,
              43.405163
            ],
            [
              6.027246,
              43.406038
            ],
            [
              6.034413,
              43.406082
            ],
            [
              6.039424,
              43.402825
            ],
            [
              6.042466,
              43.400637
            ],
            [
              6.043934,
              43.400107
            ],
            [
              6.044521,
              43.400135
            ],
            [
              6.045866,
              43.40182
            ],
            [
              6.049414,
              43.404568
            ],
            [
              6.057719,
              43.402995
            ],
            [
              6.058784,
              43.402535
            ],
            [
              6.065014,
              43.403217
            ],
            [
              6.066375,
              43.404104
            ],
            [
              6.070914,
              43.40665
            ],
            [
              6.079445,
              43.404786
            ],
            [
              6.080226,
              43.404009
            ],
            [
              6.080821,
              43.40359
            ],
            [
              6.080997,
              43.403585
            ],
            [
              6.081652,
              43.403679
            ],
            [
              6.082721,
              43.404421
            ],
            [
              6.083591,
              43.406072
            ],
            [
              6.08367,
              43.406537
            ],
            [
              6.083688,
              43.407124
            ],
            [
              6.083609,
              43.407736
            ],
            [
              6.083422,
              43.408367
            ],
            [
              6.083189,
              43.40889
            ],
            [
              6.082912,
              43.413573
            ],
            [
              6.08769,
              43.416977
            ],
            [
              6.088719,
              43.417053
            ],
            [
              6.089987,
              43.417219
            ],
            [
              6.092884,
              43.417654
            ],
            [
              6.09357,
              43.417749
            ],
            [
              6.0947,
              43.417813
            ],
            [
              6.095728,
              43.417825
            ],
            [
              6.097613,
              43.417722
            ],
            [
              6.098773,
              43.41755
            ],
            [
              6.099932,
              43.417328
            ],
            [
              6.102059,
              43.416838
            ],
            [
              6.10307,
              43.416599
            ],
            [
              6.103898,
              43.416383
            ],
            [
              6.105592,
              43.416061
            ],
            [
              6.106773,
              43.415938
            ],
            [
              6.107867,
              43.415905
            ],
            [
              6.108698,
              43.415955
            ],
            [
              6.109843,
              43.416094
            ],
            [
              6.110954,
              43.416323
            ],
            [
              6.111804,
              43.416547
            ],
            [
              6.112715,
              43.416817
            ],
            [
              6.121536,
              43.41687
            ],
            [
              6.123645,
              43.415729
            ],
            [
              6.12452,
              43.415337
            ],
            [
              6.125405,
              43.414995
            ],
            [
              6.126307,
              43.414696
            ],
            [
              6.132686,
              43.412402
            ],
            [
              6.133646,
              43.41198
            ],
            [
              6.135048,
              43.411494
            ],
            [
              6.136179,
              43.411238
            ],
            [
              6.14489,
              43.409522
            ],
            [
              6.146152,
              43.409298
            ],
            [
              6.147374,
              43.409174
            ],
            [
              6.15039,
              43.409009
            ],
            [
              6.157049,
              43.408057
            ],
            [
              6.158187,
              43.407814
            ],
            [
              6.159948,
              43.407477
            ],
            [
              6.161152,
              43.407299
            ],
            [
              6.162181,
              43.407197
            ],
            [
              6.163321,
              43.407121
            ],
            [
              6.164161,
              43.407101
            ],
            [
              6.165902,
              43.407125
            ],
            [
              6.167025,
              43.40719
            ],
            [
              6.168105,
              43.407315
            ],
            [
              6.176767,
              43.408055
            ],
            [
              6.177171,
              43.411633
            ],
            [
              6.176319,
              43.411729
            ],
            [
              6.175265,
              43.411775
            ],
            [
              6.174336,
              43.411774
            ],
            [
              6.173417,
              43.411723
            ],
            [
              6.172276,
              43.411616
            ],
            [
              6.170697,
              43.411374
            ],
            [
              6.168758,
              43.41105
            ],
            [
              6.160481,
              43.411038
            ],
            [
              6.158866,
              43.411349
            ],
            [
              6.157802,
              43.411577
            ],
            [
              6.155824,
              43.411968
            ],
            [
              6.154844,
              43.41214
            ],
            [
              6.153834,
              43.412291
            ],
            [
              6.152882,
              43.41241
            ],
            [
              6.151732,
              43.412519
            ],
            [
              6.150657,
              43.4126
            ],
            [
              6.1428,
              43.413875
            ],
            [
              6.141784,
              43.414164
            ],
            [
              6.141013,
              43.414334
            ],
            [
              6.140186,
              43.414468
            ],
            [
              6.131801,
              43.416749
            ],
            [
              6.130251,
              43.417264
            ],
            [
              6.122429,
              43.420443
            ],
            [
              6.121618,
              43.420778
            ],
            [
              6.120617,
              43.421088
            ],
            [
              6.119776,
              43.421279
            ],
            [
              6.118758,
              43.421437
            ],
            [
              6.117558,
              43.421505
            ],
            [
              6.116575,
              43.421472
            ],
            [
              6.115541,
              43.421351
            ],
            [
              6.114898,
              43.421249
            ],
            [
              6.113856,
              43.421006
            ],
            [
              6.111547,
              43.420222
            ],
            [
              6.103997,
              43.420077
            ],
            [
              6.102891,
              43.420341
            ],
            [
              6.100739,
              43.420836
            ],
            [
              6.099456,
              43.421085
            ],
            [
              6.098146,
              43.421283
            ],
            [
              6.095866,
              43.421422
            ],
            [
              6.094666,
              43.421413
            ],
            [
              6.093371,
              43.421343
            ],
            [
              6.092419,
              43.421224
            ],
            [
              6.089453,
              43.420779
            ],
            [
              6.08825,
              43.420622
            ],
            [
              6.087438,
              43.420568
            ],
            [
              6.086427,
              43.420543
            ],
            [
              6.085562,
              43.420562
            ],
            [
              6.084478,
              43.420638
            ],
            [
              6.083257,
              43.420805
            ],
            [
              6.082193,
              43.421035
            ],
            [
              6.081309,
              43.421277
            ],
            [
              6.07932,
              43.421948
            ],
            [
              6.073408,
              43.428503
            ],
            [
              6.072002,
              43.429664
            ],
            [
              6.071664,
              43.429673
            ],
            [
              6.062807,
              43.428834
            ],
            [
              6.06219,
              43.42822
            ],
            [
              6.054502,
              43.424454
            ],
            [
              6.05075,
              43.423529
            ],
            [
              6.043456,
              43.420508
            ],
            [
              6.042089,
              43.42059
            ],
            [
              6.039851,
              43.420337
            ],
            [
              6.036127,
              43.420265
            ],
            [
              6.032445,
              43.420194
            ],
            [
              6.030056,
              43.420202
            ],
            [
              6.028821,
              43.420229
            ],
            [
              6.027777,
              43.420272
            ],
            [
              6.025466,
              43.420431
            ],
            [
              6.018715,
              43.421572
            ],
            [
              6.016506,
              43.422066
            ],
            [
              6.014262,
              43.422568
            ],
            [
              6.012681,
              43.422888
            ],
            [
              6.010803,
              43.423218
            ],
            [
              6.008912,
              43.423513
            ],
            [
              6.007413,
              43.423718
            ],
            [
              6.004987,
              43.42398
            ],
            [
              6.003776,
              43.424089
            ],
            [
              5.998584,
              43.423355
            ],
            [
              5.990746,
              43.424776
            ],
            [
              5.990081,
              43.424773
            ],
            [
              5.984863,
              43.425467
            ],
            [
              5.98335,
              43.4259
            ],
            [
              5.982061,
              43.426217
            ],
            [
              5.9815,
              43.426336
            ],
            [
              5.980836,
              43.42646
            ],
            [
              5.979867,
              43.426605
            ],
            [
              5.978477,
              43.42674
            ],
            [
              5.976894,
              43.426786
            ],
            [
              5.975576,
              43.426746
            ],
            [
              5.974425,
              43.426665
            ],
            [
              5.973049,
              43.426519
            ],
            [
              5.971943,
              43.426373
            ],
            [
              5.968626,
              43.425855
            ],
            [
              5.967029,
              43.425626
            ],
            [
              5.96591,
              43.425485
            ],
            [
              5.965012,
              43.4254
            ],
            [
              5.963722,
              43.425317
            ],
            [
              5.962743,
              43.425287
            ],
            [
              5.961586,
              43.425293
            ],
            [
              5.960565,
              43.425327
            ],
            [
              5.959515,
              43.425402
            ],
            [
              5.958359,
              43.425517
            ],
            [
              5.957201,
              43.425678
            ],
            [
              5.95599,
              43.42588
            ],
            [
              5.954745,
              43.426142
            ],
            [
              5.953288,
              43.426522
            ],
            [
              5.952413,
              43.426782
            ],
            [
              5.951235,
              43.427196
            ],
            [
              5.950075,
              43.427754
            ],
            [
              5.948909,
              43.428477
            ],
            [
              5.948159,
              43.42896
            ],
            [
              5.94732,
              43.429452
            ],
            [
              5.946562,
              43.429826
            ],
            [
              5.945218,
              43.437797
            ],
            [
              5.948443,
              43.439397
            ],
            [
              5.951466,
              43.44597
            ],
            [
              5.956286,
              43.452556
            ],
            [
              5.958903,
              43.451491
            ],
            [
              5.960313,
              43.452866
            ],
            [
              5.968867,
              43.455319
            ],
            [
              5.971636,
              43.45762
            ],
            [
              5.97103,
              43.458542
            ],
            [
              5.970508,
              43.459048
            ],
            [
              5.965575,
              43.464804
            ],
            [
              5.964562,
              43.466035
            ],
            [
              5.963708,
              43.473711
            ],
            [
              5.963844,
              43.47405
            ],
            [
              5.963796,
              43.474187
            ],
            [
              5.961431,
              43.476901
            ],
            [
              5.95729,
              43.482383
            ],
            [
              5.956159,
              43.482702
            ],
            [
              5.948501,
              43.487428
            ],
            [
              5.948488,
              43.48743
            ],
            [
              5.946405,
              43.486094
            ],
            [
              5.942883,
              43.481927
            ],
            [
              5.941212,
              43.478739
            ],
            [
              5.933313,
              43.477859
            ],
            [
              5.929527,
              43.479582
            ],
            [
              5.923439,
              43.486007
            ],
            [
              5.920972,
              43.48748
            ],
            [
              5.918606,
              43.488591
            ],
            [
              5.918202,
              43.488487
            ],
            [
              5.91526,
              43.488271
            ],
            [
              5.913343,
              43.486327
            ],
            [
              5.904989,
              43.4881
            ],
            [
              5.907562,
              43.49348
            ],
            [
              5.907764,
              43.493936
            ],
            [
              5.907956,
              43.494484
            ],
            [
              5.908314,
              43.495357
            ],
            [
              5.90859,
              43.495962
            ],
            [
              5.914073,
              43.499262
            ],
            [
              5.914515,
              43.499217
            ],
            [
              5.914885,
              43.499234
            ],
            [
              5.915602,
              43.499296
            ],
            [
              5.920417,
              43.505186
            ],
            [
              5.928327,
              43.50696
            ],
            [
              5.929998,
              43.510148
            ],
            [
              5.931675,
              43.51704
            ],
            [
              5.931002,
              43.519171
            ],
            [
              5.930733,
              43.519384
            ],
            [
              5.930336,
              43.519647
            ],
            [
              5.929313,
              43.519757
            ],
            [
              5.92864,
              43.519171
            ],
            [
              5.926916,
              43.517675
            ],
            [
              5.920191,
              43.513812
            ],
            [
              5.919634,
              43.513439
            ],
            [
              5.919549,
              43.513363
            ],
            [
              5.914193,
              43.507734
            ],
            [
              5.908225,
              43.505007
            ],
            [
              5.90713,
              43.504639
            ],
            [
              5.902136,
              43.502175
            ],
            [
              5.893934,
              43.503064
            ],
            [
              5.891681,
              43.504283
            ],
            [
              5.891184,
              43.50445
            ],
            [
              5.889142,
              43.505169
            ],
            [
              5.888322,
              43.50553
            ],
            [
              5.883,
              43.509355
            ],
            [
              5.882189,
              43.512256
            ],
            [
              5.87859,
              43.512164
            ],
            [
              5.874723,
              43.506324
            ],
            [
              5.871923,
              43.505458
            ],
            [
              5.871572,
              43.505298
            ],
            [
              5.868681,
              43.504034
            ],
            [
              5.868388,
              43.503852
            ],
            [
              5.86237,
              43.500461
            ],
            [
              5.859393,
              43.498385
            ],
            [
              5.859546,
              43.498077
            ],
            [
              5.861482,
              43.492654
            ],
            [
              5.861353,
              43.490669
            ],
            [
              5.857346,
              43.484423
            ],
            [
              5.85304,
              43.486117
            ],
            [
              5.852845,
              43.486308
            ],
            [
              5.850267,
              43.48565
            ],
            [
              5.843019,
              43.48263
            ],
            [
              5.839961,
              43.48436
            ],
            [
              5.836361,
              43.484401
            ],
            [
              5.830144,
              43.488847
            ],
            [
              5.829443,
              43.489782
            ],
            [
              5.829253,
              43.489841
            ],
            [
              5.827809,
              43.489676
            ],
            [
              5.819995,
              43.490334
            ],
            [
              5.818099,
              43.492087
            ],
            [
              5.816601,
              43.493554
            ],
            [
              5.816065,
              43.494042
            ],
            [
              5.815588,
              43.494362
            ],
            [
              5.812927,
              43.496015
            ],
            [
              5.81233,
              43.496297
            ],
            [
              5.812009,
              43.496408
            ],
            [
              5.810155,
              43.495698
            ],
            [
              5.809991,
              43.495018
            ],
            [
              5.810831,
              43.493007
            ],
            [
              5.811313,
              43.492797
            ],
            [
              5.813681,
              43.491309
            ],
            [
              5.814384,
              43.483466
            ],
            [
              5.812993,
              43.479796
            ],
            [
              5.81094,
              43.476554
            ],
            [
              5.806194,
              43.473881
            ],
            [
              5.801133,
              43.475818
            ],
            [
              5.798204,
              43.478431
            ],
            [
              5.797382,
              43.479786
            ],
            [
              5.795941,
              43.480696
            ],
            [
              5.795732,
              43.48071
            ],
            [
              5.795348,
              43.480741
            ],
            [
              5.794904,
              43.480731
            ],
            [
              5.793927,
              43.480256
            ],
            [
              5.787805,
              43.479865
            ],
            [
              5.782186,
              43.482131
            ],
            [
              5.782058,
              43.488137
            ],
            [
              5.782309,
              43.488856
            ],
            [
              5.782251,
              43.489786
            ],
            [
              5.782169,
              43.489974
            ],
            [
              5.779031,
              43.490185
            ],
            [
              5.776018,
              43.498016
            ],
            [
              5.776096,
              43.499324
            ],
            [
              5.776369,
              43.501395
            ],
            [
              5.776919,
              43.503078
            ],
            [
              5.776776,
              43.5039
            ],
            [
              5.776508,
              43.50466
            ],
            [
              5.7763,
              43.505212
            ],
            [
              5.775446,
              43.507414
            ],
            [
              5.773085,
              43.510132
            ],
            [
              5.76612,
              43.511633
            ],
            [
              5.762132,
              43.51384
            ],
            [
              5.757132,
              43.520633
            ],
            [
              5.756898,
              43.522033
            ],
            [
              5.755596,
              43.524492
            ],
            [
              5.752411,
              43.526169
            ],
            [
              5.744921,
              43.524081
            ],
            [
              5.742945,
              43.525149
            ],
            [
              5.741321,
              43.532429
            ],
            [
              5.743256,
              43.534424
            ],
            [
              5.743311,
              43.534461
            ],
            [
              5.743696,
              43.534779
            ],
            [
              5.742815,
              43.539983
            ],
            [
              5.745416,
              43.547419
            ],
            [
              5.746314,
              43.550905
            ],
            [
              5.745412,
              43.551137
            ],
            [
              5.744263,
              43.551167
            ],
            [
              5.742735,
              43.551067
            ],
            [
              5.735584,
              43.555815
            ],
            [
              5.734152,
              43.559118
            ],
            [
              5.735791,
              43.565314
            ],
            [
              5.733867,
              43.568306
            ],
            [
              5.733753,
              43.568247
            ],
            [
              5.73132,
              43.566526
            ],
            [
              5.731064,
              43.566325
            ],
            [
              5.730279,
              43.565577
            ],
            [
              5.729907,
              43.565095
            ],
            [
              5.728918,
              43.563517
            ],
            [
              5.728559,
              43.562769
            ],
            [
              5.726674,
              43.559534
            ],
            [
              5.726376,
              43.559059
            ],
            [
              5.72117,
              43.555821
            ],
            [
              5.717755,
              43.556409
            ],
            [
              5.714912,
              43.556898
            ],
            [
              5.712069,
              43.557387
            ],
            [
              5.711459,
              43.553839
            ],
            [
              5.704299,
              43.550558
            ],
            [
              5.70411,
              43.549121
            ],
            [
              5.703566,
              43.546858
            ],
            [
              5.702752,
              43.544918
            ],
            [
              5.705386,
              43.542464
            ],
            [
              5.702748,
              43.534445
            ],
            [
              5.69986,
              43.533979
            ],
            [
              5.69928,
              43.534007
            ],
            [
              5.69824,
              43.533647
            ],
            [
              5.696591,
              43.533163
            ],
            [
              5.694284,
              43.532291
            ],
            [
              5.693045,
              43.5316
            ],
            [
              5.688062,
              43.528525
            ],
            [
              5.682576,
              43.527729
            ],
            [
              5.680929,
              43.527768
            ],
            [
              5.678342,
              43.528049
            ],
            [
              5.674542,
              43.527334
            ],
            [
              5.670206,
              43.525917
            ],
            [
              5.669279,
              43.525836
            ],
            [
              5.668671,
              43.525811
            ],
            [
              5.661977,
              43.527979
            ],
            [
              5.660352,
              43.528601
            ],
            [
              5.660192,
              43.52867
            ],
            [
              5.654269,
              43.531526
            ],
            [
              5.6532,
              43.531708
            ],
            [
              5.652434,
              43.53177
            ],
            [
              5.650759,
              43.532041
            ],
            [
              5.650375,
              43.532095
            ],
            [
              5.649727,
              43.532057
            ],
            [
              5.648797,
              43.531611
            ],
            [
              5.642483,
              43.529628
            ],
            [
              5.640107,
              43.529352
            ],
            [
              5.638595,
              43.529382
            ],
            [
              5.637994,
              43.529396
            ],
            [
              5.632047,
              43.53044
            ],
            [
              5.628968,
              43.52997
            ],
            [
              5.628291,
              43.529609
            ],
            [
              5.626842,
              43.529008
            ],
            [
              5.623215,
              43.528387
            ],
            [
              5.622751,
              43.528284
            ],
            [
              5.622183,
              43.528006
            ],
            [
              5.621633,
              43.527753
            ],
            [
              5.616699,
              43.524554
            ],
            [
              5.615693,
              43.5242
            ],
            [
              5.614561,
              43.523574
            ],
            [
              5.611186,
              43.522345
            ],
            [
              5.604558,
              43.522402
            ],
            [
              5.603854,
              43.522493
            ],
            [
              5.603126,
              43.522422
            ],
            [
              5.594706,
              43.524457
            ],
            [
              5.591288,
              43.525271
            ],
            [
              5.59123,
              43.525226
            ],
            [
              5.586004,
              43.521777
            ],
            [
              5.579204,
              43.521816
            ],
            [
              5.578146,
              43.522057
            ],
            [
              5.571747,
              43.528035
            ],
            [
              5.570487,
              43.529417
            ],
            [
              5.570015,
              43.529911
            ],
            [
              5.567064,
              43.530695
            ],
            [
              5.56613,
              43.530904
            ],
            [
              5.565663,
              43.530974
            ],
            [
              5.56504,
              43.530941
            ],
            [
              5.560395,
              43.531164
            ],
            [
              5.55966,
              43.531101
            ],
            [
              5.55762,
              43.530704
            ],
            [
              5.556693,
              43.530569
            ],
            [
              5.555233,
              43.530489
            ],
            [
              5.554379,
              43.530473
            ],
            [
              5.553229,
              43.530267
            ],
            [
              5.552946,
              43.530192
            ],
            [
              5.551576,
              43.529788
            ],
            [
              5.551011,
              43.529632
            ],
            [
              5.55007,
              43.529422
            ],
            [
              5.548431,
              43.529093
            ],
            [
              5.546089,
              43.52807
            ],
            [
              5.544361,
              43.527225
            ],
            [
              5.542364,
              43.52136
            ],
            [
              5.540208,
              43.520232
            ],
            [
              5.533502,
              43.523438
            ],
            [
              5.530446,
              43.524665
            ],
            [
              5.52999,
              43.524481
            ],
            [
              5.52976,
              43.52437
            ],
            [
              5.521036,
              43.522438
            ],
            [
              5.515191,
              43.524197
            ],
            [
              5.510224,
              43.530895
            ],
            [
              5.51177,
              43.532823
            ],
            [
              5.512128,
              43.541075
            ],
            [
              5.51417,
              43.542036
            ],
            [
              5.518998,
              43.544603
            ],
            [
              5.519561,
              43.544807
            ],
            [
              5.519954,
              43.545057
            ],
            [
              5.522288,
              43.546274
            ],
            [
              5.522818,
              43.546403
            ],
            [
              5.524437,
              43.546621
            ],
            [
              5.530464,
              43.541148
            ],
            [
              5.531587,
              43.541046
            ],
            [
              5.533042,
              43.541667
            ],
            [
              5.535042,
              43.542698
            ],
            [
              5.53571,
              43.543439
            ],
            [
              5.542841,
              43.547038
            ],
            [
              5.545869,
              43.547438
            ],
            [
              5.545995,
              43.548399
            ],
            [
              5.552135,
              43.554865
            ],
            [
              5.556189,
              43.554498
            ],
            [
              5.55667,
              43.554499
            ],
            [
              5.557023,
              43.554518
            ],
            [
              5.558287,
              43.554605
            ],
            [
              5.558827,
              43.554665
            ],
            [
              5.56295,
              43.554513
            ],
            [
              5.56329,
              43.554437
            ],
            [
              5.563697,
              43.554389
            ],
            [
              5.565186,
              43.554215
            ],
            [
              5.565733,
              43.554143
            ],
            [
              5.574042,
              43.551049
            ],
            [
              5.574467,
              43.550746
            ],
            [
              5.578204,
              43.545924
            ],
            [
              5.578778,
              43.545812
            ],
            [
              5.579228,
              43.545716
            ],
            [
              5.579919,
              43.545818
            ],
            [
              5.580536,
              43.546125
            ],
            [
              5.588004,
              43.549414
            ],
            [
              5.589008,
              43.553208
            ],
            [
              5.597143,
              43.553275
            ],
            [
              5.597609,
              43.553346
            ],
            [
              5.597963,
              43.553423
            ],
            [
              5.606419,
              43.551159
            ],
            [
              5.607224,
              43.550928
            ],
            [
              5.607955,
              43.550997
            ],
            [
              5.60825,
              43.55111
            ],
            [
              5.608681,
              43.551265
            ],
            [
              5.60921,
              43.551575
            ],
            [
              5.617895,
              43.553524
            ],
            [
              5.618278,
              43.553423
            ],
            [
              5.623374,
              43.552455
            ],
            [
              5.623787,
              43.552298
            ],
            [
              5.625283,
              43.551694
            ],
            [
              5.625823,
              43.551531
            ],
            [
              5.626277,
              43.55146
            ],
            [
              5.626796,
              43.551425
            ],
            [
              5.629208,
              43.551274
            ],
            [
              5.630237,
              43.551279
            ],
            [
              5.634397,
              43.551351
            ],
            [
              5.638429,
              43.551129
            ],
            [
              5.639329,
              43.551021
            ],
            [
              5.639901,
              43.551175
            ],
            [
              5.641581,
              43.551889
            ],
            [
              5.64182,
              43.551981
            ],
            [
              5.649616,
              43.551902
            ],
            [
              5.652054,
              43.551148
            ],
            [
              5.652416,
              43.551006
            ],
            [
              5.654714,
              43.549835
            ],
            [
              5.655139,
              43.549663
            ],
            [
              5.655656,
              43.549561
            ],
            [
              5.656801,
              43.549234
            ],
            [
              5.661134,
              43.546469
            ],
            [
              5.661292,
              43.54631
            ],
            [
              5.66174,
              43.545935
            ],
            [
              5.662634,
              43.545632
            ],
            [
              5.663229,
              43.54567
            ],
            [
              5.663814,
              43.545894
            ],
            [
              5.665713,
              43.546603
            ],
            [
              5.66614,
              43.546743
            ],
            [
              5.668297,
              43.547231
            ],
            [
              5.671527,
              43.548269
            ],
            [
              5.672336,
              43.548585
            ],
            [
              5.674634,
              43.549244
            ],
            [
              5.675481,
              43.549434
            ],
            [
              5.677351,
              43.549736
            ],
            [
              5.676778,
              43.55329
            ],
            [
              5.674908,
              43.552988
            ],
            [
              5.673856,
              43.552759
            ],
            [
              5.671701,
              43.552131
            ],
            [
              5.671332,
              43.552042
            ],
            [
              5.669817,
              43.551595
            ],
            [
              5.664395,
              43.550963
            ],
            [
              5.660844,
              43.552533
            ],
            [
              5.660627,
              43.552647
            ],
            [
              5.660189,
              43.552813
            ],
            [
              5.659841,
              43.552894
            ],
            [
              5.659216,
              43.55292
            ],
            [
              5.652866,
              43.558781
            ],
            [
              5.652431,
              43.559415
            ],
            [
              5.65229,
              43.559554
            ],
            [
              5.651806,
              43.559887
            ],
            [
              5.651717,
              43.55988
            ],
            [
              5.650451,
              43.559345
            ],
            [
              5.649089,
              43.558708
            ],
            [
              5.648689,
              43.558478
            ],
            [
              5.646155,
              43.557059
            ],
            [
              5.64226,
              43.556244
            ],
            [
              5.638668,
              43.555357
            ],
            [
              5.637993,
              43.555295
            ],
            [
              5.636898,
              43.555092
            ],
            [
              5.633612,
              43.563382
            ],
            [
              5.632368,
              43.566281
            ],
            [
              5.631835,
              43.566513
            ],
            [
              5.624656,
              43.571532
            ],
            [
              5.623866,
              43.575846
            ],
            [
              5.62369,
              43.576415
            ],
            [
              5.623446,
              43.576814
            ],
            [
              5.622958,
              43.577311
            ],
            [
              5.622664,
              43.577511
            ],
            [
              5.622203,
              43.57778
            ],
            [
              5.620775,
              43.578537
            ],
            [
              5.615963,
              43.576045
            ],
            [
              5.613263,
              43.575259
            ],
            [
              5.61003,
              43.568896
            ],
            [
              5.609698,
              43.568477
            ],
            [
              5.609613,
              43.568332
            ],
            [
              5.611419,
              43.566088
            ],
            [
              5.608534,
              43.557768
            ],
            [
              5.607653,
              43.55769
            ],
            [
              5.606746,
              43.557706
            ],
            [
              5.601677,
              43.555998
            ],
            [
              5.597071,
              43.556911
            ],
            [
              5.589734,
              43.558091
            ],
            [
              5.586313,
              43.556437
            ],
            [
              5.579219,
              43.558317
            ],
            [
              5.577717,
              43.558531
            ],
            [
              5.574908,
              43.55886
            ],
            [
              5.574812,
              43.558869
            ],
            [
              5.571334,
              43.559297
            ],
            [
              5.563443,
              43.563044
            ],
            [
              5.563088,
              43.56445
            ],
            [
              5.563137,
              43.566633
            ],
            [
              5.560238,
              43.575047
            ],
            [
              5.560292,
              43.575595
            ],
            [
              5.560301,
              43.57632
            ],
            [
              5.556715,
              43.576636
            ],
            [
              5.556457,
              43.575465
            ],
            [
              5.550007,
              43.569716
            ],
            [
              5.544525,
              43.571206
            ],
            [
              5.544079,
              43.571543
            ],
            [
              5.543139,
              43.572002
            ],
            [
              5.542537,
              43.572234
            ],
            [
              5.542192,
              43.572308
            ],
            [
              5.536451,
              43.574301
            ],
            [
              5.5358,
              43.574659
            ],
            [
              5.534579,
              43.575257
            ],
            [
              5.534042,
              43.575448
            ],
            [
              5.533321,
              43.575631
            ],
            [
              5.532486,
              43.575671
            ],
            [
              5.531379,
              43.575583
            ],
            [
              5.530514,
              43.575551
            ],
            [
              5.529844,
              43.575555
            ],
            [
              5.528837,
              43.57557
            ],
            [
              5.527108,
              43.575734
            ],
            [
              5.525818,
              43.575851
            ],
            [
              5.525377,
              43.575873
            ],
            [
              5.523704,
              43.57627
            ],
            [
              5.521409,
              43.584413
            ],
            [
              5.522475,
              43.586673
            ],
            [
              5.522576,
              43.590014
            ],
            [
              5.522464,
              43.590273
            ],
            [
              5.520474,
              43.596719
            ],
            [
              5.520413,
              43.597967
            ],
            [
              5.520306,
              43.598998
            ],
            [
              5.520208,
              43.599418
            ],
            [
              5.520581,
              43.605754
            ],
            [
              5.527045,
              43.611348
            ],
            [
              5.530705,
              43.610902
            ],
            [
              5.53702,
              43.605588
            ],
            [
              5.537465,
              43.604968
            ],
            [
              5.538364,
              43.604002
            ],
            [
              5.53881,
              43.603556
            ],
            [
              5.539333,
              43.603192
            ],
            [
              5.539629,
              43.603038
            ],
            [
              5.540684,
              43.602588
            ],
            [
              5.541067,
              43.602492
            ],
            [
              5.541207,
              43.602515
            ],
            [
              5.543458,
              43.603796
            ],
            [
              5.552052,
              43.602426
            ],
            [
              5.552434,
              43.602165
            ],
            [
              5.553106,
              43.601843
            ],
            [
              5.555127,
              43.6009
            ],
            [
              5.555911,
              43.600689
            ],
            [
              5.561182,
              43.593577
            ],
            [
              5.561924,
              43.593637
            ],
            [
              5.562899,
              43.593634
            ],
            [
              5.563713,
              43.593598
            ],
            [
              5.565386,
              43.593693
            ],
            [
              5.567545,
              43.593981
            ],
            [
              5.573916,
              43.592901
            ],
            [
              5.574274,
              43.592785
            ],
            [
              5.574751,
              43.592698
            ],
            [
              5.580388,
              43.590598
            ],
            [
              5.581234,
              43.590005
            ],
            [
              5.581735,
              43.589807
            ],
            [
              5.582152,
              43.589743
            ],
            [
              5.584125,
              43.58931
            ],
            [
              5.585874,
              43.588848
            ],
            [
              5.587685,
              43.588164
            ],
            [
              5.589022,
              43.588793
            ],
            [
              5.589142,
              43.58935
            ],
            [
              5.588979,
              43.592393
            ],
            [
              5.588439,
              43.592386
            ],
            [
              5.585035,
              43.592802
            ],
            [
              5.581325,
              43.59461
            ],
            [
              5.580992,
              43.594796
            ],
            [
              5.580118,
              43.595122
            ],
            [
              5.579066,
              43.595421
            ],
            [
              5.578761,
              43.595504
            ],
            [
              5.576639,
              43.604221
            ],
            [
              5.577774,
              43.605607
            ],
            [
              5.578755,
              43.606742
            ],
            [
              5.578968,
              43.607616
            ],
            [
              5.58618,
              43.612576
            ],
            [
              5.589355,
              43.611175
            ],
            [
              5.596039,
              43.60936
            ],
            [
              5.596617,
              43.609136
            ],
            [
              5.597,
              43.608967
            ],
            [
              5.602723,
              43.615186
            ],
            [
              5.603303,
              43.615526
            ],
            [
              5.606506,
              43.617769
            ],
            [
              5.607534,
              43.618536
            ],
            [
              5.616378,
              43.617757
            ],
            [
              5.619047,
              43.617538
            ],
            [
              5.626997,
              43.614274
            ],
            [
              5.628416,
              43.61391
            ],
            [
              5.63313,
              43.616978
            ],
            [
              5.633514,
              43.619961
            ],
            [
              5.635713,
              43.623139
            ],
            [
              5.644203,
              43.620567
            ],
            [
              5.649388,
              43.619431
            ],
            [
              5.650342,
              43.619106
            ],
            [
              5.651028,
              43.61901
            ],
            [
              5.651658,
              43.619162
            ],
            [
              5.652661,
              43.621437
            ],
            [
              5.652598,
              43.621611
            ],
            [
              5.650044,
              43.627262
            ],
            [
              5.650628,
              43.635373
            ],
            [
              5.648705,
              43.63806
            ],
            [
              5.64543,
              43.637738
            ],
            [
              5.645406,
              43.637733
            ],
            [
              5.638175,
              43.6407
            ],
            [
              5.6389,
              43.647717
            ],
            [
              5.642432,
              43.655144
            ],
            [
              5.642996,
              43.6559
            ],
            [
              5.643135,
              43.656383
            ],
            [
              5.643401,
              43.657509
            ],
            [
              5.643429,
              43.659272
            ],
            [
              5.648277,
              43.665094
            ],
            [
              5.648653,
              43.665211
            ],
            [
              5.649229,
              43.665483
            ],
            [
              5.655198,
              43.668068
            ],
            [
              5.658645,
              43.672072
            ],
            [
              5.658274,
              43.675552
            ],
            [
              5.662107,
              43.683417
            ],
            [
              5.662482,
              43.683576
            ],
            [
              5.663048,
              43.683864
            ],
            [
              5.667872,
              43.685708
            ],
            [
              5.67475,
              43.684273
            ],
            [
              5.67537,
              43.683906
            ],
            [
              5.676188,
              43.683771
            ],
            [
              5.678192,
              43.683335
            ],
            [
              5.678899,
              43.683144
            ],
            [
              5.679464,
              43.683166
            ],
            [
              5.679821,
              43.683235
            ],
            [
              5.681301,
              43.684254
            ],
            [
              5.682155,
              43.684815
            ],
            [
              5.690723,
              43.687279
            ],
            [
              5.691806,
              43.68723
            ],
            [
              5.694525,
              43.687032
            ],
            [
              5.701924,
              43.683
            ],
            [
              5.702883,
              43.680574
            ],
            [
              5.704093,
              43.679912
            ],
            [
              5.704637,
              43.680026
            ],
            [
              5.705248,
              43.680217
            ],
            [
              5.711053,
              43.681023
            ],
            [
              5.715919,
              43.679709
            ],
            [
              5.717233,
              43.679061
            ],
            [
              5.722447,
              43.674632
            ],
            [
              5.725024,
              43.671405
            ],
            [
              5.72545,
              43.671081
            ],
            [
              5.725552,
              43.671029
            ],
            [
              5.725909,
              43.670847
            ],
            [
              5.726623,
              43.670535
            ],
            [
              5.730642,
              43.668992
            ],
            [
              5.735373,
              43.665822
            ],
            [
              5.735978,
              43.665789
            ],
            [
              5.741271,
              43.665105
            ],
            [
              5.746505,
              43.663396
            ],
            [
              5.747095,
              43.663169
            ],
            [
              5.748772,
              43.662686
            ],
            [
              5.74903,
              43.66264
            ],
            [
              5.74966,
              43.66258
            ],
            [
              5.751333,
              43.66264
            ],
            [
              5.752159,
              43.66288
            ],
            [
              5.753003,
              43.663209
            ],
            [
              5.7536,
              43.666759
            ],
            [
              5.759751,
              43.672974
            ],
            [
              5.760298,
              43.672877
            ],
            [
              5.760721,
              43.672891
            ],
            [
              5.761006,
              43.672931
            ],
            [
              5.763438,
              43.674169
            ],
            [
              5.76361,
              43.674281
            ],
            [
              5.763804,
              43.674484
            ],
            [
              5.763928,
              43.674623
            ],
            [
              5.764073,
              43.674785
            ],
            [
              5.763693,
              43.675945
            ],
            [
              5.763341,
              43.67661
            ],
            [
              5.762668,
              43.677233
            ],
            [
              5.761923,
              43.677587
            ],
            [
              5.761217,
              43.677746
            ],
            [
              5.755637,
              43.680467
            ],
            [
              5.754868,
              43.680975
            ],
            [
              5.753872,
              43.681509
            ],
            [
              5.753127,
              43.681767
            ],
            [
              5.750109,
              43.682923
            ],
            [
              5.748054,
              43.684395
            ],
            [
              5.747561,
              43.68475
            ],
            [
              5.745778,
              43.685622
            ],
            [
              5.744437,
              43.686264
            ],
            [
              5.743894,
              43.686466
            ],
            [
              5.743322,
              43.68661
            ],
            [
              5.742349,
              43.686718
            ],
            [
              5.73809,
              43.694339
            ],
            [
              5.738578,
              43.695033
            ],
            [
              5.745,
              43.699266
            ],
            [
              5.74542,
              43.699336
            ],
            [
              5.745949,
              43.699455
            ],
            [
              5.746983,
              43.699757
            ],
            [
              5.750356,
              43.700897
            ],
            [
              5.751853,
              43.70189
            ],
            [
              5.756503,
              43.704274
            ],
            [
              5.758977,
              43.705145
            ],
            [
              5.766777,
              43.707194
            ],
            [
              5.767401,
              43.707305
            ],
            [
              5.767828,
              43.707462
            ],
            [
              5.769809,
              43.708364
            ],
            [
              5.770151,
              43.70856
            ],
            [
              5.770661,
              43.708878
            ],
            [
              5.772805,
              43.709781
            ],
            [
              5.780069,
              43.705607
            ],
            [
              5.782384,
              43.705709
            ],
            [
              5.783527,
              43.705975
            ],
            [
              5.786536,
              43.710124
            ],
            [
              5.791992,
              43.71176
            ],
            [
              5.792524,
              43.712486
            ],
            [
              5.800321,
              43.716632
            ],
            [
              5.803788,
              43.716731
            ],
            [
              5.804553,
              43.716776
            ],
            [
              5.805446,
              43.716934
            ],
            [
              5.806942,
              43.71731
            ],
            [
              5.807894,
              43.717608
            ],
            [
              5.81172,
              43.719481
            ],
            [
              5.811731,
              43.719489
            ],
            [
              5.811999,
              43.721467
            ],
            [
              5.810937,
              43.723948
            ],
            [
              5.810786,
              43.724055
            ],
            [
              5.810729,
              43.724066
            ],
            [
              5.808846,
              43.723205
            ],
            [
              5.807174,
              43.721965
            ],
            [
              5.802052,
              43.720418
            ],
            [
              5.797249,
              43.722322
            ],
            [
              5.795383,
              43.723277
            ],
            [
              5.790792,
              43.722634
            ],
            [
              5.789899,
              43.722464
            ],
            [
              5.781761,
              43.719193
            ],
            [
              5.77853,
              43.716534
            ],
            [
              5.7761,
              43.715167
            ],
            [
              5.772968,
              43.713788
            ],
            [
              5.772163,
              43.713425
            ],
            [
              5.771379,
              43.713087
            ],
            [
              5.769263,
              43.712195
            ],
            [
              5.760788,
              43.712568
            ],
            [
              5.755582,
              43.719352
            ],
            [
              5.754815,
              43.72016
            ],
            [
              5.75472,
              43.720211
            ],
            [
              5.753003,
              43.719873
            ],
            [
              5.747006,
              43.718558
            ],
            [
              5.746438,
              43.718426
            ],
            [
              5.741963,
              43.726066
            ],
            [
              5.742625,
              43.726701
            ],
            [
              5.743322,
              43.727327
            ],
            [
              5.744517,
              43.728323
            ],
            [
              5.747385,
              43.730652
            ],
            [
              5.750253,
              43.732981
            ],
            [
              5.753122,
              43.73531
            ],
            [
              5.756054,
              43.737694
            ],
            [
              5.757642,
              43.739113
            ],
            [
              5.759984,
              43.741303
            ],
            [
              5.762993,
              43.744145
            ],
            [
              5.766002,
              43.746988
            ],
            [
              5.769011,
              43.74983
            ],
            [
              5.77202,
              43.752673
            ],
            [
              5.775029,
              43.755515
            ],
            [
              5.778093,
              43.758412
            ],
            [
              5.77866,
              43.758998
            ],
            [
              5.77929,
              43.759708
            ],
            [
              5.779911,
              43.760455
            ],
            [
              5.781148,
              43.762116
            ],
            [
              5.787862,
              43.766801
            ],
            [
              5.790499,
              43.767957
            ],
            [
              5.79317,
              43.769128
            ],
            [
              5.794098,
              43.769559
            ],
            [
              5.795052,
              43.770029
            ],
            [
              5.796012,
              43.770567
            ],
            [
              5.796801,
              43.771044
            ],
            [
              5.797755,
              43.771671
            ],
            [
              5.799032,
              43.772608
            ],
            [
              5.800121,
              43.773532
            ],
            [
              5.800894,
              43.774275
            ],
            [
              5.801582,
              43.774992
            ],
            [
              5.802459,
              43.775993
            ],
            [
              5.803008,
              43.776711
            ],
            [
              5.803493,
              43.777403
            ],
            [
              5.803932,
              43.778096
            ],
            [
              5.804347,
              43.778828
            ],
            [
              5.804689,
              43.779522
            ],
            [
              5.805722,
              43.781801
            ],
            [
              5.806759,
              43.784088
            ],
            [
              5.808161,
              43.787223
            ],
            [
              5.809555,
              43.790341
            ],
            [
              5.812663,
              43.795682
            ],
            [
              5.818574,
              43.802465
            ],
            [
              5.818921,
              43.802785
            ],
            [
              5.819233,
              43.803208
            ],
            [
              5.819491,
              43.803803
            ],
            [
              5.819587,
              43.804457
            ],
            [
              5.821784,
              43.812235
            ],
            [
              5.822688,
              43.813286
            ],
            [
              5.823493,
              43.814055
            ],
            [
              5.824264,
              43.814726
            ],
            [
              5.824917,
              43.815248
            ],
            [
              5.825664,
              43.815767
            ],
            [
              5.827169,
              43.81674
            ],
            [
              5.829424,
              43.818038
            ],
            [
              5.832691,
              43.819891
            ],
            [
              5.835984,
              43.821759
            ],
            [
              5.836785,
              43.822233
            ],
            [
              5.83756,
              43.822739
            ],
            [
              5.838651,
              43.823573
            ],
            [
              5.839603,
              43.824373
            ],
            [
              5.840379,
              43.8251
            ],
            [
              5.841162,
              43.825892
            ],
            [
              5.841997,
              43.826806
            ],
            [
              5.843128,
              43.828167
            ],
            [
              5.843767,
              43.829025
            ],
            [
              5.8446,
              43.830255
            ],
            [
              5.845183,
              43.831201
            ],
            [
              5.845755,
              43.832256
            ],
            [
              5.848947,
              43.838131
            ],
            [
              5.84588,
              43.840016
            ],
            [
              5.845172,
              43.838863
            ],
            [
              5.844418,
              43.83754
            ],
            [
              5.844052,
              43.836861
            ],
            [
              5.842543,
              43.833882
            ],
            [
              5.840789,
              43.831049
            ],
            [
              5.840243,
              43.830321
            ],
            [
              5.834157,
              43.824861
            ],
            [
              5.830915,
              43.823022
            ],
            [
              5.827648,
              43.821169
            ],
            [
              5.825374,
              43.81986
            ],
            [
              5.823713,
              43.818792
            ],
            [
              5.822865,
              43.818205
            ],
            [
              5.822031,
              43.81755
            ],
            [
              5.821133,
              43.816774
            ],
            [
              5.820207,
              43.815895
            ],
            [
              5.819067,
              43.814597
            ],
            [
              5.811325,
              43.812569
            ],
            [
              5.809808,
              43.810466
            ],
            [
              5.809562,
              43.809395
            ],
            [
              5.809571,
              43.809285
            ],
            [
              5.81082,
              43.808143
            ],
            [
              5.811164,
              43.799729
            ],
            [
              5.809758,
              43.797808
            ],
            [
              5.808808,
              43.796462
            ],
            [
              5.80789,
              43.79504
            ],
            [
              5.807448,
              43.794266
            ],
            [
              5.806817,
              43.793003
            ],
            [
              5.806284,
              43.791844
            ],
            [
              5.804874,
              43.788692
            ],
            [
              5.803473,
              43.785557
            ],
            [
              5.802443,
              43.783287
            ],
            [
              5.80141,
              43.781009
            ],
            [
              5.795635,
              43.77458
            ],
            [
              5.794829,
              43.774056
            ],
            [
              5.794154,
              43.77365
            ],
            [
              5.792515,
              43.772792
            ],
            [
              5.791655,
              43.772394
            ],
            [
              5.789053,
              43.771254
            ],
            [
              5.786417,
              43.770098
            ],
            [
              5.78394,
              43.769018
            ],
            [
              5.78303,
              43.768569
            ],
            [
              5.782129,
              43.768047
            ],
            [
              5.781445,
              43.767587
            ],
            [
              5.780835,
              43.767122
            ],
            [
              5.780427,
              43.766777
            ],
            [
              5.779699,
              43.766076
            ],
            [
              5.779309,
              43.765639
            ],
            [
              5.778751,
              43.764939
            ],
            [
              5.778234,
              43.764229
            ],
            [
              5.772557,
              43.758132
            ],
            [
              5.769548,
              43.75529
            ],
            [
              5.766539,
              43.752447
            ],
            [
              5.76353,
              43.749605
            ],
            [
              5.760521,
              43.746762
            ],
            [
              5.757512,
              43.74392
            ],
            [
              5.750852,
              43.738105
            ],
            [
              5.747984,
              43.735776
            ],
            [
              5.745116,
              43.733447
            ],
            [
              5.742248,
              43.731117
            ],
            [
              5.741018,
              43.730093
            ],
            [
              5.740224,
              43.729383
            ],
            [
              5.739473,
              43.728666
            ],
            [
              5.738858,
              43.728022
            ],
            [
              5.7383,
              43.727402
            ],
            [
              5.737802,
              43.726765
            ],
            [
              5.737387,
              43.72619
            ],
            [
              5.737017,
              43.725615
            ],
            [
              5.736412,
              43.724504
            ],
            [
              5.736134,
              43.723907
            ],
            [
              5.735921,
              43.723382
            ],
            [
              5.735591,
              43.722371
            ],
            [
              5.735402,
              43.721603
            ],
            [
              5.735288,
              43.720996
            ],
            [
              5.735108,
              43.719724
            ],
            [
              5.734725,
              43.71575
            ],
            [
              5.734546,
              43.714204
            ],
            [
              5.734421,
              43.713482
            ],
            [
              5.733437,
              43.710873
            ],
            [
              5.72811,
              43.706625
            ],
            [
              5.72765,
              43.70641
            ],
            [
              5.72711,
              43.706019
            ],
            [
              5.726673,
              43.705483
            ],
            [
              5.726378,
              43.704754
            ],
            [
              5.721733,
              43.697232
            ],
            [
              5.72141,
              43.696896
            ],
            [
              5.72005,
              43.695525
            ],
            [
              5.718819,
              43.69436
            ],
            [
              5.71132,
              43.691
            ],
            [
              5.710485,
              43.690923
            ],
            [
              5.709491,
              43.690871
            ],
            [
              5.708906,
              43.690862
            ],
            [
              5.707675,
              43.690892
            ],
            [
              5.70476,
              43.691078
            ],
            [
              5.701848,
              43.691264
            ],
            [
              5.698228,
              43.691502
            ],
            [
              5.694608,
              43.691741
            ],
            [
              5.690988,
              43.691979
            ],
            [
              5.68503,
              43.692532
            ],
            [
              5.68227,
              43.692851
            ],
            [
              5.681393,
              43.692955
            ],
            [
              5.680458,
              43.693029
            ],
            [
              5.679728,
              43.693052
            ],
            [
              5.678804,
              43.693026
            ],
            [
              5.677973,
              43.692951
            ],
            [
              5.671237,
              43.692216
            ],
            [
              5.670783,
              43.692158
            ],
            [
              5.670414,
              43.692058
            ],
            [
              5.668473,
              43.691354
            ],
            [
              5.665743,
              43.690221
            ],
            [
              5.660141,
              43.687953
            ],
            [
              5.659044,
              43.687534
            ],
            [
              5.6586,
              43.687334
            ],
            [
              5.657711,
              43.686873
            ],
            [
              5.656905,
              43.686392
            ],
            [
              5.655857,
              43.685648
            ],
            [
              5.655375,
              43.685247
            ],
            [
              5.654933,
              43.684836
            ],
            [
              5.654242,
              43.684096
            ],
            [
              5.652725,
              43.682127
            ],
            [
              5.651079,
              43.679865
            ],
            [
              5.649929,
              43.678312
            ],
            [
              5.644268,
              43.673219
            ],
            [
              5.640503,
              43.671279
            ],
            [
              5.636737,
              43.669339
            ],
            [
              5.632971,
              43.667399
            ],
            [
              5.62825,
              43.664962
            ],
            [
              5.62546,
              43.663525
            ],
            [
              5.62267,
              43.662088
            ],
            [
              5.620356,
              43.660773
            ],
            [
              5.618975,
              43.660117
            ],
            [
              5.617737,
              43.659602
            ],
            [
              5.617053,
              43.659347
            ],
            [
              5.615666,
              43.65889
            ],
            [
              5.613475,
              43.658304
            ],
            [
              5.612237,
              43.658047
            ],
            [
              5.611287,
              43.657887
            ],
            [
              5.610515,
              43.65778
            ],
            [
              5.609372,
              43.65765
            ],
            [
              5.606781,
              43.657522
            ],
            [
              5.605496,
              43.657522
            ],
            [
              5.604066,
              43.657588
            ],
            [
              5.602654,
              43.657714
            ],
            [
              5.601141,
              43.657887
            ],
            [
              5.599364,
              43.658149
            ],
            [
              5.597529,
              43.658419
            ],
            [
              5.595673,
              43.658717
            ],
            [
              5.593795,
              43.659018
            ],
            [
              5.59121,
              43.659401
            ],
            [
              5.589442,
              43.659638
            ],
            [
              5.582725,
              43.664377
            ],
            [
              5.582298,
              43.664516
            ],
            [
              5.581591,
              43.664693
            ],
            [
              5.580637,
              43.664804
            ],
            [
              5.580133,
              43.66483
            ],
            [
              5.577919,
              43.66504
            ],
            [
              5.576752,
              43.665212
            ],
            [
              5.575379,
              43.665235
            ],
            [
              5.570854,
              43.666239
            ],
            [
              5.568408,
              43.667027
            ],
            [
              5.567385,
              43.667409
            ],
            [
              5.565973,
              43.667944
            ],
            [
              5.565242,
              43.668248
            ],
            [
              5.564231,
              43.668756
            ],
            [
              5.563862,
              43.66894
            ],
            [
              5.561839,
              43.670388
            ],
            [
              5.561276,
              43.670976
            ],
            [
              5.56042,
              43.671714
            ],
            [
              5.559544,
              43.672825
            ],
            [
              5.558249,
              43.681203
            ],
            [
              5.566023,
              43.682703
            ],
            [
              5.566608,
              43.682932
            ],
            [
              5.569039,
              43.68494
            ],
            [
              5.571645,
              43.689839
            ],
            [
              5.57709,
              43.692145
            ],
            [
              5.578368,
              43.695511
            ],
            [
              5.584456,
              43.699625
            ],
            [
              5.584437,
              43.703225
            ],
            [
              5.582983,
              43.703654
            ],
            [
              5.58251,
              43.703797
            ],
            [
              5.582018,
              43.703886
            ],
            [
              5.581558,
              43.703919
            ],
            [
              5.578726,
              43.703907
            ],
            [
              5.578354,
              43.703892
            ],
            [
              5.572261,
              43.707394
            ],
            [
              5.573547,
              43.714727
            ],
            [
              5.574385,
              43.716119
            ],
            [
              5.574387,
              43.716784
            ],
            [
              5.574264,
              43.718254
            ],
            [
              5.570745,
              43.722772
            ],
            [
              5.572963,
              43.727608
            ],
            [
              5.574561,
              43.728787
            ],
            [
              5.574606,
              43.728899
            ],
            [
              5.573674,
              43.731137
            ],
            [
              5.571097,
              43.732194
            ],
            [
              5.565321,
              43.733496
            ],
            [
              5.564664,
              43.733554
            ],
            [
              5.558609,
              43.733501
            ],
            [
              5.553129,
              43.734124
            ],
            [
              5.545744,
              43.732068
            ],
            [
              5.541562,
              43.733475
            ],
            [
              5.541263,
              43.733651
            ],
            [
              5.54076,
              43.733854
            ],
            [
              5.539434,
              43.734417
            ],
            [
              5.538123,
              43.734316
            ],
            [
              5.534004,
              43.735072
            ],
            [
              5.529213,
              43.740777
            ],
            [
              5.525802,
              43.740966
            ],
            [
              5.520224,
              43.740939
            ],
            [
              5.514114,
              43.7454
            ],
            [
              5.513541,
              43.74628
            ],
            [
              5.510518,
              43.754118
            ],
            [
              5.51033,
              43.755486
            ],
            [
              5.509075,
              43.757416
            ],
            [
              5.505462,
              43.759364
            ],
            [
              5.504325,
              43.759597
            ],
            [
              5.502006,
              43.759639
            ],
            [
              5.500353,
              43.758028
            ],
            [
              5.499123,
              43.75653
            ],
            [
              5.496572,
              43.75307
            ],
            [
              5.491448,
              43.750329
            ],
            [
              5.485448,
              43.750795
            ],
            [
              5.484404,
              43.751234
            ],
            [
              5.482954,
              43.750044
            ],
            [
              5.474992,
              43.746931
            ],
            [
              5.470985,
              43.747558
            ],
            [
              5.470837,
              43.747594
            ],
            [
              5.464502,
              43.742192
            ],
            [
              5.462195,
              43.742927
            ],
            [
              5.45688,
              43.744305
            ],
            [
              5.450255,
              43.746591
            ],
            [
              5.446793,
              43.745602
            ],
            [
              5.441969,
              43.750849
            ],
            [
              5.441287,
              43.754241
            ],
            [
              5.440953,
              43.756219
            ],
            [
              5.440917,
              43.756434
            ],
            [
              5.439137,
              43.757719
            ],
            [
              5.439047,
              43.757717
            ],
            [
              5.437367,
              43.755836
            ],
            [
              5.437403,
              43.75562
            ],
            [
              5.437568,
              43.752623
            ],
            [
              5.431205,
              43.7476
            ],
            [
              5.429556,
              43.747959
            ],
            [
              5.428862,
              43.748146
            ],
            [
              5.427732,
              43.748547
            ],
            [
              5.419575,
              43.747724
            ],
            [
              5.414412,
              43.748656
            ],
            [
              5.413363,
              43.745212
            ],
            [
              5.413666,
              43.74512
            ],
            [
              5.415205,
              43.744593
            ],
            [
              5.415766,
              43.744439
            ],
            [
              5.420551,
              43.743164
            ],
            [
              5.42496,
              43.740774
            ],
            [
              5.425457,
              43.740412
            ],
            [
              5.43005,
              43.737465
            ],
            [
              5.431886,
              43.734669
            ],
            [
              5.429766,
              43.727359
            ],
            [
              5.424876,
              43.724235
            ],
            [
              5.423863,
              43.724059
            ],
            [
              5.422552,
              43.724001
            ],
            [
              5.418437,
              43.725056
            ],
            [
              5.41519,
              43.726611
            ],
            [
              5.412813,
              43.726894
            ],
            [
              5.406325,
              43.732586
            ],
            [
              5.402837,
              43.733478
            ],
            [
              5.401089,
              43.732295
            ],
            [
              5.398587,
              43.729707
            ],
            [
              5.391535,
              43.733258
            ],
            [
              5.390802,
              43.736263
            ],
            [
              5.390584,
              43.737063
            ],
            [
              5.389892,
              43.737669
            ],
            [
              5.389569,
              43.737837
            ],
            [
              5.388994,
              43.738068
            ],
            [
              5.384198,
              43.738473
            ],
            [
              5.375954,
              43.737251
            ],
            [
              5.374961,
              43.736986
            ],
            [
              5.37414,
              43.736364
            ],
            [
              5.373622,
              43.735983
            ],
            [
              5.36555,
              43.732274
            ],
            [
              5.36468,
              43.728781
            ],
            [
              5.368742,
              43.72522
            ],
            [
              5.369451,
              43.723129
            ],
            [
              5.366447,
              43.716438
            ],
            [
              5.361658,
              43.716609
            ],
            [
              5.35616,
              43.714205
            ],
            [
              5.34858,
              43.715376
            ],
            [
              5.344158,
              43.717439
            ],
            [
              5.343546,
              43.717896
            ],
            [
              5.343169,
              43.718045
            ],
            [
              5.341844,
              43.718478
            ],
            [
              5.338021,
              43.720318
            ],
            [
              5.33605,
              43.721658
            ],
            [
              5.334945,
              43.722305
            ],
            [
              5.333794,
              43.722937
            ],
            [
              5.332877,
              43.723435
            ],
            [
              5.332453,
              43.723648
            ],
            [
              5.327052,
              43.725707
            ],
            [
              5.323807,
              43.726103
            ],
            [
              5.323379,
              43.72615
            ],
            [
              5.322918,
              43.72618
            ],
            [
              5.322434,
              43.726187
            ],
            [
              5.321665,
              43.726157
            ],
            [
              5.319844,
              43.726036
            ],
            [
              5.312549,
              43.727052
            ],
            [
              5.312221,
              43.726994
            ],
            [
              5.312207,
              43.726991
            ],
            [
              5.312054,
              43.726963
            ],
            [
              5.305395,
              43.724466
            ],
            [
              5.304936,
              43.724355
            ],
            [
              5.304699,
              43.724283
            ],
            [
              5.305757,
              43.720842
            ],
            [
              5.31127,
              43.719611
            ],
            [
              5.315159,
              43.713974
            ],
            [
              5.316723,
              43.712358
            ],
            [
              5.318091,
              43.712279
            ],
            [
              5.323253,
              43.711233
            ],
            [
              5.32574,
              43.709548
            ],
            [
              5.326986,
              43.701375
            ],
            [
              5.322231,
              43.69739
            ],
            [
              5.320235,
              43.696746
            ],
            [
              5.319657,
              43.696587
            ],
            [
              5.313161,
              43.695041
            ],
            [
              5.312074,
              43.694742
            ],
            [
              5.311624,
              43.694452
            ],
            [
              5.305268,
              43.691809
            ],
            [
              5.303507,
              43.69134
            ],
            [
              5.303199,
              43.689754
            ],
            [
              5.299956,
              43.685681
            ],
            [
              5.292642,
              43.686569
            ],
            [
              5.293902,
              43.693635
            ],
            [
              5.293454,
              43.695195
            ],
            [
              5.293396,
              43.695258
            ],
            [
              5.288922,
              43.699695
            ],
            [
              5.28881,
              43.70337
            ],
            [
              5.288887,
              43.703924
            ],
            [
              5.28899,
              43.704532
            ],
            [
              5.28894,
              43.705331
            ],
            [
              5.28876,
              43.705964
            ],
            [
              5.288495,
              43.706713
            ],
            [
              5.285102,
              43.705511
            ],
            [
              5.284094,
              43.699966
            ],
            [
              5.283657,
              43.69909
            ],
            [
              5.279881,
              43.694432
            ],
            [
              5.274671,
              43.69375
            ],
            [
              5.272992,
              43.693556
            ],
            [
              5.272695,
              43.693311
            ],
            [
              5.271393,
              43.692263
            ],
            [
              5.269849,
              43.689215
            ],
            [
              5.270242,
              43.688943
            ],
            [
              5.271714,
              43.682702
            ],
            [
              5.264724,
              43.680721
            ],
            [
              5.264489,
              43.680824
            ],
            [
              5.264186,
              43.680893
            ],
            [
              5.263247,
              43.681035
            ],
            [
              5.262837,
              43.680985
            ],
            [
              5.262147,
              43.680722
            ],
            [
              5.262133,
              43.680712
            ],
            [
              5.253691,
              43.683612
            ],
            [
              5.253862,
              43.684484
            ],
            [
              5.25324,
              43.687458
            ],
            [
              5.253351,
              43.688595
            ],
            [
              5.253247,
              43.689314
            ],
            [
              5.254072,
              43.697549
            ],
            [
              5.254654,
              43.698291
            ],
            [
              5.254843,
              43.699868
            ],
            [
              5.253673,
              43.702005
            ],
            [
              5.251314,
              43.70306
            ],
            [
              5.250578,
              43.703087
            ],
            [
              5.246517,
              43.710649
            ],
            [
              5.251927,
              43.712784
            ],
            [
              5.252305,
              43.712749
            ],
            [
              5.25271,
              43.712735
            ],
            [
              5.254,
              43.712734
            ],
            [
              5.25455,
              43.712794
            ],
            [
              5.254803,
              43.712839
            ],
            [
              5.258868,
              43.715777
            ],
            [
              5.262402,
              43.717227
            ],
            [
              5.267738,
              43.718108
            ],
            [
              5.270641,
              43.718742
            ],
            [
              5.273545,
              43.719376
            ],
            [
              5.275632,
              43.720246
            ],
            [
              5.279893,
              43.720748
            ],
            [
              5.280463,
              43.720715
            ],
            [
              5.283506,
              43.720021
            ],
            [
              5.283563,
              43.720008
            ],
            [
              5.285631,
              43.721258
            ],
            [
              5.290828,
              43.722704
            ],
            [
              5.292219,
              43.722558
            ],
            [
              5.292838,
              43.722517
            ],
            [
              5.293856,
              43.72249
            ],
            [
              5.294721,
              43.722508
            ],
            [
              5.294646,
              43.726107
            ],
            [
              5.289356,
              43.727474
            ],
            [
              5.285913,
              43.728527
            ],
            [
              5.278683,
              43.731042
            ],
            [
              5.277293,
              43.731668
            ],
            [
              5.276928,
              43.731669
            ],
            [
              5.276239,
              43.731582
            ],
            [
              5.274757,
              43.731229
            ],
            [
              5.267587,
              43.734543
            ],
            [
              5.264272,
              43.736743
            ],
            [
              5.258411,
              43.740477
            ],
            [
              5.257646,
              43.740838
            ],
            [
              5.257193,
              43.741049
            ],
            [
              5.257015,
              43.74109
            ],
            [
              5.256567,
              43.740985
            ],
            [
              5.253119,
              43.740899
            ],
            [
              5.25167,
              43.741075
            ],
            [
              5.250659,
              43.741285
            ],
            [
              5.24995,
              43.741448
            ],
            [
              5.248178,
              43.741443
            ],
            [
              5.24284,
              43.744562
            ],
            [
              5.247781,
              43.75155
            ],
            [
              5.251881,
              43.751041
            ],
            [
              5.25419,
              43.750757
            ],
            [
              5.256428,
              43.750484
            ],
            [
              5.256959,
              43.750401
            ],
            [
              5.257634,
              43.750337
            ],
            [
              5.257975,
              43.753921
            ],
            [
              5.257009,
              43.754036
            ],
            [
              5.250509,
              43.756404
            ],
            [
              5.247501,
              43.759384
            ],
            [
              5.247025,
              43.759854
            ],
            [
              5.24642,
              43.760157
            ],
            [
              5.245605,
              43.76039
            ],
            [
              5.239238,
              43.761169
            ],
            [
              5.237301,
              43.761301
            ],
            [
              5.236757,
              43.761249
            ],
            [
              5.236235,
              43.761188
            ],
            [
              5.229241,
              43.758796
            ],
            [
              5.220797,
              43.760764
            ],
            [
              5.214521,
              43.759468
            ],
            [
              5.210019,
              43.76084
            ],
            [
              5.208068,
              43.761639
            ],
            [
              5.203998,
              43.763074
            ],
            [
              5.201839,
              43.768876
            ],
            [
              5.200459,
              43.772187
            ],
            [
              5.198728,
              43.773724
            ],
            [
              5.19042,
              43.772904
            ],
            [
              5.190341,
              43.772709
            ],
            [
              5.190218,
              43.772237
            ],
            [
              5.190276,
              43.771395
            ],
            [
              5.190541,
              43.770893
            ],
            [
              5.190737,
              43.770491
            ],
            [
              5.190876,
              43.770296
            ],
            [
              5.191162,
              43.769839
            ],
            [
              5.191956,
              43.769237
            ],
            [
              5.19192,
              43.76202
            ],
            [
              5.187279,
              43.761301
            ],
            [
              5.186179,
              43.761497
            ],
            [
              5.183596,
              43.762203
            ],
            [
              5.183134,
              43.762167
            ],
            [
              5.178178,
              43.762692
            ],
            [
              5.177662,
              43.762859
            ],
            [
              5.176619,
              43.763215
            ],
            [
              5.175846,
              43.763319
            ],
            [
              5.174777,
              43.762929
            ],
            [
              5.170141,
              43.757901
            ],
            [
              5.16745,
              43.756861
            ],
            [
              5.161301,
              43.757378
            ],
            [
              5.15878,
              43.761557
            ],
            [
              5.158597,
              43.762843
            ],
            [
              5.158339,
              43.763391
            ],
            [
              5.156493,
              43.766218
            ],
            [
              5.156067,
              43.766095
            ],
            [
              5.155052,
              43.76568
            ],
            [
              5.147517,
              43.763857
            ],
            [
              5.145185,
              43.764179
            ],
            [
              5.137685,
              43.768966
            ],
            [
              5.137519,
              43.769489
            ],
            [
              5.137462,
              43.769605
            ],
            [
              5.134792,
              43.768863
            ],
            [
              5.134122,
              43.768654
            ],
            [
              5.125862,
              43.77079
            ],
            [
              5.119198,
              43.77216
            ],
            [
              5.116416,
              43.774767
            ],
            [
              5.109561,
              43.779096
            ],
            [
              5.107087,
              43.781388
            ],
            [
              5.106601,
              43.78152
            ],
            [
              5.103574,
              43.7826
            ],
            [
              5.102177,
              43.783239
            ],
            [
              5.101429,
              43.783533
            ],
            [
              5.100917,
              43.783662
            ],
            [
              5.100369,
              43.783743
            ],
            [
              5.098078,
              43.784359
            ],
            [
              5.097747,
              43.784503
            ],
            [
              5.097667,
              43.784534
            ],
            [
              5.094877,
              43.784895
            ],
            [
              5.091235,
              43.791542
            ],
            [
              5.093614,
              43.796061
            ],
            [
              5.09384,
              43.796523
            ],
            [
              5.094033,
              43.797202
            ],
            [
              5.094089,
              43.797748
            ],
            [
              5.094154,
              43.798223
            ],
            [
              5.093973,
              43.79873
            ],
            [
              5.093718,
              43.799418
            ],
            [
              5.093394,
              43.799928
            ],
            [
              5.093006,
              43.800326
            ],
            [
              5.09262,
              43.800602
            ],
            [
              5.089963,
              43.807342
            ],
            [
              5.091487,
              43.810142
            ],
            [
              5.09131,
              43.810279
            ],
            [
              5.089529,
              43.818689
            ],
            [
              5.089937,
              43.819199
            ],
            [
              5.090486,
              43.820125
            ],
            [
              5.090823,
              43.821086
            ],
            [
              5.090892,
              43.821975
            ],
            [
              5.090471,
              43.822984
            ],
            [
              5.094082,
              43.830741
            ],
            [
              5.095387,
              43.831734
            ],
            [
              5.096406,
              43.833154
            ],
            [
              5.098119,
              43.835453
            ],
            [
              5.099385,
              43.840271
            ],
            [
              5.099051,
              43.843856
            ],
            [
              5.095848,
              43.84442
            ],
            [
              5.087181,
              43.846475
            ],
            [
              5.081441,
              43.85046
            ],
            [
              5.07978,
              43.849816
            ],
            [
              5.079194,
              43.849371
            ],
            [
              5.077259,
              43.848287
            ],
            [
              5.068911,
              43.848547
            ],
            [
              5.066266,
              43.851927
            ],
            [
              5.065058,
              43.852128
            ],
            [
              5.064536,
              43.852179
            ],
            [
              5.056713,
              43.856408
            ],
            [
              5.054607,
              43.859328
            ],
            [
              5.053943,
              43.858849
            ],
            [
              5.053515,
              43.858501
            ],
            [
              5.048922,
              43.855858
            ],
            [
              5.048805,
              43.855759
            ],
            [
              5.041578,
              43.85315
            ],
            [
              5.039065,
              43.855595
            ],
            [
              5.037437,
              43.85593
            ],
            [
              5.031944,
              43.857612
            ],
            [
              5.030932,
              43.857795
            ],
            [
              5.030716,
              43.857753
            ],
            [
              5.024909,
              43.857828
            ],
            [
              5.019715,
              43.860124
            ],
            [
              5.017461,
              43.860627
            ],
            [
              5.010674,
              43.860668
            ],
            [
              5.007963,
              43.863549
            ],
            [
              5.00527,
              43.864496
            ],
            [
              4.998517,
              43.866499
            ],
            [
              4.996379,
              43.865769
            ],
            [
              4.996216,
              43.865441
            ],
            [
              4.996171,
              43.865249
            ],
            [
              4.996288,
              43.863672
            ],
            [
              4.99781,
              43.856736
            ],
            [
              4.997785,
              43.856626
            ],
            [
              4.995822,
              43.852886
            ],
            [
              4.989859,
              43.85225
            ],
            [
              4.989091,
              43.852674
            ],
            [
              4.989065,
              43.852684
            ],
            [
              4.986554,
              43.854262
            ],
            [
              4.98495,
              43.855461
            ],
            [
              4.982775,
              43.85696
            ],
            [
              4.98112,
              43.858797
            ],
            [
              4.980945,
              43.859069
            ],
            [
              4.976496,
              43.862119
            ],
            [
              4.975102,
              43.863617
            ],
            [
              4.973464,
              43.86519
            ],
            [
              4.971417,
              43.867489
            ],
            [
              4.969674,
              43.868157
            ],
            [
              4.969104,
              43.868449
            ],
            [
              4.967661,
              43.868959
            ],
            [
              4.966435,
              43.869508
            ],
            [
              4.963755,
              43.870614
            ],
            [
              4.960894,
              43.871765
            ],
            [
              4.963035,
              43.880355
            ],
            [
              4.96385,
              43.880602
            ],
            [
              4.962808,
              43.884047
            ],
            [
              4.961992,
              43.883801
            ],
            [
              4.9537,
              43.88652
            ],
            [
              4.951182,
              43.889307
            ],
            [
              4.946765,
              43.895243
            ],
            [
              4.945985,
              43.895613
            ],
            [
              4.942476,
              43.897393
            ],
            [
              4.941975,
              43.897586
            ],
            [
              4.941466,
              43.897715
            ],
            [
              4.937419,
              43.894737
            ],
            [
              4.935412,
              43.893796
            ],
            [
              4.927984,
              43.89767
            ],
            [
              4.925388,
              43.899768
            ],
            [
              4.923003,
              43.899857
            ],
            [
              4.917317,
              43.905446
            ],
            [
              4.916151,
              43.912817
            ],
            [
              4.916302,
              43.913531
            ],
            [
              4.916398,
              43.914226
            ],
            [
              4.916429,
              43.91489
            ],
            [
              4.916406,
              43.91555
            ],
            [
              4.916303,
              43.91658
            ],
            [
              4.915903,
              43.920015
            ],
            [
              4.915504,
              43.923451
            ],
            [
              4.915105,
              43.926886
            ],
            [
              4.914705,
              43.930321
            ],
            [
              4.914306,
              43.933756
            ],
            [
              4.913907,
              43.937185
            ],
            [
              4.913405,
              43.941626
            ],
            [
              4.912896,
              43.94613
            ],
            [
              4.912793,
              43.946779
            ],
            [
              4.912634,
              43.947423
            ],
            [
              4.912448,
              43.947972
            ],
            [
              4.912239,
              43.948506
            ],
            [
              4.912013,
              43.948996
            ],
            [
              4.911685,
              43.949629
            ],
            [
              4.911152,
              43.950494
            ],
            [
              4.90997,
              43.952277
            ],
            [
              4.908801,
              43.95404
            ],
            [
              4.907216,
              43.9565
            ],
            [
              4.905626,
              43.958967
            ],
            [
              4.904136,
              43.961254
            ],
            [
              4.902646,
              43.963541
            ],
            [
              4.901156,
              43.965827
            ],
            [
              4.89827,
              43.971669
            ],
            [
              4.896847,
              43.979417
            ],
            [
              4.896806,
              43.980172
            ],
            [
              4.896528,
              43.980916
            ],
            [
              4.896088,
              43.981472
            ],
            [
              4.891785,
              43.988295
            ],
            [
              4.891406,
              43.989126
            ],
            [
              4.890236,
              43.992029
            ],
            [
              4.889234,
              43.997347
            ],
            [
              4.890159,
              44.001459
            ],
            [
              4.891133,
              44.005771
            ],
            [
              4.891555,
              44.007551
            ],
            [
              4.891694,
              44.008218
            ],
            [
              4.892301,
              44.010941
            ],
            [
              4.892408,
              44.011922
            ],
            [
              4.89239,
              44.013102
            ],
            [
              4.892208,
              44.014409
            ],
            [
              4.891525,
              44.01773
            ],
            [
              4.887998,
              44.017005
            ],
            [
              4.888031,
              44.008287
            ]
          ]
        ],
        "type": "Polygon"
      }
    }
  ],
  "metadata": {
    "duration_minutes": 60,
    "station_type": "Bureau",
    "generated_at": "2025-12-04T14:13:39.721224",
    "total_features": 3
  }
}